2026-07-17 08:24:06,270 [INFO] MainUpdater:2872 - connection check result : 22
2026-07-17 08:24:06,293 [INFO] MainUpdater:2872 - connection check result : 22
2026-07-17 08:24:06,402 [ERROR] LogOutputStream:75 - [STDERR_REDIRECT] [Fatal Error] :1:1: Premature end of file.
2026-07-17 08:24:06,402 [ERROR] LogOutputStream:75 - [STDERR_REDIRECT] 
2026-07-17 08:24:07,397 [ERROR] LogOutputStream:75 - [STDERR_REDIRECT] [Fatal Error] :1:1: Premature end of file.
2026-07-17 08:24:07,397 [ERROR] LogOutputStream:75 - [STDERR_REDIRECT] 
2026-07-17 08:24:08,408 [ERROR] LogOutputStream:75 - [STDERR_REDIRECT] [Fatal Error] :1:1: Premature end of file.
2026-07-17 08:24:08,408 [ERROR] LogOutputStream:75 - [STDERR_REDIRECT] 
2026-07-17 08:24:09,396 [ERROR] LogOutputStream:75 - [STDERR_REDIRECT] [Fatal Error] :1:1: Premature end of file.
2026-07-17 08:24:09,397 [ERROR] LogOutputStream:75 - [STDERR_REDIRECT] 
2026-07-17 08:24:10,274 [INFO] MainUpdater:2872 - connection check result : 22
2026-07-17 08:24:10,446 [ERROR] LogOutputStream:75 - [STDERR_REDIRECT] [Fatal Error] :1:1: Premature end of file.
2026-07-17 08:24:10,446 [ERROR] LogOutputStream:75 - [STDERR_REDIRECT] 
2026-07-17 08:24:11,411 [ERROR] LogOutputStream:75 - [STDERR_REDIRECT] [Fatal Error] :1:1: Premature end of file.
2026-07-17 08:24:11,411 [ERROR] LogOutputStream:75 - [STDERR_REDIRECT] 
2026-07-17 08:24:12,410 [ERROR] LogOutputStream:75 - [STDERR_REDIRECT] [Fatal Error] :1:1: Premature end of file.
2026-07-17 08:24:12,410 [ERROR] LogOutputStream:75 - [STDERR_REDIRECT] 
2026-07-17 08:24:13,420 [ERROR] LogOutputStream:75 - [STDERR_REDIRECT] [Fatal Error] :1:1: Premature end of file.
2026-07-17 08:24:13,420 [ERROR] LogOutputStream:75 - [STDERR_REDIRECT] 
2026-07-17 08:24:13,717 [INFO] MicroXplorer:468 - Change Database Path : 
2026-07-17 08:24:13,718 [INFO] MicroXplorer:498 - Change Database Version : DB.6.0.150
2026-07-17 08:24:13,778 [ERROR] ProjectManagerView:395 - 
java.lang.NullPointerException: Cannot invoke "javax.swing.JTextField.getText()" because the return value of "java.util.List.get(int)" is null
	at com.st.microxplorer.plugins.projectmanager.gui.ProjectChoiceTab$9.caretUpdate(ProjectChoiceTab.java:2706) ~[filemanager.jar:?]
	at javax.swing.text.JTextComponent.fireCaretUpdate(JTextComponent.java:408) ~[?:?]
	at javax.swing.text.JTextComponent$MutableCaretEvent.fire(JTextComponent.java:4484) ~[?:?]
	at javax.swing.text.JTextComponent$MutableCaretEvent.stateChanged(JTextComponent.java:4506) ~[?:?]
	at javax.swing.text.DefaultCaret.fireStateChanged(DefaultCaret.java:857) ~[?:?]
	at javax.swing.text.DefaultCaret.changeCaretPosition(DefaultCaret.java:1343) ~[?:?]
	at javax.swing.text.DefaultCaret.handleSetDot(DefaultCaret.java:1242) ~[?:?]
	at javax.swing.text.DefaultCaret.setDot(DefaultCaret.java:1223) ~[?:?]
	at javax.swing.text.DefaultCaret$Handler.insertUpdate(DefaultCaret.java:1819) ~[?:?]
	at javax.swing.text.AbstractDocument.fireInsertUpdate(AbstractDocument.java:227) ~[?:?]
	at javax.swing.text.AbstractDocument.handleInsertString(AbstractDocument.java:781) ~[?:?]
	at javax.swing.text.AbstractDocument.insertString(AbstractDocument.java:740) ~[?:?]
	at javax.swing.text.PlainDocument.insertString(PlainDocument.java:131) ~[?:?]
	at javax.swing.text.AbstractDocument.replace(AbstractDocument.java:699) ~[?:?]
	at javax.swing.text.JTextComponent.setText(JTextComponent.java:1725) ~[?:?]
	at com.st.microxplorer.plugins.projectmanager.gui.ProjectChoiceTab.createHeapStackFields(ProjectChoiceTab.java:993) ~[filemanager.jar:?]
	at com.st.microxplorer.plugins.projectmanager.gui.ProjectChoiceTab.buildLinkSettingsPanel(ProjectChoiceTab.java:3813) ~[filemanager.jar:?]
	at com.st.microxplorer.plugins.projectmanager.gui.ProjectChoiceTab.defineWindowsFields(ProjectChoiceTab.java:1987) ~[filemanager.jar:?]
	at com.st.microxplorer.plugins.projectmanager.gui.ProjectChoiceTab.updateSettings(ProjectChoiceTab.java:558) ~[filemanager.jar:?]
	at com.st.microxplorer.plugins.projectmanager.gui.ProjectSettingsPanel.UpdateDialog(ProjectSettingsPanel.java:247) ~[filemanager.jar:?]
	at com.st.microxplorer.plugins.projectmanager.ProjectManagerView.propertyChange(ProjectManagerView.java:392) ~[filemanager.jar:?]
	at java.beans.PropertyChangeSupport.fire(PropertyChangeSupport.java:343) ~[?:?]
	at java.beans.PropertyChangeSupport.firePropertyChange(PropertyChangeSupport.java:335) ~[?:?]
	at java.beans.PropertyChangeSupport.firePropertyChange(PropertyChangeSupport.java:268) ~[?:?]
	at com.st.microxplorer.util.MXPropertyChangeSupport.firePropertyChange(MXPropertyChangeSupport.java:54) ~[STM32CubeMX.jar:?]
	at com.st.microxplorer.mxsystem.MxSystem.closeConfig(MxSystem.java:899) ~[STM32CubeMX.jar:?]
	at com.st.microxplorer.maingui.MainPanel.closeConfig(MainPanel.java:792) ~[STM32CubeMX.jar:?]
	at com.st.microxplorer.plugins.filemanager.engine.OpenFileManager.loadConfigurationFile(OpenFileManager.java:288) ~[filemanager.jar:?]
	at com.st.microxplorer.plugins.filemanager.engine.MainFileManager.userLoadConfig(MainFileManager.java:364) ~[filemanager.jar:?]
	at com.st.microxplorer.plugins.filemanager.engine.MainFileManager.userLoadConfig(MainFileManager.java:342) ~[filemanager.jar:?]
	at com.st.microxplorer.plugins.filemanager.FileManagerView.getSpecificTask(FileManagerView.java:264) ~[filemanager.jar:?]
	at com.st.stm32cube.common.mx.editor.CubeMxEditor.getMxTabbedPaneInstance(CubeMxEditor.java:1198) ~[com.st.stm32cube.common.mx_6.15.0.202507011659/:?]
	at com.st.stm32cube.common.mx.editor.CubeMxEditor$12$1.createSwingComponent(CubeMxEditor.java:1068) ~[com.st.stm32cube.common.mx_6.15.0.202507011659/:?]
	at com.st.stm32cube.common.mx.oss.core.awtswtbridge.EmbeddedSwingComposite.doComponentCreation(EmbeddedSwingComposite.java:492) ~[com.st.stm32cube.common.mx.oss_6.15.0.202507011659/:?]
	at com.st.stm32cube.common.mx.oss.core.awtswtbridge.EmbeddedSwingComposite$4.run(EmbeddedSwingComposite.java:291) ~[com.st.stm32cube.common.mx.oss_6.15.0.202507011659/:?]
	at com.st.stm32cube.common.mx.oss.core.awtswtbridge.AwtEnvironment$2.run(AwtEnvironment.java:166) ~[com.st.stm32cube.common.mx.oss_6.15.0.202507011659/:?]
	at java.awt.event.InvocationEvent.dispatch(InvocationEvent.java:318) ~[?:?]
	at java.awt.EventQueue.dispatchEventImpl(EventQueue.java:773) ~[?:?]
	at java.awt.EventQueue$4.run(EventQueue.java:720) ~[?:?]
	at java.awt.EventQueue$4.run(EventQueue.java:714) ~[?:?]
	at java.security.AccessController.doPrivileged(AccessController.java:400) ~[?:?]
	at java.security.ProtectionDomain$JavaSecurityAccessImpl.doIntersectionPrivilege(ProtectionDomain.java:87) ~[?:?]
	at java.awt.EventQueue.dispatchEvent(EventQueue.java:742) ~[?:?]
	at java.awt.EventDispatchThread.pumpOneEventForFilters(EventDispatchThread.java:203) ~[?:?]
	at java.awt.EventDispatchThread.pumpEventsForFilter(EventDispatchThread.java:124) ~[?:?]
	at java.awt.EventDispatchThread.pumpEventsForHierarchy(EventDispatchThread.java:113) ~[?:?]
	at java.awt.EventDispatchThread.pumpEvents(EventDispatchThread.java:109) ~[?:?]
	at java.awt.EventDispatchThread.pumpEvents(EventDispatchThread.java:101) ~[?:?]
	at java.awt.EventDispatchThread.run(EventDispatchThread.java:90) ~[?:?]
2026-07-17 08:24:13,780 [WARN] ThirdParty:871 - waiting for thirdparty lock release [close project]
2026-07-17 08:24:13,780 [INFO] ThirdParty:873 - entering critical section [close project]
2026-07-17 08:24:13,780 [INFO] ThirdParty:883 - exiting critical section [close project]
2026-07-17 08:24:13,784 [INFO] PinOutPanel:1589 - setPackage(No Configuration,No Configuration)
2026-07-17 08:24:13,806 [WARN] IpParametersView:155 - Warning: This peripheral hasn't parameters
2026-07-17 08:24:13,826 [WARN] MainPanel:289 - <html><b><center>Warning: This peripheral has no parameters to be configured<br></b></html>
2026-07-17 08:24:13,835 [INFO] UtilMem:75 - Begin LoadConfig() Used Memory: 996196480 Bytes (1073741824)
2026-07-17 08:24:13,836 [INFO] MicroXplorer:468 - Change Database Path : 
2026-07-17 08:24:13,836 [INFO] MicroXplorer:498 - Change Database Version : DB.6.0.150
2026-07-17 08:24:13,836 [INFO] OpenFileManager:355 - Change cursor
2026-07-17 08:24:13,890 [INFO] RulesReader:64 - Compatibility file has been processed (317 Rules)
2026-07-17 08:24:13,900 [INFO] Mcu:2029 - Initializing MCU STM32F446R(C-E)Tx STM32F446RETx STM32F446RET6
2026-07-17 08:24:14,406 [ERROR] LogOutputStream:75 - [STDERR_REDIRECT] [Fatal Error] :1:1: Premature end of file.
2026-07-17 08:24:14,407 [ERROR] LogOutputStream:75 - [STDERR_REDIRECT] 
2026-07-17 08:24:15,424 [ERROR] LogOutputStream:75 - [STDERR_REDIRECT] [Fatal Error] :1:1: Premature end of file.
2026-07-17 08:24:15,425 [ERROR] LogOutputStream:75 - [STDERR_REDIRECT] 
2026-07-17 08:24:16,173 [INFO] Context:786 - Trying to add GPIOservice into a context  which must be forbidden
2026-07-17 08:24:16,420 [ERROR] LogOutputStream:75 - [STDERR_REDIRECT] [Fatal Error] :1:1: Premature end of file.
2026-07-17 08:24:16,420 [ERROR] LogOutputStream:75 - [STDERR_REDIRECT] 
2026-07-17 08:24:16,962 [INFO] ImportTextPane:234 - (OptionalMessage_ERROR) Pin14 (VP_RIF_VS_RIF1) cannot be retrieved for this MCU
2026-07-17 08:24:17,053 [INFO] RtosManager:558 - Registered RTOS mode: class=CMSIS, group=RTOS, mode=CMSIS_V1, owner=FREERTOS
2026-07-17 08:24:17,053 [INFO] RtosManager:558 - Registered RTOS mode: class=CMSIS, group=RTOS2, mode=CMSIS_V2, owner=FREERTOS
2026-07-17 08:24:17,053 [INFO] RtosManager:558 - Registered RTOS mode: class=RTOS, group=Core, mode=CMSIS_V1, owner=FREERTOS
2026-07-17 08:24:17,053 [INFO] RtosManager:558 - Registered RTOS mode: class=RTOS, group=Core, mode=CMSIS_V2, owner=FREERTOS
2026-07-17 08:24:17,053 [WARN] ModelIntegratedComponent:184 - Missing modes for component STMicroelectronics:FreeRTOS:0.0.1:STMicroelectronics:RTOS:FreeRTOS:Core:::10.2.0:
2026-07-17 08:24:17,068 [WARN] ModelIntegratedComponent:63 - No mode defined for component null
2026-07-17 08:24:17,069 [WARN] ModelIntegratedComponent:63 - No mode defined for component null
2026-07-17 08:24:17,069 [WARN] ModelIntegratedComponent:63 - No mode defined for component null
2026-07-17 08:24:17,069 [WARN] ModelIntegratedComponent:63 - No mode defined for component null
2026-07-17 08:24:17,069 [WARN] ModelIntegratedComponent:63 - No mode defined for component null
2026-07-17 08:24:17,069 [WARN] ModelIntegratedComponent:63 - No mode defined for component null
2026-07-17 08:24:17,069 [WARN] ModelIntegratedComponent:63 - No mode defined for component null
2026-07-17 08:24:17,069 [WARN] ModelIntegratedComponent:63 - No mode defined for component null
2026-07-17 08:24:17,069 [WARN] ModelIntegratedComponent:63 - No mode defined for component null
2026-07-17 08:24:17,069 [WARN] ModelIntegratedComponent:63 - No mode defined for component null
2026-07-17 08:24:17,069 [WARN] ModelIntegratedComponent:63 - No mode defined for component null
2026-07-17 08:24:17,069 [WARN] ModelIntegratedComponent:63 - No mode defined for component null
2026-07-17 08:24:17,070 [WARN] ModelIntegratedComponent:63 - No mode defined for component null
2026-07-17 08:24:17,070 [WARN] ModelIntegratedComponent:63 - No mode defined for component null
2026-07-17 08:24:17,070 [WARN] ModelIntegratedComponent:63 - No mode defined for component null
2026-07-17 08:24:17,070 [WARN] ModelIntegratedComponent:63 - No mode defined for component null
2026-07-17 08:24:17,070 [WARN] ModelIntegratedComponent:63 - No mode defined for component null
2026-07-17 08:24:17,070 [WARN] ModelIntegratedComponent:63 - No mode defined for component null
2026-07-17 08:24:17,070 [WARN] ModelIntegratedComponent:63 - No mode defined for component null
2026-07-17 08:24:17,070 [WARN] ModelIntegratedComponent:63 - No mode defined for component null
2026-07-17 08:24:17,070 [WARN] ModelIntegratedComponent:63 - No mode defined for component null
2026-07-17 08:24:17,070 [WARN] ModelIntegratedComponent:63 - No mode defined for component null
2026-07-17 08:24:17,070 [WARN] ModelIntegratedComponent:63 - No mode defined for component null
2026-07-17 08:24:17,070 [WARN] ModelIntegratedComponent:63 - No mode defined for component null
2026-07-17 08:24:17,070 [WARN] ModelIntegratedComponent:63 - No mode defined for component null
2026-07-17 08:24:17,071 [WARN] ModelIntegratedComponent:63 - No mode defined for component null
2026-07-17 08:24:17,071 [WARN] ModelIntegratedComponent:63 - No mode defined for component null
2026-07-17 08:24:17,071 [WARN] ModelIntegratedComponent:63 - No mode defined for component null
2026-07-17 08:24:17,071 [WARN] ModelIntegratedComponent:63 - No mode defined for component null
2026-07-17 08:24:17,071 [WARN] ModelIntegratedComponent:63 - No mode defined for component null
2026-07-17 08:24:17,071 [WARN] ModelIntegratedComponent:63 - No mode defined for component null
2026-07-17 08:24:17,071 [WARN] ModelIntegratedComponent:63 - No mode defined for component null
2026-07-17 08:24:17,071 [WARN] ModelIntegratedComponent:63 - No mode defined for component null
2026-07-17 08:24:17,071 [WARN] ModelIntegratedComponent:63 - No mode defined for component null
2026-07-17 08:24:17,071 [WARN] ModelIntegratedComponent:63 - No mode defined for component null
2026-07-17 08:24:17,071 [WARN] ModelPack:524 - Component already loaded: STMicroelectronics:HAL Drivers:0.0.0:STMicroelectronics:Device:STMicro_Driver:XSPI:HAL::0.0.1:HAL_XSPI
2026-07-17 08:24:17,385 [ERROR] LogOutputStream:75 - [STDERR_REDIRECT] [Fatal Error] :1:1: Premature end of file.
2026-07-17 08:24:17,386 [ERROR] LogOutputStream:75 - [STDERR_REDIRECT] 
2026-07-17 08:24:17,781 [INFO] ThirdPartyModel:298 - Start build external matchings
2026-07-17 08:24:18,389 [ERROR] LogOutputStream:75 - [STDERR_REDIRECT] [Fatal Error] :1:1: Premature end of file.
2026-07-17 08:24:18,389 [ERROR] LogOutputStream:75 - [STDERR_REDIRECT] 
2026-07-17 08:24:19,375 [INFO] ThirdPartyModel:316 - End build external matchings
2026-07-17 08:24:19,412 [ERROR] LogOutputStream:75 - [STDERR_REDIRECT] [Fatal Error] :1:1: Premature end of file.
2026-07-17 08:24:19,413 [ERROR] LogOutputStream:75 - [STDERR_REDIRECT] 
2026-07-17 08:24:19,802 [INFO] UtilMem:75 - End LoadConfig() Used Memory: 873812032 Bytes (1073741824)
2026-07-17 08:24:19,933 [WARN] ThirdParty:833 - waiting for thirdparty lock release [change project]
2026-07-17 08:24:19,933 [INFO] ThirdParty:835 - entering critical section [change project]
2026-07-17 08:24:19,933 [INFO] ThirdParty:1030 - CMSIS Pack Vendor :STMicroelectronics X-CUBE-AZRTOS-H7 3.5.0
2026-07-17 08:24:19,933 [INFO] ThirdParty:1030 - CMSIS Pack Vendor :STMicroelectronics X-CUBE-PM33A1 1.0.0
2026-07-17 08:24:19,934 [INFO] ThirdParty:1030 - CMSIS Pack Vendor :STMicroelectronics USBPD 4.1
2026-07-17 08:24:19,934 [INFO] ThirdParty:1030 - CMSIS Pack Vendor :STMicroelectronics USB_HOST 2.0.0
2026-07-17 08:24:19,934 [INFO] ThirdParty:1030 - CMSIS Pack Vendor :STMicroelectronics FP-SNS-MOTENVWB1 1.4.0
2026-07-17 08:24:19,934 [INFO] ThirdParty:1030 - CMSIS Pack Vendor :STMicroelectronics X-CUBE-AZRTOS-F4 1.1.0
2026-07-17 08:24:19,934 [INFO] ThirdParty:1030 - CMSIS Pack Vendor :STMicroelectronics LIBJPEG 8.0.0
2026-07-17 08:24:19,934 [INFO] ThirdParty:1030 - CMSIS Pack Vendor :STMicroelectronics FP-ATR-ASTRA1 2.0.2
2026-07-17 08:24:19,934 [INFO] ThirdParty:1030 - CMSIS Pack Vendor :STMicroelectronics X-CUBE-SMBUS 2.1.0
2026-07-17 08:24:19,934 [INFO] ThirdParty:1030 - CMSIS Pack Vendor :STMicroelectronics X-CUBE-ISPU 2.1.0
2026-07-17 08:24:19,934 [INFO] ThirdParty:1030 - CMSIS Pack Vendor :STMicroelectronics X-CUBE-IPS 3.2.0
2026-07-17 08:24:19,934 [INFO] ThirdParty:1030 - CMSIS Pack Vendor :STMicroelectronics eDS-WB_DPC_TT-BIDIR 2.1.1
2026-07-17 08:24:19,934 [INFO] ThirdParty:1030 - CMSIS Pack Vendor :STMicroelectronics X-CUBE-ST60 1.0.0
2026-07-17 08:24:19,934 [INFO] ThirdParty:1030 - CMSIS Pack Vendor :STMicroelectronics X-CUBE-NFC12 1.0.0
2026-07-17 08:24:19,934 [INFO] ThirdParty:1030 - CMSIS Pack Vendor :STMicroelectronics X-CUBE-AZRTOS-F7 1.1.0
2026-07-17 08:24:19,934 [INFO] ThirdParty:1030 - CMSIS Pack Vendor :STMicroelectronics X-CUBE-AZRTOS-L5 2.0.0
2026-07-17 08:24:19,934 [INFO] ThirdParty:1030 - CMSIS Pack Vendor :STMicroelectronics USB_DEVICE 2.0.0
2026-07-17 08:24:19,934 [INFO] ThirdParty:1030 - CMSIS Pack Vendor :STMicroelectronics X-CUBE-FREERTOS 1.6.0
2026-07-17 08:24:19,934 [INFO] ThirdParty:1030 - CMSIS Pack Vendor :STMicroelectronics X-CUBE-NFC6 3.1.0
2026-07-17 08:24:19,934 [INFO] ThirdParty:1030 - CMSIS Pack Vendor :Cesanta I-CUBE-Mongoose 7.19.0
2026-07-17 08:24:19,934 [INFO] ThirdParty:1030 - CMSIS Pack Vendor :STMicroelectronics X-CUBE-ALGOBUILD 1.5.0
2026-07-17 08:24:19,934 [INFO] ThirdParty:1030 - CMSIS Pack Vendor :STMicroelectronics FP-SNS-MOTENV1 5.1.0
2026-07-17 08:24:19,934 [INFO] ThirdParty:1030 - CMSIS Pack Vendor :STMicroelectronics FreeRTOS 0.0.1
2026-07-17 08:24:19,934 [INFO] ThirdParty:1030 - CMSIS Pack Vendor :STMicroelectronics X-CUBE-AZRTOS-H7RS 1.3.0
2026-07-17 08:24:19,934 [INFO] ThirdParty:1030 - CMSIS Pack Vendor :STMicroelectronics eDS-WB_DPC_VIENNA 1.2.0
2026-07-17 08:24:19,934 [INFO] ThirdParty:1030 - CMSIS Pack Vendor :WES I-CUBE-Cesium 1.4.0
2026-07-17 08:24:19,934 [INFO] ThirdParty:1030 - CMSIS Pack Vendor :STMicroelectronics eDS-WB_DPC_3PH2L-BIDIR 1.1.1
2026-07-17 08:24:19,934 [INFO] ThirdParty:1030 - CMSIS Pack Vendor :Infineon AIROC-Wi-Fi-Bluetooth-STM32 1.7.1
2026-07-17 08:24:19,934 [INFO] ThirdParty:1030 - CMSIS Pack Vendor :STMicroelectronics PDM2PCM 3.3.0
2026-07-17 08:24:19,934 [INFO] ThirdParty:1030 - CMSIS Pack Vendor :STMicroelectronics X-CUBE-AZRTOS-H7 3.4.0
2026-07-17 08:24:19,934 [INFO] ThirdParty:1030 - CMSIS Pack Vendor :STMicroelectronics X-CUBE-DISPLAY 3.0.0
2026-07-17 08:24:19,934 [INFO] ThirdParty:1030 - CMSIS Pack Vendor :STMicroelectronics X-CUBE-GNSS1 7.1.1
2026-07-17 08:24:19,935 [INFO] ThirdParty:1030 - CMSIS Pack Vendor :STMicroelectronics FP-SNS-MOTENVWB1 1.5.0
2026-07-17 08:24:19,935 [INFO] ThirdParty:1030 - CMSIS Pack Vendor :STMicroelectronics X-CUBE-NFC10 1.0.0
2026-07-17 08:24:19,935 [INFO] ThirdParty:1030 - CMSIS Pack Vendor :STMicroelectronics X-CUBE-FREERTOS 1.3.1
2026-07-17 08:24:19,935 [INFO] ThirdParty:1030 - CMSIS Pack Vendor :STMicroelectronics HAL Drivers 0.0.0
2026-07-17 08:24:19,935 [INFO] ThirdParty:1030 - CMSIS Pack Vendor :STMicroelectronics X-CUBE-ST60 1.1.0
2026-07-17 08:24:19,935 [INFO] ThirdParty:1030 - CMSIS Pack Vendor :emotas I-CUBE-CANOPEN 1.3.0
2026-07-17 08:24:19,935 [INFO] ThirdParty:1030 - CMSIS Pack Vendor :STMicroelectronics MBEDTLS 2.14.1
2026-07-17 08:24:19,935 [INFO] ThirdParty:1030 - CMSIS Pack Vendor :STMicroelectronics X-CUBE-GNSS1 7.1.0
2026-07-17 08:24:19,935 [INFO] ThirdParty:1030 - CMSIS Pack Vendor :STMicroelectronics X-CUBE-TOUCHGFX 4.26.1
2026-07-17 08:24:19,935 [INFO] ThirdParty:1030 - CMSIS Pack Vendor :STMicroelectronics FP-SNS-STAIOTCFT 1.0.0
2026-07-17 08:24:19,935 [INFO] ThirdParty:1030 - CMSIS Pack Vendor :STMicroelectronics FP-SNS-SMARTAG2 1.2.0
2026-07-17 08:24:19,935 [INFO] ThirdParty:1030 - CMSIS Pack Vendor :STMicroelectronics FP-SNS-FLIGHT1 5.1.0
2026-07-17 08:24:19,935 [INFO] ThirdParty:1030 - CMSIS Pack Vendor :STMicroelectronics X-CUBE-AZRTOS-WL 2.0.0
2026-07-17 08:24:19,936 [INFO] ThirdParty:1030 - CMSIS Pack Vendor :STMicroelectronics X-CUBE-DPower 1.3.0
2026-07-17 08:24:19,936 [INFO] ThirdParty:1030 - CMSIS Pack Vendor :STMicroelectronics FP-SNS-MOTENV1 5.0.0
2026-07-17 08:24:19,936 [INFO] ThirdParty:1030 - CMSIS Pack Vendor :STMicroelectronics USB_DEVICE 1.0.0
2026-07-17 08:24:19,936 [INFO] ThirdParty:1030 - CMSIS Pack Vendor :STMicroelectronics X-CUBE-AZRTOS-H7RS 1.2.0
2026-07-17 08:24:19,936 [INFO] ThirdParty:1030 - CMSIS Pack Vendor :STMicroelectronics X-CUBE-AZRTOS-L4 2.0.0
2026-07-17 08:24:19,936 [INFO] ThirdParty:1030 - CMSIS Pack Vendor :STMicroelectronics ThreadX 0.0.2
2026-07-17 08:24:19,936 [INFO] ThirdParty:1030 - CMSIS Pack Vendor :STMicroelectronics lwIP 2.1.2
2026-07-17 08:24:19,936 [INFO] ThirdParty:1030 - CMSIS Pack Vendor :STMicroelectronics X-CUBE-SFXS2LP1 4.0.0
2026-07-17 08:24:19,936 [INFO] ThirdParty:1030 - CMSIS Pack Vendor :STMicroelectronics X-CUBE-BLE2 3.3.0
2026-07-17 08:24:19,936 [INFO] ThirdParty:1030 - CMSIS Pack Vendor :Avnet-IOTCONNECT X-CUBE-iotc-st67-sdk 1.0.0
2026-07-17 08:24:19,936 [INFO] ThirdParty:1030 - CMSIS Pack Vendor :STMicroelectronics PDM2PCM 3.2.0
2026-07-17 08:24:19,936 [INFO] ThirdParty:1030 - CMSIS Pack Vendor :STMicroelectronics X-CUBE-WB05N 2.1.0
2026-07-17 08:24:19,936 [INFO] ThirdParty:1030 - CMSIS Pack Vendor :STMicroelectronics X-CUBE-ST67W61 1.2.0
2026-07-17 08:24:19,936 [INFO] ThirdParty:1030 - CMSIS Pack Vendor :STMicroelectronics X-CUBE-NFC9 1.0.0
2026-07-17 08:24:19,936 [INFO] ThirdParty:1030 - CMSIS Pack Vendor :wolfSSL I-CUBE-wolfSSL 5.8.2
2026-07-17 08:24:19,936 [INFO] ThirdParty:1030 - CMSIS Pack Vendor :STMicroelectronics X-CUBE-BLE1 7.1.0
2026-07-17 08:24:19,936 [INFO] ThirdParty:1030 - CMSIS Pack Vendor :wolfSSL I-CUBE-wolfMQTT 1.19.2
2026-07-17 08:24:19,936 [INFO] ThirdParty:1030 - CMSIS Pack Vendor :STMicroelectronics USB_DEVICE 3.0.0
2026-07-17 08:24:19,936 [INFO] ThirdParty:1030 - CMSIS Pack Vendor :STMicroelectronics X-CUBE-EEPRMA1 5.2.0
2026-07-17 08:24:19,936 [INFO] ThirdParty:1030 - CMSIS Pack Vendor :STMicroelectronics X-CUBE-BLEMGR 4.1.0
2026-07-17 08:24:19,936 [INFO] ThirdParty:1030 - CMSIS Pack Vendor :STMicroelectronics X-CUBE-AZRTOS-WB 2.0.0
2026-07-17 08:24:19,936 [INFO] ThirdParty:1030 - CMSIS Pack Vendor :STMicroelectronics X-CUBE-GNSS1 7.0.1
2026-07-17 08:24:19,936 [INFO] ThirdParty:1030 - CMSIS Pack Vendor :STMicroelectronics X-CUBE-TOUCHGFX 4.25.0
2026-07-17 08:24:19,936 [INFO] ThirdParty:1030 - CMSIS Pack Vendor :STMicroelectronics FP-SNS-STAIOTCFT 1.1.0
2026-07-17 08:24:19,936 [INFO] ThirdParty:1030 - CMSIS Pack Vendor :quantropi X-CUBE-qispace-sdk-base 2.1.0
2026-07-17 08:24:19,936 [INFO] ThirdParty:1030 - CMSIS Pack Vendor :STMicroelectronics X-CUBE-MEMS1 12.0.0
2026-07-17 08:24:19,936 [INFO] ThirdParty:1030 - CMSIS Pack Vendor :STMicroelectronics X-CUBE-STSE01 2.0.0
2026-07-17 08:24:19,936 [INFO] ThirdParty:1030 - CMSIS Pack Vendor :STMicroelectronics X-CUBE-AZRTOS-G0 1.1.0
2026-07-17 08:24:19,936 [INFO] ThirdParty:1030 - CMSIS Pack Vendor :STMicroelectronics X-CUBE-SAFEA1 1.2.2
2026-07-17 08:24:19,936 [INFO] ThirdParty:1030 - CMSIS Pack Vendor :STMicroelectronics X-CUBE-NFC4 3.0.0
2026-07-17 08:24:19,936 [INFO] ThirdParty:1030 - CMSIS Pack Vendor :STMicroelectronics X-CUBE-SUBG2 5.0.0
2026-07-17 08:24:19,936 [INFO] ThirdParty:1030 - CMSIS Pack Vendor :STMicroelectronics X-CUBE-AZRTOS-H7RS 1.1.0
2026-07-17 08:24:19,936 [INFO] ThirdParty:1030 - CMSIS Pack Vendor :STMicroelectronics STM32_WPAN 1.0.0
2026-07-17 08:24:19,936 [INFO] ThirdParty:1030 - CMSIS Pack Vendor :EmbeddedOffice I-CUBE-FS-RTOS 1.0.1
2026-07-17 08:24:19,936 [INFO] ThirdParty:1030 - CMSIS Pack Vendor :STMicroelectronics lwIP 2.0.3
2026-07-17 08:24:19,936 [INFO] ThirdParty:1030 - CMSIS Pack Vendor :STMicroelectronics USB_HOST 1.0.0
2026-07-17 08:24:19,936 [INFO] ThirdParty:1030 - CMSIS Pack Vendor :STMicroelectronics X-CUBE-AZRTOS-G4 2.0.0
2026-07-17 08:24:19,936 [INFO] ThirdParty:1030 - CMSIS Pack Vendor :STMicroelectronics X-CUBE-WB05N 2.0.0
2026-07-17 08:24:19,937 [INFO] ThirdParty:1030 - CMSIS Pack Vendor :STMicroelectronics PDM2PCM 3.1.0
2026-07-17 08:24:19,937 [INFO] ThirdParty:1030 - CMSIS Pack Vendor :wolfSSL I-CUBE-wolfTPM 3.8.0
2026-07-17 08:24:19,937 [INFO] ThirdParty:1030 - CMSIS Pack Vendor :wolfSSL I-CUBE-wolfSSH 1.4.20
2026-07-17 08:24:19,937 [INFO] ThirdParty:1030 - CMSIS Pack Vendor :STMicroelectronics X-CUBE-NFC7 2.0.0
2026-07-17 08:24:19,937 [INFO] ThirdParty:1030 - CMSIS Pack Vendor :STMicroelectronics X-CUBE-TCPP 4.2.0
2026-07-17 08:24:19,937 [INFO] ThirdParty:1030 - CMSIS Pack Vendor :RealThread X-CUBE-RT-Thread_Nano 4.1.1
2026-07-17 08:24:19,937 [INFO] ThirdParty:1030 - CMSIS Pack Vendor :STMicroelectronics FP-ATR-SIGFOX1 3.2.0
2026-07-17 08:24:19,937 [INFO] ThirdParty:1030 - CMSIS Pack Vendor :STMicroelectronics X-CUBE-FREERTOS 1.5.0
2026-07-17 08:24:19,937 [INFO] ThirdParty:1030 - CMSIS Pack Vendor :STMicroelectronics MBEDTLS 2.16.2
2026-07-17 08:24:19,937 [INFO] ThirdParty:1030 - CMSIS Pack Vendor :STMicroelectronics X-CUBE-IPS 3.1.0
2026-07-17 08:24:19,937 [INFO] ThirdParty:1030 - CMSIS Pack Vendor :STMicroelectronics X-CUBE-ALS 1.0.2
2026-07-17 08:24:19,937 [INFO] ThirdParty:1030 - CMSIS Pack Vendor :ITTIA_DB I-CUBE-ITTIADB 8.9.0
2026-07-17 08:24:19,937 [INFO] ThirdParty:1030 - CMSIS Pack Vendor :STMicroelectronics X-CUBE-STSE01 1.0.0
2026-07-17 08:24:19,937 [INFO] ThirdParty:1030 - CMSIS Pack Vendor :STMicroelectronics X-CUBE-NFC6 3.2.0
2026-07-17 08:24:19,937 [INFO] ThirdParty:1030 - CMSIS Pack Vendor :STMicroelectronics X-CUBE-ST67W61 1.0.0
2026-07-17 08:24:19,937 [INFO] ThirdParty:1030 - CMSIS Pack Vendor :STMicroelectronics X-CUBE-AI 10.2.1
2026-07-17 08:24:19,937 [INFO] ThirdParty:1030 - CMSIS Pack Vendor :STMicroelectronics ThreadX 1.0.0
2026-07-17 08:24:19,937 [INFO] ThirdParty:1030 - CMSIS Pack Vendor :STMicroelectronics X-CUBE-MEMS1 12.1.0
2026-07-17 08:24:19,937 [INFO] ThirdParty:1030 - CMSIS Pack Vendor :SEGGER I-CUBE-embOS 1.3.1
2026-07-17 08:24:19,937 [INFO] ThirdParty:1030 - CMSIS Pack Vendor :STMicroelectronics X-CUBE-ALGOBUILD 1.4.0
2026-07-17 08:24:19,937 [INFO] ThirdParty:1030 - CMSIS Pack Vendor :STMicroelectronics X-CUBE-MEMS1 11.3.0
2026-07-17 08:24:19,937 [INFO] ThirdParty:1030 - CMSIS Pack Vendor :STMicroelectronics X-CUBE-TOF1 3.4.3
2026-07-17 08:24:19,937 [INFO] ThirdParty:1030 - CMSIS Pack Vendor :STMicroelectronics X-CUBE-NFC13 1.0.0
2026-07-17 08:24:19,937 [INFO] ThirdParty:841 - exiting critical section [change project]
2026-07-17 08:24:20,408 [ERROR] LogOutputStream:75 - [STDERR_REDIRECT] [Fatal Error] :1:1: Premature end of file.
2026-07-17 08:24:20,409 [ERROR] LogOutputStream:75 - [STDERR_REDIRECT] 
2026-07-17 08:24:20,597 [INFO] PinOutPanel:1589 - setPackage(No Configuration,No Configuration)
2026-07-17 08:24:20,599 [INFO] PinOutPanel:1589 - setPackage(STM32F446RETx,LQFP64)
2026-07-17 08:24:21,523 [ERROR] LogOutputStream:75 - [STDERR_REDIRECT] [Fatal Error] :1:1: Premature end of file.
2026-07-17 08:24:21,524 [ERROR] LogOutputStream:75 - [STDERR_REDIRECT] 
2026-07-17 08:24:21,592 [INFO] UtilMem:75 - Before build in PCC Used Memory: 921371704 Bytes (1073741824)
2026-07-17 08:24:22,096 [INFO] UtilMem:75 - After build in PCC Used Memory: 974341560 Bytes (1073741824)
2026-07-17 08:24:22,125 [INFO] IPUIPlugin:80 - create IPUIPlugin
2026-07-17 08:24:22,125 [INFO] IPUIPlugin:80 - create IPUIPlugin
2026-07-17 08:24:22,125 [INFO] IPUIPlugin:80 - create IPUIPlugin
2026-07-17 08:24:22,125 [INFO] IPUIPlugin:80 - create IPUIPlugin
2026-07-17 08:24:22,125 [INFO] IPUIPlugin:80 - create IPUIPlugin
2026-07-17 08:24:22,125 [INFO] IPUIPlugin:80 - create IPUIPlugin
2026-07-17 08:24:22,126 [INFO] IPUIPlugin:80 - create IPUIPlugin
2026-07-17 08:24:22,126 [INFO] IPUIPlugin:80 - create IPUIPlugin
2026-07-17 08:24:22,126 [INFO] IPUIPlugin:80 - create IPUIPlugin
2026-07-17 08:24:22,126 [INFO] IPUIPlugin:80 - create IPUIPlugin
2026-07-17 08:24:22,126 [INFO] IPUIPlugin:80 - create IPUIPlugin
2026-07-17 08:24:22,126 [INFO] IPUIPlugin:80 - create IPUIPlugin
2026-07-17 08:24:22,126 [INFO] IPUIPlugin:80 - create IPUIPlugin
2026-07-17 08:24:22,126 [INFO] IPUIPlugin:80 - create IPUIPlugin
2026-07-17 08:24:22,127 [INFO] IPUIPlugin:80 - create IPUIPlugin
2026-07-17 08:24:22,127 [INFO] IPUIPlugin:80 - create IPUIPlugin
2026-07-17 08:24:22,127 [INFO] IPUIPlugin:80 - create IPUIPlugin
2026-07-17 08:24:22,127 [INFO] IPUIPlugin:80 - create IPUIPlugin
2026-07-17 08:24:22,128 [INFO] IPUIPlugin:80 - create IPUIPlugin
2026-07-17 08:24:22,128 [INFO] IPUIPlugin:80 - create IPUIPlugin
2026-07-17 08:24:22,128 [INFO] IPUIPlugin:80 - create IPUIPlugin
2026-07-17 08:24:22,128 [INFO] IPUIPlugin:80 - create IPUIPlugin
2026-07-17 08:24:22,129 [INFO] IPUIPlugin:80 - create IPUIPlugin
2026-07-17 08:24:22,129 [INFO] IPUIPlugin:80 - create IPUIPlugin
2026-07-17 08:24:22,129 [INFO] IPUIPlugin:80 - create IPUIPlugin
2026-07-17 08:24:22,130 [INFO] IPUIPlugin:80 - create IPUIPlugin
2026-07-17 08:24:22,130 [INFO] IPUIPlugin:80 - create IPUIPlugin
2026-07-17 08:24:22,130 [INFO] IPUIPlugin:80 - create IPUIPlugin
2026-07-17 08:24:22,130 [INFO] IPUIPlugin:80 - create IPUIPlugin
2026-07-17 08:24:22,132 [INFO] IPUIPlugin:80 - create IPUIPlugin
2026-07-17 08:24:22,132 [INFO] IPUIPlugin:80 - create IPUIPlugin
2026-07-17 08:24:22,133 [INFO] IPUIPlugin:80 - create IPUIPlugin
2026-07-17 08:24:22,134 [INFO] IPUIPlugin:80 - create IPUIPlugin
2026-07-17 08:24:22,134 [INFO] IPUIPlugin:80 - create IPUIPlugin
2026-07-17 08:24:22,134 [INFO] IPUIPlugin:80 - create IPUIPlugin
2026-07-17 08:24:22,134 [INFO] IPUIPlugin:80 - create IPUIPlugin
2026-07-17 08:24:22,135 [INFO] IPUIPlugin:80 - create IPUIPlugin
2026-07-17 08:24:22,135 [INFO] IPUIPlugin:80 - create IPUIPlugin
2026-07-17 08:24:22,135 [INFO] IPUIPlugin:80 - create IPUIPlugin
2026-07-17 08:24:22,136 [INFO] IPUIPlugin:80 - create IPUIPlugin
2026-07-17 08:24:22,136 [INFO] IPUIPlugin:80 - create IPUIPlugin
2026-07-17 08:24:22,136 [INFO] IPUIPlugin:80 - create IPUIPlugin
2026-07-17 08:24:22,137 [INFO] IPUIPlugin:80 - create IPUIPlugin
2026-07-17 08:24:22,137 [INFO] IPUIPlugin:80 - create IPUIPlugin
2026-07-17 08:24:22,138 [INFO] IPUIPlugin:80 - create IPUIPlugin
2026-07-17 08:24:22,138 [INFO] IPUIPlugin:80 - create IPUIPlugin
2026-07-17 08:24:22,138 [INFO] IPUIPlugin:80 - create IPUIPlugin
2026-07-17 08:24:22,138 [INFO] IPUIPlugin:80 - create IPUIPlugin
2026-07-17 08:24:22,139 [INFO] IPUIPlugin:80 - create IPUIPlugin
2026-07-17 08:24:22,139 [INFO] IPUIPlugin:80 - create IPUIPlugin
2026-07-17 08:24:22,139 [INFO] IPUIPlugin:80 - create IPUIPlugin
2026-07-17 08:24:22,139 [INFO] IPUIPlugin:80 - create IPUIPlugin
2026-07-17 08:24:22,140 [INFO] IPUIPlugin:80 - create IPUIPlugin
2026-07-17 08:24:22,140 [INFO] IPUIPlugin:80 - create IPUIPlugin
2026-07-17 08:24:22,140 [INFO] IPUIPlugin:80 - create IPUIPlugin
2026-07-17 08:24:22,140 [INFO] IPUIPlugin:80 - create IPUIPlugin
2026-07-17 08:24:22,141 [INFO] IPUIPlugin:80 - create IPUIPlugin
2026-07-17 08:24:22,158 [INFO] IPUIPlugin:80 - create IPUIPlugin
2026-07-17 08:24:22,159 [INFO] IPUIPlugin:80 - create IPUIPlugin
2026-07-17 08:24:22,159 [INFO] IPUIPlugin:80 - create IPUIPlugin
2026-07-17 08:24:22,168 [INFO] ApiDbMcu:532 - Load IP Config File for PDM2PCM
2026-07-17 08:24:22,213 [INFO] CADModel:165 - CPN selected for project levelSTM32F446RET6
2026-07-17 08:24:22,213 [INFO] CADModel:114 - Register for checkConnection events
2026-07-17 08:24:22,310 [INFO] OpenFileManager:386 - Restore cursor
2026-07-17 08:24:22,420 [ERROR] LogOutputStream:75 - [STDERR_REDIRECT] [Fatal Error] :1:1: Premature end of file.
2026-07-17 08:24:22,420 [ERROR] LogOutputStream:75 - [STDERR_REDIRECT] 
2026-07-17 08:24:23,446 [ERROR] LogOutputStream:75 - [STDERR_REDIRECT] [Fatal Error] :1:1: Premature end of file.
2026-07-17 08:24:23,446 [ERROR] LogOutputStream:75 - [STDERR_REDIRECT] 
2026-07-17 08:24:24,428 [ERROR] LogOutputStream:75 - [STDERR_REDIRECT] [Fatal Error] :1:1: Premature end of file.
2026-07-17 08:24:24,429 [ERROR] LogOutputStream:75 - [STDERR_REDIRECT] 
2026-07-17 08:24:25,414 [ERROR] LogOutputStream:75 - [STDERR_REDIRECT] [Fatal Error] :1:1: Premature end of file.
2026-07-17 08:24:25,414 [ERROR] LogOutputStream:75 - [STDERR_REDIRECT] 
2026-07-17 08:24:26,392 [ERROR] LogOutputStream:75 - [STDERR_REDIRECT] [Fatal Error] :1:1: Premature end of file.
2026-07-17 08:24:26,392 [ERROR] LogOutputStream:75 - [STDERR_REDIRECT] 
2026-07-17 08:24:27,380 [ERROR] LogOutputStream:75 - [STDERR_REDIRECT] [Fatal Error] :1:1: Premature end of file.
2026-07-17 08:24:27,380 [ERROR] LogOutputStream:75 - [STDERR_REDIRECT] 
2026-07-17 08:24:27,958 [INFO] Gpio:278 - dependency for GPIO []
2026-07-17 08:24:28,376 [ERROR] LogOutputStream:75 - [STDERR_REDIRECT] [Fatal Error] :1:1: Premature end of file.
2026-07-17 08:24:28,376 [ERROR] LogOutputStream:75 - [STDERR_REDIRECT] 
2026-07-17 08:24:29,402 [ERROR] LogOutputStream:75 - [STDERR_REDIRECT] [Fatal Error] :1:1: Premature end of file.
2026-07-17 08:24:29,402 [ERROR] LogOutputStream:75 - [STDERR_REDIRECT] 
2026-07-17 08:24:30,414 [ERROR] LogOutputStream:75 - [STDERR_REDIRECT] [Fatal Error] :1:1: Premature end of file.
2026-07-17 08:24:30,415 [ERROR] LogOutputStream:75 - [STDERR_REDIRECT] 
2026-07-17 08:24:31,402 [ERROR] LogOutputStream:75 - [STDERR_REDIRECT] [Fatal Error] :1:1: Premature end of file.
2026-07-17 08:24:31,402 [ERROR] LogOutputStream:75 - [STDERR_REDIRECT] 
2026-07-17 08:24:32,407 [ERROR] LogOutputStream:75 - [STDERR_REDIRECT] [Fatal Error] :1:1: Premature end of file.
2026-07-17 08:24:32,407 [ERROR] LogOutputStream:75 - [STDERR_REDIRECT] 
2026-07-17 08:24:33,398 [ERROR] LogOutputStream:75 - [STDERR_REDIRECT] [Fatal Error] :1:1: Premature end of file.
2026-07-17 08:24:33,398 [ERROR] LogOutputStream:75 - [STDERR_REDIRECT] 
2026-07-17 08:24:34,393 [ERROR] LogOutputStream:75 - [STDERR_REDIRECT] [Fatal Error] :1:1: Premature end of file.
2026-07-17 08:24:34,393 [ERROR] LogOutputStream:75 - [STDERR_REDIRECT] 
2026-07-17 08:24:35,416 [ERROR] LogOutputStream:75 - [STDERR_REDIRECT] [Fatal Error] :1:1: Premature end of file.
2026-07-17 08:24:35,416 [ERROR] LogOutputStream:75 - [STDERR_REDIRECT] 
2026-07-17 08:24:36,390 [ERROR] LogOutputStream:75 - [STDERR_REDIRECT] [Fatal Error] :1:1: Premature end of file.
2026-07-17 08:24:36,390 [ERROR] LogOutputStream:75 - [STDERR_REDIRECT] 
2026-07-17 08:24:37,409 [ERROR] LogOutputStream:75 - [STDERR_REDIRECT] [Fatal Error] :1:1: Premature end of file.
2026-07-17 08:24:37,409 [ERROR] LogOutputStream:75 - [STDERR_REDIRECT] 
2026-07-17 08:24:38,404 [ERROR] LogOutputStream:75 - [STDERR_REDIRECT] [Fatal Error] :1:1: Premature end of file.
2026-07-17 08:24:38,404 [ERROR] LogOutputStream:75 - [STDERR_REDIRECT] 
2026-07-17 08:24:39,405 [ERROR] LogOutputStream:75 - [STDERR_REDIRECT] [Fatal Error] :1:1: Premature end of file.
2026-07-17 08:24:39,405 [ERROR] LogOutputStream:75 - [STDERR_REDIRECT] 
2026-07-17 08:24:40,402 [ERROR] LogOutputStream:75 - [STDERR_REDIRECT] [Fatal Error] :1:1: Premature end of file.
2026-07-17 08:24:40,402 [ERROR] LogOutputStream:75 - [STDERR_REDIRECT] 
2026-07-17 08:24:41,406 [ERROR] LogOutputStream:75 - [STDERR_REDIRECT] [Fatal Error] :1:1: Premature end of file.
2026-07-17 08:24:41,406 [ERROR] LogOutputStream:75 - [STDERR_REDIRECT] 
2026-07-17 08:24:42,458 [ERROR] LogOutputStream:75 - [STDERR_REDIRECT] [Fatal Error] :1:1: Premature end of file.
2026-07-17 08:24:42,458 [ERROR] LogOutputStream:75 - [STDERR_REDIRECT] 
2026-07-17 08:24:43,419 [ERROR] LogOutputStream:75 - [STDERR_REDIRECT] [Fatal Error] :1:1: Premature end of file.
2026-07-17 08:24:43,420 [ERROR] LogOutputStream:75 - [STDERR_REDIRECT] 
2026-07-17 08:24:44,415 [ERROR] LogOutputStream:75 - [STDERR_REDIRECT] [Fatal Error] :1:1: Premature end of file.
2026-07-17 08:24:44,415 [ERROR] LogOutputStream:75 - [STDERR_REDIRECT] 
2026-07-17 08:24:45,385 [ERROR] LogOutputStream:75 - [STDERR_REDIRECT] [Fatal Error] :1:1: Premature end of file.
2026-07-17 08:24:45,385 [ERROR] LogOutputStream:75 - [STDERR_REDIRECT] 
2026-07-17 08:24:46,415 [ERROR] LogOutputStream:75 - [STDERR_REDIRECT] [Fatal Error] :1:1: Premature end of file.
2026-07-17 08:24:46,415 [ERROR] LogOutputStream:75 - [STDERR_REDIRECT] 
2026-07-17 08:24:47,425 [ERROR] LogOutputStream:75 - [STDERR_REDIRECT] [Fatal Error] :1:1: Premature end of file.
2026-07-17 08:24:47,425 [ERROR] LogOutputStream:75 - [STDERR_REDIRECT] 
2026-07-17 08:24:48,417 [ERROR] LogOutputStream:75 - [STDERR_REDIRECT] [Fatal Error] :1:1: Premature end of file.
2026-07-17 08:24:48,418 [ERROR] LogOutputStream:75 - [STDERR_REDIRECT] 
2026-07-17 08:24:49,421 [ERROR] LogOutputStream:75 - [STDERR_REDIRECT] [Fatal Error] :1:1: Premature end of file.
2026-07-17 08:24:49,421 [ERROR] LogOutputStream:75 - [STDERR_REDIRECT] 
2026-07-17 08:24:50,428 [ERROR] LogOutputStream:75 - [STDERR_REDIRECT] [Fatal Error] :1:1: Premature end of file.
2026-07-17 08:24:50,428 [ERROR] LogOutputStream:75 - [STDERR_REDIRECT] 
2026-07-17 08:24:51,400 [ERROR] LogOutputStream:75 - [STDERR_REDIRECT] [Fatal Error] :1:1: Premature end of file.
2026-07-17 08:24:51,400 [ERROR] LogOutputStream:75 - [STDERR_REDIRECT] 
2026-07-17 08:24:52,431 [ERROR] LogOutputStream:75 - [STDERR_REDIRECT] [Fatal Error] :1:1: Premature end of file.
2026-07-17 08:24:52,431 [ERROR] LogOutputStream:75 - [STDERR_REDIRECT] 
2026-07-17 08:24:53,397 [ERROR] LogOutputStream:75 - [STDERR_REDIRECT] [Fatal Error] :1:1: Premature end of file.
2026-07-17 08:24:53,397 [ERROR] LogOutputStream:75 - [STDERR_REDIRECT] 
2026-07-17 08:24:54,413 [ERROR] LogOutputStream:75 - [STDERR_REDIRECT] [Fatal Error] :1:1: Premature end of file.
2026-07-17 08:24:54,413 [ERROR] LogOutputStream:75 - [STDERR_REDIRECT] 
2026-07-17 08:24:55,424 [ERROR] LogOutputStream:75 - [STDERR_REDIRECT] [Fatal Error] :1:1: Premature end of file.
2026-07-17 08:24:55,425 [ERROR] LogOutputStream:75 - [STDERR_REDIRECT] 
2026-07-17 08:24:56,403 [ERROR] LogOutputStream:75 - [STDERR_REDIRECT] [Fatal Error] :1:1: Premature end of file.
2026-07-17 08:24:56,403 [ERROR] LogOutputStream:75 - [STDERR_REDIRECT] 
2026-07-17 08:24:57,408 [ERROR] LogOutputStream:75 - [STDERR_REDIRECT] [Fatal Error] :1:1: Premature end of file.
2026-07-17 08:24:57,408 [ERROR] LogOutputStream:75 - [STDERR_REDIRECT] 
2026-07-17 08:24:58,399 [ERROR] LogOutputStream:75 - [STDERR_REDIRECT] [Fatal Error] :1:1: Premature end of file.
2026-07-17 08:24:58,399 [ERROR] LogOutputStream:75 - [STDERR_REDIRECT] 
2026-07-17 08:24:59,401 [ERROR] LogOutputStream:75 - [STDERR_REDIRECT] [Fatal Error] :1:1: Premature end of file.
2026-07-17 08:24:59,401 [ERROR] LogOutputStream:75 - [STDERR_REDIRECT] 
2026-07-17 08:25:00,461 [ERROR] LogOutputStream:75 - [STDERR_REDIRECT] [Fatal Error] :1:1: Premature end of file.
2026-07-17 08:25:00,461 [ERROR] LogOutputStream:75 - [STDERR_REDIRECT] 
2026-07-17 08:25:01,418 [ERROR] LogOutputStream:75 - [STDERR_REDIRECT] [Fatal Error] :1:1: Premature end of file.
2026-07-17 08:25:01,419 [ERROR] LogOutputStream:75 - [STDERR_REDIRECT] 
2026-07-17 08:25:02,418 [ERROR] LogOutputStream:75 - [STDERR_REDIRECT] [Fatal Error] :1:1: Premature end of file.
2026-07-17 08:25:02,418 [ERROR] LogOutputStream:75 - [STDERR_REDIRECT] 
2026-07-17 08:25:03,418 [ERROR] LogOutputStream:75 - [STDERR_REDIRECT] [Fatal Error] :1:1: Premature end of file.
2026-07-17 08:25:03,418 [ERROR] LogOutputStream:75 - [STDERR_REDIRECT] 
2026-07-17 08:25:04,424 [ERROR] LogOutputStream:75 - [STDERR_REDIRECT] [Fatal Error] :1:1: Premature end of file.
2026-07-17 08:25:04,425 [ERROR] LogOutputStream:75 - [STDERR_REDIRECT] 
2026-07-17 08:25:05,407 [ERROR] LogOutputStream:75 - [STDERR_REDIRECT] [Fatal Error] :1:1: Premature end of file.
2026-07-17 08:25:05,408 [ERROR] LogOutputStream:75 - [STDERR_REDIRECT] 
2026-07-17 08:25:06,411 [ERROR] LogOutputStream:75 - [STDERR_REDIRECT] [Fatal Error] :1:1: Premature end of file.
2026-07-17 08:25:06,411 [ERROR] LogOutputStream:75 - [STDERR_REDIRECT] 
2026-07-17 08:25:07,423 [ERROR] LogOutputStream:75 - [STDERR_REDIRECT] [Fatal Error] :1:1: Premature end of file.
2026-07-17 08:25:07,423 [ERROR] LogOutputStream:75 - [STDERR_REDIRECT] 
2026-07-17 08:25:08,420 [ERROR] LogOutputStream:75 - [STDERR_REDIRECT] [Fatal Error] :1:1: Premature end of file.
2026-07-17 08:25:08,421 [ERROR] LogOutputStream:75 - [STDERR_REDIRECT] 
2026-07-17 08:25:09,422 [ERROR] LogOutputStream:75 - [STDERR_REDIRECT] [Fatal Error] :1:1: Premature end of file.
2026-07-17 08:25:09,423 [ERROR] LogOutputStream:75 - [STDERR_REDIRECT] 
2026-07-17 08:25:10,428 [ERROR] LogOutputStream:75 - [STDERR_REDIRECT] [Fatal Error] :1:1: Premature end of file.
2026-07-17 08:25:10,428 [ERROR] LogOutputStream:75 - [STDERR_REDIRECT] 
2026-07-17 08:25:11,423 [ERROR] LogOutputStream:75 - [STDERR_REDIRECT] [Fatal Error] :1:1: Premature end of file.
2026-07-17 08:25:11,423 [ERROR] LogOutputStream:75 - [STDERR_REDIRECT] 
2026-07-17 08:25:12,425 [ERROR] LogOutputStream:75 - [STDERR_REDIRECT] [Fatal Error] :1:1: Premature end of file.
2026-07-17 08:25:12,425 [ERROR] LogOutputStream:75 - [STDERR_REDIRECT] 
2026-07-17 08:25:13,402 [ERROR] LogOutputStream:75 - [STDERR_REDIRECT] [Fatal Error] :1:1: Premature end of file.
2026-07-17 08:25:13,402 [ERROR] LogOutputStream:75 - [STDERR_REDIRECT] 
2026-07-17 08:25:14,428 [ERROR] LogOutputStream:75 - [STDERR_REDIRECT] [Fatal Error] :1:1: Premature end of file.
2026-07-17 08:25:14,429 [ERROR] LogOutputStream:75 - [STDERR_REDIRECT] 
2026-07-17 08:25:15,423 [ERROR] LogOutputStream:75 - [STDERR_REDIRECT] [Fatal Error] :1:1: Premature end of file.
2026-07-17 08:25:15,424 [ERROR] LogOutputStream:75 - [STDERR_REDIRECT] 
2026-07-17 08:25:16,408 [ERROR] LogOutputStream:75 - [STDERR_REDIRECT] [Fatal Error] :1:1: Premature end of file.
2026-07-17 08:25:16,409 [ERROR] LogOutputStream:75 - [STDERR_REDIRECT] 
2026-07-17 08:25:17,413 [ERROR] LogOutputStream:75 - [STDERR_REDIRECT] [Fatal Error] :1:1: Premature end of file.
2026-07-17 08:25:17,413 [ERROR] LogOutputStream:75 - [STDERR_REDIRECT] 
2026-07-17 08:25:18,410 [ERROR] LogOutputStream:75 - [STDERR_REDIRECT] [Fatal Error] :1:1: Premature end of file.
2026-07-17 08:25:18,410 [ERROR] LogOutputStream:75 - [STDERR_REDIRECT] 
2026-07-17 08:25:19,405 [ERROR] LogOutputStream:75 - [STDERR_REDIRECT] [Fatal Error] :1:1: Premature end of file.
2026-07-17 08:25:19,405 [ERROR] LogOutputStream:75 - [STDERR_REDIRECT] 
2026-07-17 08:25:20,440 [ERROR] LogOutputStream:75 - [STDERR_REDIRECT] [Fatal Error] :1:1: Premature end of file.
2026-07-17 08:25:20,440 [ERROR] LogOutputStream:75 - [STDERR_REDIRECT] 
2026-07-17 08:25:21,416 [ERROR] LogOutputStream:75 - [STDERR_REDIRECT] [Fatal Error] :1:1: Premature end of file.
2026-07-17 08:25:21,416 [ERROR] LogOutputStream:75 - [STDERR_REDIRECT] 
2026-07-17 08:25:22,424 [ERROR] LogOutputStream:75 - [STDERR_REDIRECT] [Fatal Error] :1:1: Premature end of file.
2026-07-17 08:25:22,424 [ERROR] LogOutputStream:75 - [STDERR_REDIRECT] 
2026-07-17 08:25:23,431 [ERROR] LogOutputStream:75 - [STDERR_REDIRECT] [Fatal Error] :1:1: Premature end of file.
2026-07-17 08:25:23,431 [ERROR] LogOutputStream:75 - [STDERR_REDIRECT] 
2026-07-17 08:25:24,388 [ERROR] LogOutputStream:75 - [STDERR_REDIRECT] [Fatal Error] :1:1: Premature end of file.
2026-07-17 08:25:24,389 [ERROR] LogOutputStream:75 - [STDERR_REDIRECT] 
2026-07-17 08:25:25,409 [ERROR] LogOutputStream:75 - [STDERR_REDIRECT] [Fatal Error] :1:1: Premature end of file.
2026-07-17 08:25:25,409 [ERROR] LogOutputStream:75 - [STDERR_REDIRECT] 
2026-07-17 08:25:26,425 [ERROR] LogOutputStream:75 - [STDERR_REDIRECT] [Fatal Error] :1:1: Premature end of file.
2026-07-17 08:25:26,425 [ERROR] LogOutputStream:75 - [STDERR_REDIRECT] 
2026-07-17 08:25:27,439 [ERROR] LogOutputStream:75 - [STDERR_REDIRECT] [Fatal Error] :1:1: Premature end of file.
2026-07-17 08:25:27,439 [ERROR] LogOutputStream:75 - [STDERR_REDIRECT] 
2026-07-17 08:25:28,412 [ERROR] LogOutputStream:75 - [STDERR_REDIRECT] [Fatal Error] :1:1: Premature end of file.
2026-07-17 08:25:28,412 [ERROR] LogOutputStream:75 - [STDERR_REDIRECT] 
2026-07-17 08:25:29,430 [ERROR] LogOutputStream:75 - [STDERR_REDIRECT] [Fatal Error] :1:1: Premature end of file.
2026-07-17 08:25:29,430 [ERROR] LogOutputStream:75 - [STDERR_REDIRECT] 
2026-07-17 08:25:30,416 [ERROR] LogOutputStream:75 - [STDERR_REDIRECT] [Fatal Error] :1:1: Premature end of file.
2026-07-17 08:25:30,416 [ERROR] LogOutputStream:75 - [STDERR_REDIRECT] 
2026-07-17 08:25:31,415 [ERROR] LogOutputStream:75 - [STDERR_REDIRECT] [Fatal Error] :1:1: Premature end of file.
2026-07-17 08:25:31,415 [ERROR] LogOutputStream:75 - [STDERR_REDIRECT] 
2026-07-17 08:25:32,432 [ERROR] LogOutputStream:75 - [STDERR_REDIRECT] [Fatal Error] :1:1: Premature end of file.
2026-07-17 08:25:32,432 [ERROR] LogOutputStream:75 - [STDERR_REDIRECT] 
2026-07-17 08:25:33,472 [ERROR] LogOutputStream:75 - [STDERR_REDIRECT] [Fatal Error] :1:1: Premature end of file.
2026-07-17 08:25:33,472 [ERROR] LogOutputStream:75 - [STDERR_REDIRECT] 
2026-07-17 08:25:34,402 [ERROR] LogOutputStream:75 - [STDERR_REDIRECT] [Fatal Error] :1:1: Premature end of file.
2026-07-17 08:25:34,402 [ERROR] LogOutputStream:75 - [STDERR_REDIRECT] 
2026-07-17 08:25:35,431 [ERROR] LogOutputStream:75 - [STDERR_REDIRECT] [Fatal Error] :1:1: Premature end of file.
2026-07-17 08:25:35,431 [ERROR] LogOutputStream:75 - [STDERR_REDIRECT] 
2026-07-17 08:25:36,420 [ERROR] LogOutputStream:75 - [STDERR_REDIRECT] [Fatal Error] :1:1: Premature end of file.
2026-07-17 08:25:36,420 [ERROR] LogOutputStream:75 - [STDERR_REDIRECT] 
2026-07-17 08:25:37,441 [ERROR] LogOutputStream:75 - [STDERR_REDIRECT] [Fatal Error] :1:1: Premature end of file.
2026-07-17 08:25:37,441 [ERROR] LogOutputStream:75 - [STDERR_REDIRECT] 
2026-07-17 08:25:38,436 [ERROR] LogOutputStream:75 - [STDERR_REDIRECT] [Fatal Error] :1:1: Premature end of file.
2026-07-17 08:25:38,437 [ERROR] LogOutputStream:75 - [STDERR_REDIRECT] 
2026-07-17 08:25:39,405 [ERROR] LogOutputStream:75 - [STDERR_REDIRECT] [Fatal Error] :1:1: Premature end of file.
2026-07-17 08:25:39,406 [ERROR] LogOutputStream:75 - [STDERR_REDIRECT] 
2026-07-17 08:25:40,424 [ERROR] LogOutputStream:75 - [STDERR_REDIRECT] [Fatal Error] :1:1: Premature end of file.
2026-07-17 08:25:40,424 [ERROR] LogOutputStream:75 - [STDERR_REDIRECT] 
2026-07-17 08:25:41,418 [ERROR] LogOutputStream:75 - [STDERR_REDIRECT] [Fatal Error] :1:1: Premature end of file.
2026-07-17 08:25:41,419 [ERROR] LogOutputStream:75 - [STDERR_REDIRECT] 
2026-07-17 08:25:42,450 [ERROR] LogOutputStream:75 - [STDERR_REDIRECT] [Fatal Error] :1:1: Premature end of file.
2026-07-17 08:25:42,450 [ERROR] LogOutputStream:75 - [STDERR_REDIRECT] 
2026-07-17 08:25:43,450 [ERROR] LogOutputStream:75 - [STDERR_REDIRECT] [Fatal Error] :1:1: Premature end of file.
2026-07-17 08:25:43,451 [ERROR] LogOutputStream:75 - [STDERR_REDIRECT] 
2026-07-17 08:25:44,424 [ERROR] LogOutputStream:75 - [STDERR_REDIRECT] [Fatal Error] :1:1: Premature end of file.
2026-07-17 08:25:44,424 [ERROR] LogOutputStream:75 - [STDERR_REDIRECT] 
2026-07-17 08:25:45,400 [ERROR] LogOutputStream:75 - [STDERR_REDIRECT] [Fatal Error] :1:1: Premature end of file.
2026-07-17 08:25:45,400 [ERROR] LogOutputStream:75 - [STDERR_REDIRECT] 
2026-07-17 08:25:46,426 [ERROR] LogOutputStream:75 - [STDERR_REDIRECT] [Fatal Error] :1:1: Premature end of file.
2026-07-17 08:25:46,427 [ERROR] LogOutputStream:75 - [STDERR_REDIRECT] 
2026-07-17 08:25:47,438 [ERROR] LogOutputStream:75 - [STDERR_REDIRECT] [Fatal Error] :1:1: Premature end of file.
2026-07-17 08:25:47,438 [ERROR] LogOutputStream:75 - [STDERR_REDIRECT] 
2026-07-17 08:25:48,429 [ERROR] LogOutputStream:75 - [STDERR_REDIRECT] [Fatal Error] :1:1: Premature end of file.
2026-07-17 08:25:48,429 [ERROR] LogOutputStream:75 - [STDERR_REDIRECT] 
2026-07-17 08:25:49,402 [ERROR] LogOutputStream:75 - [STDERR_REDIRECT] [Fatal Error] :1:1: Premature end of file.
2026-07-17 08:25:49,402 [ERROR] LogOutputStream:75 - [STDERR_REDIRECT] 
2026-07-17 08:25:50,409 [ERROR] LogOutputStream:75 - [STDERR_REDIRECT] [Fatal Error] :1:1: Premature end of file.
2026-07-17 08:25:50,409 [ERROR] LogOutputStream:75 - [STDERR_REDIRECT] 
2026-07-17 08:25:51,409 [ERROR] LogOutputStream:75 - [STDERR_REDIRECT] [Fatal Error] :1:1: Premature end of file.
2026-07-17 08:25:51,409 [ERROR] LogOutputStream:75 - [STDERR_REDIRECT] 
2026-07-17 08:25:52,478 [ERROR] LogOutputStream:75 - [STDERR_REDIRECT] [Fatal Error] :1:1: Premature end of file.
2026-07-17 08:25:52,479 [ERROR] LogOutputStream:75 - [STDERR_REDIRECT] 
2026-07-17 08:25:53,418 [ERROR] LogOutputStream:75 - [STDERR_REDIRECT] [Fatal Error] :1:1: Premature end of file.
2026-07-17 08:25:53,418 [ERROR] LogOutputStream:75 - [STDERR_REDIRECT] 
2026-07-17 08:25:54,414 [ERROR] LogOutputStream:75 - [STDERR_REDIRECT] [Fatal Error] :1:1: Premature end of file.
2026-07-17 08:25:54,414 [ERROR] LogOutputStream:75 - [STDERR_REDIRECT] 
2026-07-17 08:25:55,396 [ERROR] LogOutputStream:75 - [STDERR_REDIRECT] [Fatal Error] :1:1: Premature end of file.
2026-07-17 08:25:55,396 [ERROR] LogOutputStream:75 - [STDERR_REDIRECT] 
2026-07-17 08:25:56,405 [ERROR] LogOutputStream:75 - [STDERR_REDIRECT] [Fatal Error] :1:1: Premature end of file.
2026-07-17 08:25:56,405 [ERROR] LogOutputStream:75 - [STDERR_REDIRECT] 
2026-07-17 08:25:57,406 [ERROR] LogOutputStream:75 - [STDERR_REDIRECT] [Fatal Error] :1:1: Premature end of file.
2026-07-17 08:25:57,406 [ERROR] LogOutputStream:75 - [STDERR_REDIRECT] 
2026-07-17 08:25:58,412 [ERROR] LogOutputStream:75 - [STDERR_REDIRECT] [Fatal Error] :1:1: Premature end of file.
2026-07-17 08:25:58,412 [ERROR] LogOutputStream:75 - [STDERR_REDIRECT] 
2026-07-17 08:25:59,408 [ERROR] LogOutputStream:75 - [STDERR_REDIRECT] [Fatal Error] :1:1: Premature end of file.
2026-07-17 08:25:59,408 [ERROR] LogOutputStream:75 - [STDERR_REDIRECT] 
2026-07-17 08:26:00,404 [ERROR] LogOutputStream:75 - [STDERR_REDIRECT] [Fatal Error] :1:1: Premature end of file.
2026-07-17 08:26:00,404 [ERROR] LogOutputStream:75 - [STDERR_REDIRECT] 
2026-07-17 08:26:01,417 [ERROR] LogOutputStream:75 - [STDERR_REDIRECT] [Fatal Error] :1:1: Premature end of file.
2026-07-17 08:26:01,417 [ERROR] LogOutputStream:75 - [STDERR_REDIRECT] 
2026-07-17 08:26:02,409 [ERROR] LogOutputStream:75 - [STDERR_REDIRECT] [Fatal Error] :1:1: Premature end of file.
2026-07-17 08:26:02,410 [ERROR] LogOutputStream:75 - [STDERR_REDIRECT] 
2026-07-17 08:26:03,403 [ERROR] LogOutputStream:75 - [STDERR_REDIRECT] [Fatal Error] :1:1: Premature end of file.
2026-07-17 08:26:03,404 [ERROR] LogOutputStream:75 - [STDERR_REDIRECT] 
2026-07-17 08:26:04,434 [ERROR] LogOutputStream:75 - [STDERR_REDIRECT] [Fatal Error] :1:1: Premature end of file.
2026-07-17 08:26:04,435 [ERROR] LogOutputStream:75 - [STDERR_REDIRECT] 
2026-07-17 08:26:05,415 [ERROR] LogOutputStream:75 - [STDERR_REDIRECT] [Fatal Error] :1:1: Premature end of file.
2026-07-17 08:26:05,415 [ERROR] LogOutputStream:75 - [STDERR_REDIRECT] 
2026-07-17 08:26:06,407 [ERROR] LogOutputStream:75 - [STDERR_REDIRECT] [Fatal Error] :1:1: Premature end of file.
2026-07-17 08:26:06,407 [ERROR] LogOutputStream:75 - [STDERR_REDIRECT] 
2026-07-17 08:26:07,403 [ERROR] LogOutputStream:75 - [STDERR_REDIRECT] [Fatal Error] :1:1: Premature end of file.
2026-07-17 08:26:07,403 [ERROR] LogOutputStream:75 - [STDERR_REDIRECT] 
2026-07-17 08:26:08,406 [ERROR] LogOutputStream:75 - [STDERR_REDIRECT] [Fatal Error] :1:1: Premature end of file.
2026-07-17 08:26:08,406 [ERROR] LogOutputStream:75 - [STDERR_REDIRECT] 
2026-07-17 08:26:09,405 [ERROR] LogOutputStream:75 - [STDERR_REDIRECT] [Fatal Error] :1:1: Premature end of file.
2026-07-17 08:26:09,405 [ERROR] LogOutputStream:75 - [STDERR_REDIRECT] 
2026-07-17 08:26:10,428 [ERROR] LogOutputStream:75 - [STDERR_REDIRECT] [Fatal Error] :1:1: Premature end of file.
2026-07-17 08:26:10,428 [ERROR] LogOutputStream:75 - [STDERR_REDIRECT] 
2026-07-17 08:26:11,403 [ERROR] LogOutputStream:75 - [STDERR_REDIRECT] [Fatal Error] :1:1: Premature end of file.
2026-07-17 08:26:11,403 [ERROR] LogOutputStream:75 - [STDERR_REDIRECT] 
2026-07-17 08:26:12,408 [ERROR] LogOutputStream:75 - [STDERR_REDIRECT] [Fatal Error] :1:1: Premature end of file.
2026-07-17 08:26:12,408 [ERROR] LogOutputStream:75 - [STDERR_REDIRECT] 
2026-07-17 08:26:13,404 [ERROR] LogOutputStream:75 - [STDERR_REDIRECT] [Fatal Error] :1:1: Premature end of file.
2026-07-17 08:26:13,404 [ERROR] LogOutputStream:75 - [STDERR_REDIRECT] 
2026-07-17 08:26:14,414 [ERROR] LogOutputStream:75 - [STDERR_REDIRECT] [Fatal Error] :1:1: Premature end of file.
2026-07-17 08:26:14,414 [ERROR] LogOutputStream:75 - [STDERR_REDIRECT] 
2026-07-17 08:26:15,414 [ERROR] LogOutputStream:75 - [STDERR_REDIRECT] [Fatal Error] :1:1: Premature end of file.
2026-07-17 08:26:15,414 [ERROR] LogOutputStream:75 - [STDERR_REDIRECT] 
2026-07-17 08:26:16,412 [ERROR] LogOutputStream:75 - [STDERR_REDIRECT] [Fatal Error] :1:1: Premature end of file.
2026-07-17 08:26:16,413 [ERROR] LogOutputStream:75 - [STDERR_REDIRECT] 
2026-07-17 08:26:17,418 [ERROR] LogOutputStream:75 - [STDERR_REDIRECT] [Fatal Error] :1:1: Premature end of file.
2026-07-17 08:26:17,419 [ERROR] LogOutputStream:75 - [STDERR_REDIRECT] 
2026-07-17 08:26:18,393 [ERROR] LogOutputStream:75 - [STDERR_REDIRECT] [Fatal Error] :1:1: Premature end of file.
2026-07-17 08:26:18,393 [ERROR] LogOutputStream:75 - [STDERR_REDIRECT] 
2026-07-17 08:26:19,407 [ERROR] LogOutputStream:75 - [STDERR_REDIRECT] [Fatal Error] :1:1: Premature end of file.
2026-07-17 08:26:19,407 [ERROR] LogOutputStream:75 - [STDERR_REDIRECT] 
2026-07-17 08:26:20,391 [ERROR] LogOutputStream:75 - [STDERR_REDIRECT] [Fatal Error] :1:1: Premature end of file.
2026-07-17 08:26:20,391 [ERROR] LogOutputStream:75 - [STDERR_REDIRECT] 
2026-07-17 08:26:21,404 [ERROR] LogOutputStream:75 - [STDERR_REDIRECT] [Fatal Error] :1:1: Premature end of file.
2026-07-17 08:26:21,404 [ERROR] LogOutputStream:75 - [STDERR_REDIRECT] 
2026-07-17 08:26:22,409 [ERROR] LogOutputStream:75 - [STDERR_REDIRECT] [Fatal Error] :1:1: Premature end of file.
2026-07-17 08:26:22,409 [ERROR] LogOutputStream:75 - [STDERR_REDIRECT] 
2026-07-17 08:26:23,416 [ERROR] LogOutputStream:75 - [STDERR_REDIRECT] [Fatal Error] :1:1: Premature end of file.
2026-07-17 08:26:23,417 [ERROR] LogOutputStream:75 - [STDERR_REDIRECT] 
2026-07-17 08:26:24,415 [ERROR] LogOutputStream:75 - [STDERR_REDIRECT] [Fatal Error] :1:1: Premature end of file.
2026-07-17 08:26:24,415 [ERROR] LogOutputStream:75 - [STDERR_REDIRECT] 
2026-07-17 08:26:25,389 [ERROR] LogOutputStream:75 - [STDERR_REDIRECT] [Fatal Error] :1:1: Premature end of file.
2026-07-17 08:26:25,389 [ERROR] LogOutputStream:75 - [STDERR_REDIRECT] 
2026-07-17 08:26:26,397 [ERROR] LogOutputStream:75 - [STDERR_REDIRECT] [Fatal Error] :1:1: Premature end of file.
2026-07-17 08:26:26,397 [ERROR] LogOutputStream:75 - [STDERR_REDIRECT] 
2026-07-17 08:26:27,400 [ERROR] LogOutputStream:75 - [STDERR_REDIRECT] [Fatal Error] :1:1: Premature end of file.
2026-07-17 08:26:27,400 [ERROR] LogOutputStream:75 - [STDERR_REDIRECT] 
2026-07-17 08:26:28,411 [ERROR] LogOutputStream:75 - [STDERR_REDIRECT] [Fatal Error] :1:1: Premature end of file.
2026-07-17 08:26:28,412 [ERROR] LogOutputStream:75 - [STDERR_REDIRECT] 
2026-07-17 08:26:29,397 [ERROR] LogOutputStream:75 - [STDERR_REDIRECT] [Fatal Error] :1:1: Premature end of file.
2026-07-17 08:26:29,397 [ERROR] LogOutputStream:75 - [STDERR_REDIRECT] 
2026-07-17 08:26:30,397 [ERROR] LogOutputStream:75 - [STDERR_REDIRECT] [Fatal Error] :1:1: Premature end of file.
2026-07-17 08:26:30,397 [ERROR] LogOutputStream:75 - [STDERR_REDIRECT] 
2026-07-17 08:26:31,404 [ERROR] LogOutputStream:75 - [STDERR_REDIRECT] [Fatal Error] :1:1: Premature end of file.
2026-07-17 08:26:31,404 [ERROR] LogOutputStream:75 - [STDERR_REDIRECT] 
2026-07-17 08:26:32,414 [ERROR] LogOutputStream:75 - [STDERR_REDIRECT] [Fatal Error] :1:1: Premature end of file.
2026-07-17 08:26:32,414 [ERROR] LogOutputStream:75 - [STDERR_REDIRECT] 
2026-07-17 08:26:33,395 [ERROR] LogOutputStream:75 - [STDERR_REDIRECT] [Fatal Error] :1:1: Premature end of file.
2026-07-17 08:26:33,395 [ERROR] LogOutputStream:75 - [STDERR_REDIRECT] 
2026-07-17 08:26:34,406 [ERROR] LogOutputStream:75 - [STDERR_REDIRECT] [Fatal Error] :1:1: Premature end of file.
2026-07-17 08:26:34,406 [ERROR] LogOutputStream:75 - [STDERR_REDIRECT] 
2026-07-17 08:26:35,406 [ERROR] LogOutputStream:75 - [STDERR_REDIRECT] [Fatal Error] :1:1: Premature end of file.
2026-07-17 08:26:35,407 [ERROR] LogOutputStream:75 - [STDERR_REDIRECT] 
2026-07-17 08:26:36,410 [ERROR] LogOutputStream:75 - [STDERR_REDIRECT] [Fatal Error] :1:1: Premature end of file.
2026-07-17 08:26:36,410 [ERROR] LogOutputStream:75 - [STDERR_REDIRECT] 
2026-07-17 08:26:37,416 [ERROR] LogOutputStream:75 - [STDERR_REDIRECT] [Fatal Error] :1:1: Premature end of file.
2026-07-17 08:26:37,417 [ERROR] LogOutputStream:75 - [STDERR_REDIRECT] 
2026-07-17 08:26:38,401 [ERROR] LogOutputStream:75 - [STDERR_REDIRECT] [Fatal Error] :1:1: Premature end of file.
2026-07-17 08:26:38,402 [ERROR] LogOutputStream:75 - [STDERR_REDIRECT] 
2026-07-17 08:26:39,421 [ERROR] LogOutputStream:75 - [STDERR_REDIRECT] [Fatal Error] :1:1: Premature end of file.
2026-07-17 08:26:39,421 [ERROR] LogOutputStream:75 - [STDERR_REDIRECT] 
2026-07-17 08:26:40,408 [ERROR] LogOutputStream:75 - [STDERR_REDIRECT] [Fatal Error] :1:1: Premature end of file.
2026-07-17 08:26:40,408 [ERROR] LogOutputStream:75 - [STDERR_REDIRECT] 
2026-07-17 08:26:41,407 [ERROR] LogOutputStream:75 - [STDERR_REDIRECT] [Fatal Error] :1:1: Premature end of file.
2026-07-17 08:26:41,407 [ERROR] LogOutputStream:75 - [STDERR_REDIRECT] 
2026-07-17 08:26:42,470 [ERROR] LogOutputStream:75 - [STDERR_REDIRECT] [Fatal Error] :1:1: Premature end of file.
2026-07-17 08:26:42,470 [ERROR] LogOutputStream:75 - [STDERR_REDIRECT] 
2026-07-17 08:26:43,448 [ERROR] LogOutputStream:75 - [STDERR_REDIRECT] [Fatal Error] :1:1: Premature end of file.
2026-07-17 08:26:43,449 [ERROR] LogOutputStream:75 - [STDERR_REDIRECT] 
2026-07-17 08:26:44,439 [ERROR] LogOutputStream:75 - [STDERR_REDIRECT] [Fatal Error] :1:1: Premature end of file.
2026-07-17 08:26:44,440 [ERROR] LogOutputStream:75 - [STDERR_REDIRECT] 
2026-07-17 08:26:45,429 [ERROR] LogOutputStream:75 - [STDERR_REDIRECT] [Fatal Error] :1:1: Premature end of file.
2026-07-17 08:26:45,430 [ERROR] LogOutputStream:75 - [STDERR_REDIRECT] 
2026-07-17 08:26:46,425 [ERROR] LogOutputStream:75 - [STDERR_REDIRECT] [Fatal Error] :1:1: Premature end of file.
2026-07-17 08:26:46,425 [ERROR] LogOutputStream:75 - [STDERR_REDIRECT] 
2026-07-17 08:26:47,440 [ERROR] LogOutputStream:75 - [STDERR_REDIRECT] [Fatal Error] :1:1: Premature end of file.
2026-07-17 08:26:47,441 [ERROR] LogOutputStream:75 - [STDERR_REDIRECT] 
2026-07-17 08:26:48,405 [ERROR] LogOutputStream:75 - [STDERR_REDIRECT] [Fatal Error] :1:1: Premature end of file.
2026-07-17 08:26:48,406 [ERROR] LogOutputStream:75 - [STDERR_REDIRECT] 
2026-07-17 08:26:49,429 [ERROR] LogOutputStream:75 - [STDERR_REDIRECT] [Fatal Error] :1:1: Premature end of file.
2026-07-17 08:26:49,429 [ERROR] LogOutputStream:75 - [STDERR_REDIRECT] 
2026-07-17 08:26:50,434 [ERROR] LogOutputStream:75 - [STDERR_REDIRECT] [Fatal Error] :1:1: Premature end of file.
2026-07-17 08:26:50,435 [ERROR] LogOutputStream:75 - [STDERR_REDIRECT] 
2026-07-17 08:26:51,498 [ERROR] LogOutputStream:75 - [STDERR_REDIRECT] [Fatal Error] :1:1: Premature end of file.
2026-07-17 08:26:51,500 [ERROR] LogOutputStream:75 - [STDERR_REDIRECT] 
2026-07-17 08:26:52,473 [ERROR] LogOutputStream:75 - [STDERR_REDIRECT] [Fatal Error] :1:1: Premature end of file.
2026-07-17 08:26:52,473 [ERROR] LogOutputStream:75 - [STDERR_REDIRECT] 
2026-07-17 08:26:52,531 [INFO] Gpio:278 - dependency for GPIO []
2026-07-17 08:26:53,443 [ERROR] LogOutputStream:75 - [STDERR_REDIRECT] [Fatal Error] :1:1: Premature end of file.
2026-07-17 08:26:53,443 [ERROR] LogOutputStream:75 - [STDERR_REDIRECT] 
2026-07-17 08:26:54,419 [ERROR] LogOutputStream:75 - [STDERR_REDIRECT] [Fatal Error] :1:1: Premature end of file.
2026-07-17 08:26:54,419 [ERROR] LogOutputStream:75 - [STDERR_REDIRECT] 
2026-07-17 08:26:55,442 [ERROR] LogOutputStream:75 - [STDERR_REDIRECT] [Fatal Error] :1:1: Premature end of file.
2026-07-17 08:26:55,442 [ERROR] LogOutputStream:75 - [STDERR_REDIRECT] 
2026-07-17 08:26:56,435 [ERROR] LogOutputStream:75 - [STDERR_REDIRECT] [Fatal Error] :1:1: Premature end of file.
2026-07-17 08:26:56,435 [ERROR] LogOutputStream:75 - [STDERR_REDIRECT] 
2026-07-17 08:26:57,436 [ERROR] LogOutputStream:75 - [STDERR_REDIRECT] [Fatal Error] :1:1: Premature end of file.
2026-07-17 08:26:57,436 [ERROR] LogOutputStream:75 - [STDERR_REDIRECT] 
2026-07-17 08:26:58,425 [ERROR] LogOutputStream:75 - [STDERR_REDIRECT] [Fatal Error] :1:1: Premature end of file.
2026-07-17 08:26:58,426 [ERROR] LogOutputStream:75 - [STDERR_REDIRECT] 
2026-07-17 08:26:59,415 [ERROR] LogOutputStream:75 - [STDERR_REDIRECT] [Fatal Error] :1:1: Premature end of file.
2026-07-17 08:26:59,415 [ERROR] LogOutputStream:75 - [STDERR_REDIRECT] 
2026-07-17 08:27:00,463 [ERROR] LogOutputStream:75 - [STDERR_REDIRECT] [Fatal Error] :1:1: Premature end of file.
2026-07-17 08:27:00,464 [ERROR] LogOutputStream:75 - [STDERR_REDIRECT] 
2026-07-17 08:27:01,412 [ERROR] LogOutputStream:75 - [STDERR_REDIRECT] [Fatal Error] :1:1: Premature end of file.
2026-07-17 08:27:01,412 [ERROR] LogOutputStream:75 - [STDERR_REDIRECT] 
2026-07-17 08:27:02,399 [ERROR] LogOutputStream:75 - [STDERR_REDIRECT] [Fatal Error] :1:1: Premature end of file.
2026-07-17 08:27:02,399 [ERROR] LogOutputStream:75 - [STDERR_REDIRECT] 
2026-07-17 08:27:03,442 [ERROR] LogOutputStream:75 - [STDERR_REDIRECT] [Fatal Error] :1:1: Premature end of file.
2026-07-17 08:27:03,442 [ERROR] LogOutputStream:75 - [STDERR_REDIRECT] 
2026-07-17 08:27:04,447 [ERROR] LogOutputStream:75 - [STDERR_REDIRECT] [Fatal Error] :1:1: Premature end of file.
2026-07-17 08:27:04,447 [ERROR] LogOutputStream:75 - [STDERR_REDIRECT] 
2026-07-17 08:27:05,423 [ERROR] LogOutputStream:75 - [STDERR_REDIRECT] [Fatal Error] :1:1: Premature end of file.
2026-07-17 08:27:05,423 [ERROR] LogOutputStream:75 - [STDERR_REDIRECT] 
2026-07-17 08:27:06,405 [ERROR] LogOutputStream:75 - [STDERR_REDIRECT] [Fatal Error] :1:1: Premature end of file.
2026-07-17 08:27:06,405 [ERROR] LogOutputStream:75 - [STDERR_REDIRECT] 
2026-07-17 08:27:07,408 [ERROR] LogOutputStream:75 - [STDERR_REDIRECT] [Fatal Error] :1:1: Premature end of file.
2026-07-17 08:27:07,408 [ERROR] LogOutputStream:75 - [STDERR_REDIRECT] 
2026-07-17 08:27:08,405 [ERROR] LogOutputStream:75 - [STDERR_REDIRECT] [Fatal Error] :1:1: Premature end of file.
2026-07-17 08:27:08,406 [ERROR] LogOutputStream:75 - [STDERR_REDIRECT] 
2026-07-17 08:27:09,425 [ERROR] LogOutputStream:75 - [STDERR_REDIRECT] [Fatal Error] :1:1: Premature end of file.
2026-07-17 08:27:09,426 [ERROR] LogOutputStream:75 - [STDERR_REDIRECT] 
2026-07-17 08:27:10,436 [ERROR] LogOutputStream:75 - [STDERR_REDIRECT] [Fatal Error] :1:1: Premature end of file.
2026-07-17 08:27:10,436 [ERROR] LogOutputStream:75 - [STDERR_REDIRECT] 
2026-07-17 08:27:11,422 [ERROR] LogOutputStream:75 - [STDERR_REDIRECT] [Fatal Error] :1:1: Premature end of file.
2026-07-17 08:27:11,422 [ERROR] LogOutputStream:75 - [STDERR_REDIRECT] 
2026-07-17 08:27:12,412 [ERROR] LogOutputStream:75 - [STDERR_REDIRECT] [Fatal Error] :1:1: Premature end of file.
2026-07-17 08:27:12,413 [ERROR] LogOutputStream:75 - [STDERR_REDIRECT] 
2026-07-17 08:27:13,426 [ERROR] LogOutputStream:75 - [STDERR_REDIRECT] [Fatal Error] :1:1: Premature end of file.
2026-07-17 08:27:13,426 [ERROR] LogOutputStream:75 - [STDERR_REDIRECT] 
2026-07-17 08:27:14,416 [ERROR] LogOutputStream:75 - [STDERR_REDIRECT] [Fatal Error] :1:1: Premature end of file.
2026-07-17 08:27:14,416 [ERROR] LogOutputStream:75 - [STDERR_REDIRECT] 
2026-07-17 08:27:15,411 [ERROR] LogOutputStream:75 - [STDERR_REDIRECT] [Fatal Error] :1:1: Premature end of file.
2026-07-17 08:27:15,411 [ERROR] LogOutputStream:75 - [STDERR_REDIRECT] 
2026-07-17 08:27:16,425 [ERROR] LogOutputStream:75 - [STDERR_REDIRECT] [Fatal Error] :1:1: Premature end of file.
2026-07-17 08:27:16,425 [ERROR] LogOutputStream:75 - [STDERR_REDIRECT] 
2026-07-17 08:27:17,415 [ERROR] LogOutputStream:75 - [STDERR_REDIRECT] [Fatal Error] :1:1: Premature end of file.
2026-07-17 08:27:17,415 [ERROR] LogOutputStream:75 - [STDERR_REDIRECT] 
2026-07-17 08:27:18,411 [ERROR] LogOutputStream:75 - [STDERR_REDIRECT] [Fatal Error] :1:1: Premature end of file.
2026-07-17 08:27:18,412 [ERROR] LogOutputStream:75 - [STDERR_REDIRECT] 
2026-07-17 08:27:19,417 [ERROR] LogOutputStream:75 - [STDERR_REDIRECT] [Fatal Error] :1:1: Premature end of file.
2026-07-17 08:27:19,418 [ERROR] LogOutputStream:75 - [STDERR_REDIRECT] 
2026-07-17 08:27:20,428 [ERROR] LogOutputStream:75 - [STDERR_REDIRECT] [Fatal Error] :1:1: Premature end of file.
2026-07-17 08:27:20,428 [ERROR] LogOutputStream:75 - [STDERR_REDIRECT] 
2026-07-17 08:27:21,416 [ERROR] LogOutputStream:75 - [STDERR_REDIRECT] [Fatal Error] :1:1: Premature end of file.
2026-07-17 08:27:21,416 [ERROR] LogOutputStream:75 - [STDERR_REDIRECT] 
2026-07-17 08:27:22,417 [ERROR] LogOutputStream:75 - [STDERR_REDIRECT] [Fatal Error] :1:1: Premature end of file.
2026-07-17 08:27:22,417 [ERROR] LogOutputStream:75 - [STDERR_REDIRECT] 
2026-07-17 08:27:23,391 [ERROR] LogOutputStream:75 - [STDERR_REDIRECT] [Fatal Error] :1:1: Premature end of file.
2026-07-17 08:27:23,391 [ERROR] LogOutputStream:75 - [STDERR_REDIRECT] 
2026-07-17 08:27:24,385 [ERROR] LogOutputStream:75 - [STDERR_REDIRECT] [Fatal Error] :1:1: Premature end of file.
2026-07-17 08:27:24,386 [ERROR] LogOutputStream:75 - [STDERR_REDIRECT] 
2026-07-17 08:27:25,393 [ERROR] LogOutputStream:75 - [STDERR_REDIRECT] [Fatal Error] :1:1: Premature end of file.
2026-07-17 08:27:25,393 [ERROR] LogOutputStream:75 - [STDERR_REDIRECT] 
2026-07-17 08:27:26,414 [ERROR] LogOutputStream:75 - [STDERR_REDIRECT] [Fatal Error] :1:1: Premature end of file.
2026-07-17 08:27:26,414 [ERROR] LogOutputStream:75 - [STDERR_REDIRECT] 
2026-07-17 08:27:27,412 [ERROR] LogOutputStream:75 - [STDERR_REDIRECT] [Fatal Error] :1:1: Premature end of file.
2026-07-17 08:27:27,412 [ERROR] LogOutputStream:75 - [STDERR_REDIRECT] 
2026-07-17 08:27:28,418 [ERROR] LogOutputStream:75 - [STDERR_REDIRECT] [Fatal Error] :1:1: Premature end of file.
2026-07-17 08:27:28,418 [ERROR] LogOutputStream:75 - [STDERR_REDIRECT] 
2026-07-17 08:27:29,419 [ERROR] LogOutputStream:75 - [STDERR_REDIRECT] [Fatal Error] :1:1: Premature end of file.
2026-07-17 08:27:29,419 [ERROR] LogOutputStream:75 - [STDERR_REDIRECT] 
2026-07-17 08:27:30,417 [ERROR] LogOutputStream:75 - [STDERR_REDIRECT] [Fatal Error] :1:1: Premature end of file.
2026-07-17 08:27:30,417 [ERROR] LogOutputStream:75 - [STDERR_REDIRECT] 
2026-07-17 08:27:31,413 [ERROR] LogOutputStream:75 - [STDERR_REDIRECT] [Fatal Error] :1:1: Premature end of file.
2026-07-17 08:27:31,413 [ERROR] LogOutputStream:75 - [STDERR_REDIRECT] 
2026-07-17 08:27:32,410 [ERROR] LogOutputStream:75 - [STDERR_REDIRECT] [Fatal Error] :1:1: Premature end of file.
2026-07-17 08:27:32,410 [ERROR] LogOutputStream:75 - [STDERR_REDIRECT] 
2026-07-17 08:27:33,414 [ERROR] LogOutputStream:75 - [STDERR_REDIRECT] [Fatal Error] :1:1: Premature end of file.
2026-07-17 08:27:33,414 [ERROR] LogOutputStream:75 - [STDERR_REDIRECT] 
2026-07-17 08:27:34,407 [ERROR] LogOutputStream:75 - [STDERR_REDIRECT] [Fatal Error] :1:1: Premature end of file.
2026-07-17 08:27:34,407 [ERROR] LogOutputStream:75 - [STDERR_REDIRECT] 
2026-07-17 08:27:35,410 [ERROR] LogOutputStream:75 - [STDERR_REDIRECT] [Fatal Error] :1:1: Premature end of file.
2026-07-17 08:27:35,411 [ERROR] LogOutputStream:75 - [STDERR_REDIRECT] 
2026-07-17 08:27:36,409 [ERROR] LogOutputStream:75 - [STDERR_REDIRECT] [Fatal Error] :1:1: Premature end of file.
2026-07-17 08:27:36,409 [ERROR] LogOutputStream:75 - [STDERR_REDIRECT] 
2026-07-17 08:27:37,422 [ERROR] LogOutputStream:75 - [STDERR_REDIRECT] [Fatal Error] :1:1: Premature end of file.
2026-07-17 08:27:37,422 [ERROR] LogOutputStream:75 - [STDERR_REDIRECT] 
2026-07-17 08:27:38,412 [ERROR] LogOutputStream:75 - [STDERR_REDIRECT] [Fatal Error] :1:1: Premature end of file.
2026-07-17 08:27:38,412 [ERROR] LogOutputStream:75 - [STDERR_REDIRECT] 
2026-07-17 08:27:39,411 [ERROR] LogOutputStream:75 - [STDERR_REDIRECT] [Fatal Error] :1:1: Premature end of file.
2026-07-17 08:27:39,411 [ERROR] LogOutputStream:75 - [STDERR_REDIRECT] 
2026-07-17 08:27:39,736 [INFO] Gpio:278 - dependency for GPIO []
2026-07-17 08:27:40,423 [ERROR] LogOutputStream:75 - [STDERR_REDIRECT] [Fatal Error] :1:1: Premature end of file.
2026-07-17 08:27:40,423 [ERROR] LogOutputStream:75 - [STDERR_REDIRECT] 
2026-07-17 08:27:41,416 [ERROR] LogOutputStream:75 - [STDERR_REDIRECT] [Fatal Error] :1:1: Premature end of file.
2026-07-17 08:27:41,417 [ERROR] LogOutputStream:75 - [STDERR_REDIRECT] 
2026-07-17 08:27:42,429 [ERROR] LogOutputStream:75 - [STDERR_REDIRECT] [Fatal Error] :1:1: Premature end of file.
2026-07-17 08:27:42,430 [ERROR] LogOutputStream:75 - [STDERR_REDIRECT] 
2026-07-17 08:27:43,403 [ERROR] LogOutputStream:75 - [STDERR_REDIRECT] [Fatal Error] :1:1: Premature end of file.
2026-07-17 08:27:43,403 [ERROR] LogOutputStream:75 - [STDERR_REDIRECT] 
2026-07-17 08:27:44,415 [ERROR] LogOutputStream:75 - [STDERR_REDIRECT] [Fatal Error] :1:1: Premature end of file.
2026-07-17 08:27:44,415 [ERROR] LogOutputStream:75 - [STDERR_REDIRECT] 
2026-07-17 08:27:45,410 [ERROR] LogOutputStream:75 - [STDERR_REDIRECT] [Fatal Error] :1:1: Premature end of file.
2026-07-17 08:27:45,411 [ERROR] LogOutputStream:75 - [STDERR_REDIRECT] 
2026-07-17 08:27:46,413 [ERROR] LogOutputStream:75 - [STDERR_REDIRECT] [Fatal Error] :1:1: Premature end of file.
2026-07-17 08:27:46,414 [ERROR] LogOutputStream:75 - [STDERR_REDIRECT] 
2026-07-17 08:27:47,411 [ERROR] LogOutputStream:75 - [STDERR_REDIRECT] [Fatal Error] :1:1: Premature end of file.
2026-07-17 08:27:47,412 [ERROR] LogOutputStream:75 - [STDERR_REDIRECT] 
2026-07-17 08:27:48,417 [ERROR] LogOutputStream:75 - [STDERR_REDIRECT] [Fatal Error] :1:1: Premature end of file.
2026-07-17 08:27:48,418 [ERROR] LogOutputStream:75 - [STDERR_REDIRECT] 
2026-07-17 08:27:49,428 [ERROR] LogOutputStream:75 - [STDERR_REDIRECT] [Fatal Error] :1:1: Premature end of file.
2026-07-17 08:27:49,428 [ERROR] LogOutputStream:75 - [STDERR_REDIRECT] 
2026-07-17 08:27:50,421 [ERROR] LogOutputStream:75 - [STDERR_REDIRECT] [Fatal Error] :1:1: Premature end of file.
2026-07-17 08:27:50,421 [ERROR] LogOutputStream:75 - [STDERR_REDIRECT] 
2026-07-17 08:27:51,414 [ERROR] LogOutputStream:75 - [STDERR_REDIRECT] [Fatal Error] :1:1: Premature end of file.
2026-07-17 08:27:51,414 [ERROR] LogOutputStream:75 - [STDERR_REDIRECT] 
2026-07-17 08:27:52,420 [ERROR] LogOutputStream:75 - [STDERR_REDIRECT] [Fatal Error] :1:1: Premature end of file.
2026-07-17 08:27:52,420 [ERROR] LogOutputStream:75 - [STDERR_REDIRECT] 
2026-07-17 08:27:53,421 [ERROR] LogOutputStream:75 - [STDERR_REDIRECT] [Fatal Error] :1:1: Premature end of file.
2026-07-17 08:27:53,421 [ERROR] LogOutputStream:75 - [STDERR_REDIRECT] 
2026-07-17 08:27:54,455 [ERROR] LogOutputStream:75 - [STDERR_REDIRECT] [Fatal Error] :1:1: Premature end of file.
2026-07-17 08:27:54,455 [ERROR] LogOutputStream:75 - [STDERR_REDIRECT] 
2026-07-17 08:27:55,409 [ERROR] LogOutputStream:75 - [STDERR_REDIRECT] [Fatal Error] :1:1: Premature end of file.
2026-07-17 08:27:55,409 [ERROR] LogOutputStream:75 - [STDERR_REDIRECT] 
2026-07-17 08:27:56,424 [ERROR] LogOutputStream:75 - [STDERR_REDIRECT] [Fatal Error] :1:1: Premature end of file.
2026-07-17 08:27:56,424 [ERROR] LogOutputStream:75 - [STDERR_REDIRECT] 
2026-07-17 08:27:57,415 [ERROR] LogOutputStream:75 - [STDERR_REDIRECT] [Fatal Error] :1:1: Premature end of file.
2026-07-17 08:27:57,415 [ERROR] LogOutputStream:75 - [STDERR_REDIRECT] 
2026-07-17 08:27:58,386 [ERROR] LogOutputStream:75 - [STDERR_REDIRECT] [Fatal Error] :1:1: Premature end of file.
2026-07-17 08:27:58,386 [ERROR] LogOutputStream:75 - [STDERR_REDIRECT] 
2026-07-17 08:27:59,422 [ERROR] LogOutputStream:75 - [STDERR_REDIRECT] [Fatal Error] :1:1: Premature end of file.
2026-07-17 08:27:59,423 [ERROR] LogOutputStream:75 - [STDERR_REDIRECT] 
2026-07-17 08:28:00,424 [ERROR] LogOutputStream:75 - [STDERR_REDIRECT] [Fatal Error] :1:1: Premature end of file.
2026-07-17 08:28:00,424 [ERROR] LogOutputStream:75 - [STDERR_REDIRECT] 
2026-07-17 08:28:01,423 [ERROR] LogOutputStream:75 - [STDERR_REDIRECT] [Fatal Error] :1:1: Premature end of file.
2026-07-17 08:28:01,424 [ERROR] LogOutputStream:75 - [STDERR_REDIRECT] 
2026-07-17 08:28:02,414 [ERROR] LogOutputStream:75 - [STDERR_REDIRECT] [Fatal Error] :1:1: Premature end of file.
2026-07-17 08:28:02,414 [ERROR] LogOutputStream:75 - [STDERR_REDIRECT] 
2026-07-17 08:28:03,417 [ERROR] LogOutputStream:75 - [STDERR_REDIRECT] [Fatal Error] :1:1: Premature end of file.
2026-07-17 08:28:03,417 [ERROR] LogOutputStream:75 - [STDERR_REDIRECT] 
2026-07-17 08:28:04,429 [ERROR] LogOutputStream:75 - [STDERR_REDIRECT] [Fatal Error] :1:1: Premature end of file.
2026-07-17 08:28:04,429 [ERROR] LogOutputStream:75 - [STDERR_REDIRECT] 
2026-07-17 08:28:05,413 [ERROR] LogOutputStream:75 - [STDERR_REDIRECT] [Fatal Error] :1:1: Premature end of file.
2026-07-17 08:28:05,413 [ERROR] LogOutputStream:75 - [STDERR_REDIRECT] 
2026-07-17 08:28:06,406 [ERROR] LogOutputStream:75 - [STDERR_REDIRECT] [Fatal Error] :1:1: Premature end of file.
2026-07-17 08:28:06,406 [ERROR] LogOutputStream:75 - [STDERR_REDIRECT] 
2026-07-17 08:28:07,418 [ERROR] LogOutputStream:75 - [STDERR_REDIRECT] [Fatal Error] :1:1: Premature end of file.
2026-07-17 08:28:07,419 [ERROR] LogOutputStream:75 - [STDERR_REDIRECT] 
2026-07-17 08:28:08,406 [ERROR] LogOutputStream:75 - [STDERR_REDIRECT] [Fatal Error] :1:1: Premature end of file.
2026-07-17 08:28:08,406 [ERROR] LogOutputStream:75 - [STDERR_REDIRECT] 
2026-07-17 08:28:09,416 [ERROR] LogOutputStream:75 - [STDERR_REDIRECT] [Fatal Error] :1:1: Premature end of file.
2026-07-17 08:28:09,416 [ERROR] LogOutputStream:75 - [STDERR_REDIRECT] 
2026-07-17 08:28:10,411 [ERROR] LogOutputStream:75 - [STDERR_REDIRECT] [Fatal Error] :1:1: Premature end of file.
2026-07-17 08:28:10,412 [ERROR] LogOutputStream:75 - [STDERR_REDIRECT] 
2026-07-17 08:28:11,420 [ERROR] LogOutputStream:75 - [STDERR_REDIRECT] [Fatal Error] :1:1: Premature end of file.
2026-07-17 08:28:11,420 [ERROR] LogOutputStream:75 - [STDERR_REDIRECT] 
2026-07-17 08:28:12,413 [ERROR] LogOutputStream:75 - [STDERR_REDIRECT] [Fatal Error] :1:1: Premature end of file.
2026-07-17 08:28:12,413 [ERROR] LogOutputStream:75 - [STDERR_REDIRECT] 
2026-07-17 08:28:13,383 [ERROR] LogOutputStream:75 - [STDERR_REDIRECT] [Fatal Error] :1:1: Premature end of file.
2026-07-17 08:28:13,383 [ERROR] LogOutputStream:75 - [STDERR_REDIRECT] 
2026-07-17 08:28:14,424 [ERROR] LogOutputStream:75 - [STDERR_REDIRECT] [Fatal Error] :1:1: Premature end of file.
2026-07-17 08:28:14,425 [ERROR] LogOutputStream:75 - [STDERR_REDIRECT] 
2026-07-17 08:28:15,418 [ERROR] LogOutputStream:75 - [STDERR_REDIRECT] [Fatal Error] :1:1: Premature end of file.
2026-07-17 08:28:15,419 [ERROR] LogOutputStream:75 - [STDERR_REDIRECT] 
2026-07-17 08:28:16,408 [ERROR] LogOutputStream:75 - [STDERR_REDIRECT] [Fatal Error] :1:1: Premature end of file.
2026-07-17 08:28:16,408 [ERROR] LogOutputStream:75 - [STDERR_REDIRECT] 
2026-07-17 08:28:17,415 [ERROR] LogOutputStream:75 - [STDERR_REDIRECT] [Fatal Error] :1:1: Premature end of file.
2026-07-17 08:28:17,416 [ERROR] LogOutputStream:75 - [STDERR_REDIRECT] 
2026-07-17 08:28:18,402 [ERROR] LogOutputStream:75 - [STDERR_REDIRECT] [Fatal Error] :1:1: Premature end of file.
2026-07-17 08:28:18,402 [ERROR] LogOutputStream:75 - [STDERR_REDIRECT] 
2026-07-17 08:28:19,460 [ERROR] LogOutputStream:75 - [STDERR_REDIRECT] [Fatal Error] :1:1: Premature end of file.
2026-07-17 08:28:19,461 [ERROR] LogOutputStream:75 - [STDERR_REDIRECT] 
2026-07-17 08:28:20,444 [ERROR] LogOutputStream:75 - [STDERR_REDIRECT] [Fatal Error] :1:1: Premature end of file.
2026-07-17 08:28:20,445 [ERROR] LogOutputStream:75 - [STDERR_REDIRECT] 
2026-07-17 08:28:21,422 [ERROR] LogOutputStream:75 - [STDERR_REDIRECT] [Fatal Error] :1:1: Premature end of file.
2026-07-17 08:28:21,423 [ERROR] LogOutputStream:75 - [STDERR_REDIRECT] 
2026-07-17 08:28:22,471 [ERROR] LogOutputStream:75 - [STDERR_REDIRECT] [Fatal Error] :1:1: Premature end of file.
2026-07-17 08:28:22,472 [ERROR] LogOutputStream:75 - [STDERR_REDIRECT] 
2026-07-17 08:28:23,428 [ERROR] LogOutputStream:75 - [STDERR_REDIRECT] [Fatal Error] :1:1: Premature end of file.
2026-07-17 08:28:23,428 [ERROR] LogOutputStream:75 - [STDERR_REDIRECT] 
2026-07-17 08:28:24,456 [ERROR] LogOutputStream:75 - [STDERR_REDIRECT] [Fatal Error] :1:1: Premature end of file.
2026-07-17 08:28:24,456 [ERROR] LogOutputStream:75 - [STDERR_REDIRECT] 
2026-07-17 08:28:25,430 [ERROR] LogOutputStream:75 - [STDERR_REDIRECT] [Fatal Error] :1:1: Premature end of file.
2026-07-17 08:28:25,431 [ERROR] LogOutputStream:75 - [STDERR_REDIRECT] 
2026-07-17 08:28:26,410 [ERROR] LogOutputStream:75 - [STDERR_REDIRECT] [Fatal Error] :1:1: Premature end of file.
2026-07-17 08:28:26,411 [ERROR] LogOutputStream:75 - [STDERR_REDIRECT] 
2026-07-17 08:28:27,411 [ERROR] LogOutputStream:75 - [STDERR_REDIRECT] [Fatal Error] :1:1: Premature end of file.
2026-07-17 08:28:27,411 [ERROR] LogOutputStream:75 - [STDERR_REDIRECT] 
2026-07-17 08:28:28,423 [ERROR] LogOutputStream:75 - [STDERR_REDIRECT] [Fatal Error] :1:1: Premature end of file.
2026-07-17 08:28:28,423 [ERROR] LogOutputStream:75 - [STDERR_REDIRECT] 
2026-07-17 08:28:29,413 [ERROR] LogOutputStream:75 - [STDERR_REDIRECT] [Fatal Error] :1:1: Premature end of file.
2026-07-17 08:28:29,413 [ERROR] LogOutputStream:75 - [STDERR_REDIRECT] 
2026-07-17 08:28:30,416 [ERROR] LogOutputStream:75 - [STDERR_REDIRECT] [Fatal Error] :1:1: Premature end of file.
2026-07-17 08:28:30,416 [ERROR] LogOutputStream:75 - [STDERR_REDIRECT] 
2026-07-17 08:28:31,405 [ERROR] LogOutputStream:75 - [STDERR_REDIRECT] [Fatal Error] :1:1: Premature end of file.
2026-07-17 08:28:31,405 [ERROR] LogOutputStream:75 - [STDERR_REDIRECT] 
2026-07-17 08:28:32,406 [ERROR] LogOutputStream:75 - [STDERR_REDIRECT] [Fatal Error] :1:1: Premature end of file.
2026-07-17 08:28:32,406 [ERROR] LogOutputStream:75 - [STDERR_REDIRECT] 
2026-07-17 08:28:33,407 [ERROR] LogOutputStream:75 - [STDERR_REDIRECT] [Fatal Error] :1:1: Premature end of file.
2026-07-17 08:28:33,407 [ERROR] LogOutputStream:75 - [STDERR_REDIRECT] 
2026-07-17 08:28:34,419 [ERROR] LogOutputStream:75 - [STDERR_REDIRECT] [Fatal Error] :1:1: Premature end of file.
2026-07-17 08:28:34,419 [ERROR] LogOutputStream:75 - [STDERR_REDIRECT] 
2026-07-17 08:28:35,426 [ERROR] LogOutputStream:75 - [STDERR_REDIRECT] [Fatal Error] :1:1: Premature end of file.
2026-07-17 08:28:35,427 [ERROR] LogOutputStream:75 - [STDERR_REDIRECT] 
2026-07-17 08:28:36,416 [ERROR] LogOutputStream:75 - [STDERR_REDIRECT] [Fatal Error] :1:1: Premature end of file.
2026-07-17 08:28:36,416 [ERROR] LogOutputStream:75 - [STDERR_REDIRECT] 
2026-07-17 08:28:37,386 [ERROR] LogOutputStream:75 - [STDERR_REDIRECT] [Fatal Error] :1:1: Premature end of file.
2026-07-17 08:28:37,386 [ERROR] LogOutputStream:75 - [STDERR_REDIRECT] 
2026-07-17 08:28:38,410 [ERROR] LogOutputStream:75 - [STDERR_REDIRECT] [Fatal Error] :1:1: Premature end of file.
2026-07-17 08:28:38,410 [ERROR] LogOutputStream:75 - [STDERR_REDIRECT] 
2026-07-17 08:28:39,410 [ERROR] LogOutputStream:75 - [STDERR_REDIRECT] [Fatal Error] :1:1: Premature end of file.
2026-07-17 08:28:39,411 [ERROR] LogOutputStream:75 - [STDERR_REDIRECT] 
2026-07-17 08:28:40,408 [ERROR] LogOutputStream:75 - [STDERR_REDIRECT] [Fatal Error] :1:1: Premature end of file.
2026-07-17 08:28:40,408 [ERROR] LogOutputStream:75 - [STDERR_REDIRECT] 
2026-07-17 08:28:41,422 [ERROR] LogOutputStream:75 - [STDERR_REDIRECT] [Fatal Error] :1:1: Premature end of file.
2026-07-17 08:28:41,422 [ERROR] LogOutputStream:75 - [STDERR_REDIRECT] 
2026-07-17 08:28:42,425 [ERROR] LogOutputStream:75 - [STDERR_REDIRECT] [Fatal Error] :1:1: Premature end of file.
2026-07-17 08:28:42,425 [ERROR] LogOutputStream:75 - [STDERR_REDIRECT] 
2026-07-17 08:28:43,414 [ERROR] LogOutputStream:75 - [STDERR_REDIRECT] [Fatal Error] :1:1: Premature end of file.
2026-07-17 08:28:43,414 [ERROR] LogOutputStream:75 - [STDERR_REDIRECT] 
2026-07-17 08:28:44,418 [ERROR] LogOutputStream:75 - [STDERR_REDIRECT] [Fatal Error] :1:1: Premature end of file.
2026-07-17 08:28:44,419 [ERROR] LogOutputStream:75 - [STDERR_REDIRECT] 
2026-07-17 08:28:45,406 [ERROR] LogOutputStream:75 - [STDERR_REDIRECT] [Fatal Error] :1:1: Premature end of file.
2026-07-17 08:28:45,406 [ERROR] LogOutputStream:75 - [STDERR_REDIRECT] 
2026-07-17 08:28:46,418 [ERROR] LogOutputStream:75 - [STDERR_REDIRECT] [Fatal Error] :1:1: Premature end of file.
2026-07-17 08:28:46,419 [ERROR] LogOutputStream:75 - [STDERR_REDIRECT] 
2026-07-17 08:28:47,401 [ERROR] LogOutputStream:75 - [STDERR_REDIRECT] [Fatal Error] :1:1: Premature end of file.
2026-07-17 08:28:47,401 [ERROR] LogOutputStream:75 - [STDERR_REDIRECT] 
2026-07-17 08:28:48,429 [ERROR] LogOutputStream:75 - [STDERR_REDIRECT] [Fatal Error] :1:1: Premature end of file.
2026-07-17 08:28:48,429 [ERROR] LogOutputStream:75 - [STDERR_REDIRECT] 
2026-07-17 08:28:49,427 [ERROR] LogOutputStream:75 - [STDERR_REDIRECT] [Fatal Error] :1:1: Premature end of file.
2026-07-17 08:28:49,427 [ERROR] LogOutputStream:75 - [STDERR_REDIRECT] 
2026-07-17 08:28:50,408 [ERROR] LogOutputStream:75 - [STDERR_REDIRECT] [Fatal Error] :1:1: Premature end of file.
2026-07-17 08:28:50,408 [ERROR] LogOutputStream:75 - [STDERR_REDIRECT] 
2026-07-17 08:28:51,406 [ERROR] LogOutputStream:75 - [STDERR_REDIRECT] [Fatal Error] :1:1: Premature end of file.
2026-07-17 08:28:51,408 [ERROR] LogOutputStream:75 - [STDERR_REDIRECT] 
2026-07-17 08:28:52,421 [ERROR] LogOutputStream:75 - [STDERR_REDIRECT] [Fatal Error] :1:1: Premature end of file.
2026-07-17 08:28:52,422 [ERROR] LogOutputStream:75 - [STDERR_REDIRECT] 
2026-07-17 08:28:53,416 [ERROR] LogOutputStream:75 - [STDERR_REDIRECT] [Fatal Error] :1:1: Premature end of file.
2026-07-17 08:28:53,417 [ERROR] LogOutputStream:75 - [STDERR_REDIRECT] 
2026-07-17 08:28:54,430 [ERROR] LogOutputStream:75 - [STDERR_REDIRECT] [Fatal Error] :1:1: Premature end of file.
2026-07-17 08:28:54,431 [ERROR] LogOutputStream:75 - [STDERR_REDIRECT] 
2026-07-17 08:28:55,407 [ERROR] LogOutputStream:75 - [STDERR_REDIRECT] [Fatal Error] :1:1: Premature end of file.
2026-07-17 08:28:55,407 [ERROR] LogOutputStream:75 - [STDERR_REDIRECT] 
2026-07-17 08:28:56,417 [ERROR] LogOutputStream:75 - [STDERR_REDIRECT] [Fatal Error] :1:1: Premature end of file.
2026-07-17 08:28:56,418 [ERROR] LogOutputStream:75 - [STDERR_REDIRECT] 
2026-07-17 08:28:57,414 [ERROR] LogOutputStream:75 - [STDERR_REDIRECT] [Fatal Error] :1:1: Premature end of file.
2026-07-17 08:28:57,414 [ERROR] LogOutputStream:75 - [STDERR_REDIRECT] 
2026-07-17 08:28:58,436 [ERROR] LogOutputStream:75 - [STDERR_REDIRECT] [Fatal Error] :1:1: Premature end of file.
2026-07-17 08:28:58,436 [ERROR] LogOutputStream:75 - [STDERR_REDIRECT] 
2026-07-17 08:28:59,438 [ERROR] LogOutputStream:75 - [STDERR_REDIRECT] [Fatal Error] :1:1: Premature end of file.
2026-07-17 08:28:59,438 [ERROR] LogOutputStream:75 - [STDERR_REDIRECT] 
2026-07-17 08:29:00,442 [ERROR] LogOutputStream:75 - [STDERR_REDIRECT] [Fatal Error] :1:1: Premature end of file.
2026-07-17 08:29:00,442 [ERROR] LogOutputStream:75 - [STDERR_REDIRECT] 
2026-07-17 08:29:01,408 [ERROR] LogOutputStream:75 - [STDERR_REDIRECT] [Fatal Error] :1:1: Premature end of file.
2026-07-17 08:29:01,408 [ERROR] LogOutputStream:75 - [STDERR_REDIRECT] 
2026-07-17 08:29:02,400 [ERROR] LogOutputStream:75 - [STDERR_REDIRECT] [Fatal Error] :1:1: Premature end of file.
2026-07-17 08:29:02,400 [ERROR] LogOutputStream:75 - [STDERR_REDIRECT] 
2026-07-17 08:29:03,416 [ERROR] LogOutputStream:75 - [STDERR_REDIRECT] [Fatal Error] :1:1: Premature end of file.
2026-07-17 08:29:03,416 [ERROR] LogOutputStream:75 - [STDERR_REDIRECT] 
2026-07-17 08:29:04,403 [ERROR] LogOutputStream:75 - [STDERR_REDIRECT] [Fatal Error] :1:1: Premature end of file.
2026-07-17 08:29:04,403 [ERROR] LogOutputStream:75 - [STDERR_REDIRECT] 
2026-07-17 08:29:05,414 [ERROR] LogOutputStream:75 - [STDERR_REDIRECT] [Fatal Error] :1:1: Premature end of file.
2026-07-17 08:29:05,414 [ERROR] LogOutputStream:75 - [STDERR_REDIRECT] 
2026-07-17 08:29:06,407 [ERROR] LogOutputStream:75 - [STDERR_REDIRECT] [Fatal Error] :1:1: Premature end of file.
2026-07-17 08:29:06,407 [ERROR] LogOutputStream:75 - [STDERR_REDIRECT] 
2026-07-17 08:29:07,397 [ERROR] LogOutputStream:75 - [STDERR_REDIRECT] [Fatal Error] :1:1: Premature end of file.
2026-07-17 08:29:07,397 [ERROR] LogOutputStream:75 - [STDERR_REDIRECT] 
2026-07-17 08:29:08,415 [ERROR] LogOutputStream:75 - [STDERR_REDIRECT] [Fatal Error] :1:1: Premature end of file.
2026-07-17 08:29:08,415 [ERROR] LogOutputStream:75 - [STDERR_REDIRECT] 
2026-07-17 08:29:09,409 [ERROR] LogOutputStream:75 - [STDERR_REDIRECT] [Fatal Error] :1:1: Premature end of file.
2026-07-17 08:29:09,409 [ERROR] LogOutputStream:75 - [STDERR_REDIRECT] 
2026-07-17 08:29:10,412 [ERROR] LogOutputStream:75 - [STDERR_REDIRECT] [Fatal Error] :1:1: Premature end of file.
2026-07-17 08:29:10,412 [ERROR] LogOutputStream:75 - [STDERR_REDIRECT] 
2026-07-17 08:29:11,407 [ERROR] LogOutputStream:75 - [STDERR_REDIRECT] [Fatal Error] :1:1: Premature end of file.
2026-07-17 08:29:11,407 [ERROR] LogOutputStream:75 - [STDERR_REDIRECT] 
2026-07-17 08:29:12,411 [ERROR] LogOutputStream:75 - [STDERR_REDIRECT] [Fatal Error] :1:1: Premature end of file.
2026-07-17 08:29:12,412 [ERROR] LogOutputStream:75 - [STDERR_REDIRECT] 
2026-07-17 08:29:13,396 [ERROR] LogOutputStream:75 - [STDERR_REDIRECT] [Fatal Error] :1:1: Premature end of file.
2026-07-17 08:29:13,396 [ERROR] LogOutputStream:75 - [STDERR_REDIRECT] 
2026-07-17 08:29:14,403 [ERROR] LogOutputStream:75 - [STDERR_REDIRECT] [Fatal Error] :1:1: Premature end of file.
2026-07-17 08:29:14,403 [ERROR] LogOutputStream:75 - [STDERR_REDIRECT] 
2026-07-17 08:29:15,411 [ERROR] LogOutputStream:75 - [STDERR_REDIRECT] [Fatal Error] :1:1: Premature end of file.
2026-07-17 08:29:15,411 [ERROR] LogOutputStream:75 - [STDERR_REDIRECT] 
2026-07-17 08:29:16,411 [ERROR] LogOutputStream:75 - [STDERR_REDIRECT] [Fatal Error] :1:1: Premature end of file.
2026-07-17 08:29:16,411 [ERROR] LogOutputStream:75 - [STDERR_REDIRECT] 
2026-07-17 08:29:17,408 [ERROR] LogOutputStream:75 - [STDERR_REDIRECT] [Fatal Error] :1:1: Premature end of file.
2026-07-17 08:29:17,409 [ERROR] LogOutputStream:75 - [STDERR_REDIRECT] 
2026-07-17 08:29:18,403 [ERROR] LogOutputStream:75 - [STDERR_REDIRECT] [Fatal Error] :1:1: Premature end of file.
2026-07-17 08:29:18,404 [ERROR] LogOutputStream:75 - [STDERR_REDIRECT] 
2026-07-17 08:29:19,405 [ERROR] LogOutputStream:75 - [STDERR_REDIRECT] [Fatal Error] :1:1: Premature end of file.
2026-07-17 08:29:19,405 [ERROR] LogOutputStream:75 - [STDERR_REDIRECT] 
2026-07-17 08:29:20,414 [ERROR] LogOutputStream:75 - [STDERR_REDIRECT] [Fatal Error] :1:1: Premature end of file.
2026-07-17 08:29:20,414 [ERROR] LogOutputStream:75 - [STDERR_REDIRECT] 
2026-07-17 08:29:21,405 [ERROR] LogOutputStream:75 - [STDERR_REDIRECT] [Fatal Error] :1:1: Premature end of file.
2026-07-17 08:29:21,405 [ERROR] LogOutputStream:75 - [STDERR_REDIRECT] 
2026-07-17 08:29:22,414 [ERROR] LogOutputStream:75 - [STDERR_REDIRECT] [Fatal Error] :1:1: Premature end of file.
2026-07-17 08:29:22,414 [ERROR] LogOutputStream:75 - [STDERR_REDIRECT] 
2026-07-17 08:29:23,405 [ERROR] LogOutputStream:75 - [STDERR_REDIRECT] [Fatal Error] :1:1: Premature end of file.
2026-07-17 08:29:23,405 [ERROR] LogOutputStream:75 - [STDERR_REDIRECT] 
2026-07-17 08:29:24,416 [ERROR] LogOutputStream:75 - [STDERR_REDIRECT] [Fatal Error] :1:1: Premature end of file.
2026-07-17 08:29:24,416 [ERROR] LogOutputStream:75 - [STDERR_REDIRECT] 
2026-07-17 08:29:25,407 [ERROR] LogOutputStream:75 - [STDERR_REDIRECT] [Fatal Error] :1:1: Premature end of file.
2026-07-17 08:29:25,407 [ERROR] LogOutputStream:75 - [STDERR_REDIRECT] 
2026-07-17 08:29:26,404 [ERROR] LogOutputStream:75 - [STDERR_REDIRECT] [Fatal Error] :1:1: Premature end of file.
2026-07-17 08:29:26,404 [ERROR] LogOutputStream:75 - [STDERR_REDIRECT] 
2026-07-17 08:29:27,408 [ERROR] LogOutputStream:75 - [STDERR_REDIRECT] [Fatal Error] :1:1: Premature end of file.
2026-07-17 08:29:27,408 [ERROR] LogOutputStream:75 - [STDERR_REDIRECT] 
2026-07-17 08:29:28,434 [ERROR] LogOutputStream:75 - [STDERR_REDIRECT] [Fatal Error] :1:1: Premature end of file.
2026-07-17 08:29:28,434 [ERROR] LogOutputStream:75 - [STDERR_REDIRECT] 
2026-07-17 08:29:29,409 [ERROR] LogOutputStream:75 - [STDERR_REDIRECT] [Fatal Error] :1:1: Premature end of file.
2026-07-17 08:29:29,410 [ERROR] LogOutputStream:75 - [STDERR_REDIRECT] 
2026-07-17 08:29:30,399 [ERROR] LogOutputStream:75 - [STDERR_REDIRECT] [Fatal Error] :1:1: Premature end of file.
2026-07-17 08:29:30,400 [ERROR] LogOutputStream:75 - [STDERR_REDIRECT] 
2026-07-17 08:29:31,407 [ERROR] LogOutputStream:75 - [STDERR_REDIRECT] [Fatal Error] :1:1: Premature end of file.
2026-07-17 08:29:31,407 [ERROR] LogOutputStream:75 - [STDERR_REDIRECT] 
2026-07-17 08:29:32,414 [ERROR] LogOutputStream:75 - [STDERR_REDIRECT] [Fatal Error] :1:1: Premature end of file.
2026-07-17 08:29:32,414 [ERROR] LogOutputStream:75 - [STDERR_REDIRECT] 
2026-07-17 08:29:33,413 [ERROR] LogOutputStream:75 - [STDERR_REDIRECT] [Fatal Error] :1:1: Premature end of file.
2026-07-17 08:29:33,413 [ERROR] LogOutputStream:75 - [STDERR_REDIRECT] 
2026-07-17 08:29:34,423 [ERROR] LogOutputStream:75 - [STDERR_REDIRECT] [Fatal Error] :1:1: Premature end of file.
2026-07-17 08:29:34,423 [ERROR] LogOutputStream:75 - [STDERR_REDIRECT] 
2026-07-17 08:29:35,415 [ERROR] LogOutputStream:75 - [STDERR_REDIRECT] [Fatal Error] :1:1: Premature end of file.
2026-07-17 08:29:35,415 [ERROR] LogOutputStream:75 - [STDERR_REDIRECT] 
2026-07-17 08:29:36,407 [ERROR] LogOutputStream:75 - [STDERR_REDIRECT] [Fatal Error] :1:1: Premature end of file.
2026-07-17 08:29:36,407 [ERROR] LogOutputStream:75 - [STDERR_REDIRECT] 
2026-07-17 08:29:37,414 [ERROR] LogOutputStream:75 - [STDERR_REDIRECT] [Fatal Error] :1:1: Premature end of file.
2026-07-17 08:29:37,414 [ERROR] LogOutputStream:75 - [STDERR_REDIRECT] 
2026-07-17 08:29:38,406 [ERROR] LogOutputStream:75 - [STDERR_REDIRECT] [Fatal Error] :1:1: Premature end of file.
2026-07-17 08:29:38,406 [ERROR] LogOutputStream:75 - [STDERR_REDIRECT] 
2026-07-17 08:29:39,411 [ERROR] LogOutputStream:75 - [STDERR_REDIRECT] [Fatal Error] :1:1: Premature end of file.
2026-07-17 08:29:39,411 [ERROR] LogOutputStream:75 - [STDERR_REDIRECT] 
2026-07-17 08:29:40,412 [ERROR] LogOutputStream:75 - [STDERR_REDIRECT] [Fatal Error] :1:1: Premature end of file.
2026-07-17 08:29:40,413 [ERROR] LogOutputStream:75 - [STDERR_REDIRECT] 
2026-07-17 08:29:41,406 [ERROR] LogOutputStream:75 - [STDERR_REDIRECT] [Fatal Error] :1:1: Premature end of file.
2026-07-17 08:29:41,406 [ERROR] LogOutputStream:75 - [STDERR_REDIRECT] 
2026-07-17 08:29:42,409 [ERROR] LogOutputStream:75 - [STDERR_REDIRECT] [Fatal Error] :1:1: Premature end of file.
2026-07-17 08:29:42,409 [ERROR] LogOutputStream:75 - [STDERR_REDIRECT] 
2026-07-17 08:29:43,404 [ERROR] LogOutputStream:75 - [STDERR_REDIRECT] [Fatal Error] :1:1: Premature end of file.
2026-07-17 08:29:43,404 [ERROR] LogOutputStream:75 - [STDERR_REDIRECT] 
2026-07-17 08:29:44,410 [ERROR] LogOutputStream:75 - [STDERR_REDIRECT] [Fatal Error] :1:1: Premature end of file.
2026-07-17 08:29:44,410 [ERROR] LogOutputStream:75 - [STDERR_REDIRECT] 
2026-07-17 08:29:45,429 [ERROR] LogOutputStream:75 - [STDERR_REDIRECT] [Fatal Error] :1:1: Premature end of file.
2026-07-17 08:29:45,429 [ERROR] LogOutputStream:75 - [STDERR_REDIRECT] 
2026-07-17 08:29:46,407 [ERROR] LogOutputStream:75 - [STDERR_REDIRECT] [Fatal Error] :1:1: Premature end of file.
2026-07-17 08:29:46,407 [ERROR] LogOutputStream:75 - [STDERR_REDIRECT] 
2026-07-17 08:29:47,409 [ERROR] LogOutputStream:75 - [STDERR_REDIRECT] [Fatal Error] :1:1: Premature end of file.
2026-07-17 08:29:47,409 [ERROR] LogOutputStream:75 - [STDERR_REDIRECT] 
2026-07-17 08:29:48,403 [ERROR] LogOutputStream:75 - [STDERR_REDIRECT] [Fatal Error] :1:1: Premature end of file.
2026-07-17 08:29:48,403 [ERROR] LogOutputStream:75 - [STDERR_REDIRECT] 
2026-07-17 08:29:49,401 [ERROR] LogOutputStream:75 - [STDERR_REDIRECT] [Fatal Error] :1:1: Premature end of file.
2026-07-17 08:29:49,401 [ERROR] LogOutputStream:75 - [STDERR_REDIRECT] 
2026-07-17 08:29:50,407 [ERROR] LogOutputStream:75 - [STDERR_REDIRECT] [Fatal Error] :1:1: Premature end of file.
2026-07-17 08:29:50,407 [ERROR] LogOutputStream:75 - [STDERR_REDIRECT] 
2026-07-17 08:29:51,414 [ERROR] LogOutputStream:75 - [STDERR_REDIRECT] [Fatal Error] :1:1: Premature end of file.
2026-07-17 08:29:51,414 [ERROR] LogOutputStream:75 - [STDERR_REDIRECT] 
2026-07-17 08:29:52,414 [ERROR] LogOutputStream:75 - [STDERR_REDIRECT] [Fatal Error] :1:1: Premature end of file.
2026-07-17 08:29:52,415 [ERROR] LogOutputStream:75 - [STDERR_REDIRECT] 
2026-07-17 08:29:53,412 [ERROR] LogOutputStream:75 - [STDERR_REDIRECT] [Fatal Error] :1:1: Premature end of file.
2026-07-17 08:29:53,412 [ERROR] LogOutputStream:75 - [STDERR_REDIRECT] 
2026-07-17 08:29:54,407 [ERROR] LogOutputStream:75 - [STDERR_REDIRECT] [Fatal Error] :1:1: Premature end of file.
2026-07-17 08:29:54,407 [ERROR] LogOutputStream:75 - [STDERR_REDIRECT] 
2026-07-17 08:29:55,406 [ERROR] LogOutputStream:75 - [STDERR_REDIRECT] [Fatal Error] :1:1: Premature end of file.
2026-07-17 08:29:55,406 [ERROR] LogOutputStream:75 - [STDERR_REDIRECT] 
2026-07-17 08:29:56,417 [ERROR] LogOutputStream:75 - [STDERR_REDIRECT] [Fatal Error] :1:1: Premature end of file.
2026-07-17 08:29:56,417 [ERROR] LogOutputStream:75 - [STDERR_REDIRECT] 
2026-07-17 08:29:57,407 [ERROR] LogOutputStream:75 - [STDERR_REDIRECT] [Fatal Error] :1:1: Premature end of file.
2026-07-17 08:29:57,408 [ERROR] LogOutputStream:75 - [STDERR_REDIRECT] 
2026-07-17 08:29:58,404 [ERROR] LogOutputStream:75 - [STDERR_REDIRECT] [Fatal Error] :1:1: Premature end of file.
2026-07-17 08:29:58,404 [ERROR] LogOutputStream:75 - [STDERR_REDIRECT] 
2026-07-17 08:29:59,401 [ERROR] LogOutputStream:75 - [STDERR_REDIRECT] [Fatal Error] :1:1: Premature end of file.
2026-07-17 08:29:59,401 [ERROR] LogOutputStream:75 - [STDERR_REDIRECT] 
2026-07-17 08:30:00,407 [ERROR] LogOutputStream:75 - [STDERR_REDIRECT] [Fatal Error] :1:1: Premature end of file.
2026-07-17 08:30:00,407 [ERROR] LogOutputStream:75 - [STDERR_REDIRECT] 
2026-07-17 08:30:01,415 [ERROR] LogOutputStream:75 - [STDERR_REDIRECT] [Fatal Error] :1:1: Premature end of file.
2026-07-17 08:30:01,415 [ERROR] LogOutputStream:75 - [STDERR_REDIRECT] 
2026-07-17 08:30:02,409 [ERROR] LogOutputStream:75 - [STDERR_REDIRECT] [Fatal Error] :1:1: Premature end of file.
2026-07-17 08:30:02,409 [ERROR] LogOutputStream:75 - [STDERR_REDIRECT] 
2026-07-17 08:30:03,405 [ERROR] LogOutputStream:75 - [STDERR_REDIRECT] [Fatal Error] :1:1: Premature end of file.
2026-07-17 08:30:03,405 [ERROR] LogOutputStream:75 - [STDERR_REDIRECT] 
2026-07-17 08:30:04,410 [ERROR] LogOutputStream:75 - [STDERR_REDIRECT] [Fatal Error] :1:1: Premature end of file.
2026-07-17 08:30:04,410 [ERROR] LogOutputStream:75 - [STDERR_REDIRECT] 
2026-07-17 08:30:05,415 [ERROR] LogOutputStream:75 - [STDERR_REDIRECT] [Fatal Error] :1:1: Premature end of file.
2026-07-17 08:30:05,415 [ERROR] LogOutputStream:75 - [STDERR_REDIRECT] 
2026-07-17 08:30:06,406 [ERROR] LogOutputStream:75 - [STDERR_REDIRECT] [Fatal Error] :1:1: Premature end of file.
2026-07-17 08:30:06,407 [ERROR] LogOutputStream:75 - [STDERR_REDIRECT] 
2026-07-17 08:30:07,409 [ERROR] LogOutputStream:75 - [STDERR_REDIRECT] [Fatal Error] :1:1: Premature end of file.
2026-07-17 08:30:07,409 [ERROR] LogOutputStream:75 - [STDERR_REDIRECT] 
2026-07-17 08:30:08,415 [ERROR] LogOutputStream:75 - [STDERR_REDIRECT] [Fatal Error] :1:1: Premature end of file.
2026-07-17 08:30:08,415 [ERROR] LogOutputStream:75 - [STDERR_REDIRECT] 
2026-07-17 08:30:09,408 [ERROR] LogOutputStream:75 - [STDERR_REDIRECT] [Fatal Error] :1:1: Premature end of file.
2026-07-17 08:30:09,408 [ERROR] LogOutputStream:75 - [STDERR_REDIRECT] 
2026-07-17 08:30:10,400 [ERROR] LogOutputStream:75 - [STDERR_REDIRECT] [Fatal Error] :1:1: Premature end of file.
2026-07-17 08:30:10,400 [ERROR] LogOutputStream:75 - [STDERR_REDIRECT] 
2026-07-17 08:30:11,423 [ERROR] LogOutputStream:75 - [STDERR_REDIRECT] [Fatal Error] :1:1: Premature end of file.
2026-07-17 08:30:11,423 [ERROR] LogOutputStream:75 - [STDERR_REDIRECT] 
2026-07-17 08:30:12,424 [ERROR] LogOutputStream:75 - [STDERR_REDIRECT] [Fatal Error] :1:1: Premature end of file.
2026-07-17 08:30:12,424 [ERROR] LogOutputStream:75 - [STDERR_REDIRECT] 
2026-07-17 08:30:13,428 [ERROR] LogOutputStream:75 - [STDERR_REDIRECT] [Fatal Error] :1:1: Premature end of file.
2026-07-17 08:30:13,428 [ERROR] LogOutputStream:75 - [STDERR_REDIRECT] 
2026-07-17 08:30:14,444 [ERROR] LogOutputStream:75 - [STDERR_REDIRECT] [Fatal Error] :1:1: Premature end of file.
2026-07-17 08:30:14,444 [ERROR] LogOutputStream:75 - [STDERR_REDIRECT] 
2026-07-17 08:30:15,431 [ERROR] LogOutputStream:75 - [STDERR_REDIRECT] [Fatal Error] :1:1: Premature end of file.
2026-07-17 08:30:15,431 [ERROR] LogOutputStream:75 - [STDERR_REDIRECT] 
2026-07-17 08:30:16,431 [ERROR] LogOutputStream:75 - [STDERR_REDIRECT] [Fatal Error] :1:1: Premature end of file.
2026-07-17 08:30:16,432 [ERROR] LogOutputStream:75 - [STDERR_REDIRECT] 
2026-07-17 08:30:17,427 [ERROR] LogOutputStream:75 - [STDERR_REDIRECT] [Fatal Error] :1:1: Premature end of file.
2026-07-17 08:30:17,427 [ERROR] LogOutputStream:75 - [STDERR_REDIRECT] 
2026-07-17 08:30:18,398 [ERROR] LogOutputStream:75 - [STDERR_REDIRECT] [Fatal Error] :1:1: Premature end of file.
2026-07-17 08:30:18,398 [ERROR] LogOutputStream:75 - [STDERR_REDIRECT] 
2026-07-17 08:30:19,468 [ERROR] LogOutputStream:75 - [STDERR_REDIRECT] [Fatal Error] :1:1: Premature end of file.
2026-07-17 08:30:19,469 [ERROR] LogOutputStream:75 - [STDERR_REDIRECT] 
2026-07-17 08:30:20,430 [ERROR] LogOutputStream:75 - [STDERR_REDIRECT] [Fatal Error] :1:1: Premature end of file.
2026-07-17 08:30:20,430 [ERROR] LogOutputStream:75 - [STDERR_REDIRECT] 
2026-07-17 08:30:21,418 [ERROR] LogOutputStream:75 - [STDERR_REDIRECT] [Fatal Error] :1:1: Premature end of file.
2026-07-17 08:30:21,418 [ERROR] LogOutputStream:75 - [STDERR_REDIRECT] 
2026-07-17 08:30:22,420 [ERROR] LogOutputStream:75 - [STDERR_REDIRECT] [Fatal Error] :1:1: Premature end of file.
2026-07-17 08:30:22,421 [ERROR] LogOutputStream:75 - [STDERR_REDIRECT] 
2026-07-17 08:30:23,420 [ERROR] LogOutputStream:75 - [STDERR_REDIRECT] [Fatal Error] :1:1: Premature end of file.
2026-07-17 08:30:23,420 [ERROR] LogOutputStream:75 - [STDERR_REDIRECT] 
2026-07-17 08:30:24,388 [ERROR] LogOutputStream:75 - [STDERR_REDIRECT] [Fatal Error] :1:1: Premature end of file.
2026-07-17 08:30:24,388 [ERROR] LogOutputStream:75 - [STDERR_REDIRECT] 
2026-07-17 08:30:25,423 [ERROR] LogOutputStream:75 - [STDERR_REDIRECT] [Fatal Error] :1:1: Premature end of file.
2026-07-17 08:30:25,423 [ERROR] LogOutputStream:75 - [STDERR_REDIRECT] 
2026-07-17 08:30:26,438 [ERROR] LogOutputStream:75 - [STDERR_REDIRECT] [Fatal Error] :1:1: Premature end of file.
2026-07-17 08:30:26,438 [ERROR] LogOutputStream:75 - [STDERR_REDIRECT] 
2026-07-17 08:30:27,471 [ERROR] LogOutputStream:75 - [STDERR_REDIRECT] [Fatal Error] :1:1: Premature end of file.
2026-07-17 08:30:27,472 [ERROR] LogOutputStream:75 - [STDERR_REDIRECT] 
2026-07-17 08:30:28,451 [ERROR] LogOutputStream:75 - [STDERR_REDIRECT] [Fatal Error] :1:1: Premature end of file.
2026-07-17 08:30:28,451 [ERROR] LogOutputStream:75 - [STDERR_REDIRECT] 
2026-07-17 08:30:29,432 [ERROR] LogOutputStream:75 - [STDERR_REDIRECT] [Fatal Error] :1:1: Premature end of file.
2026-07-17 08:30:29,432 [ERROR] LogOutputStream:75 - [STDERR_REDIRECT] 
2026-07-17 08:30:30,437 [ERROR] LogOutputStream:75 - [STDERR_REDIRECT] [Fatal Error] :1:1: Premature end of file.
2026-07-17 08:30:30,438 [ERROR] LogOutputStream:75 - [STDERR_REDIRECT] 
2026-07-17 08:30:31,418 [ERROR] LogOutputStream:75 - [STDERR_REDIRECT] [Fatal Error] :1:1: Premature end of file.
2026-07-17 08:30:31,419 [ERROR] LogOutputStream:75 - [STDERR_REDIRECT] 
2026-07-17 08:30:32,407 [ERROR] LogOutputStream:75 - [STDERR_REDIRECT] [Fatal Error] :1:1: Premature end of file.
2026-07-17 08:30:32,407 [ERROR] LogOutputStream:75 - [STDERR_REDIRECT] 
2026-07-17 08:30:33,430 [ERROR] LogOutputStream:75 - [STDERR_REDIRECT] [Fatal Error] :1:1: Premature end of file.
2026-07-17 08:30:33,430 [ERROR] LogOutputStream:75 - [STDERR_REDIRECT] 
2026-07-17 08:30:34,412 [ERROR] LogOutputStream:75 - [STDERR_REDIRECT] [Fatal Error] :1:1: Premature end of file.
2026-07-17 08:30:34,412 [ERROR] LogOutputStream:75 - [STDERR_REDIRECT] 
2026-07-17 08:30:35,412 [ERROR] LogOutputStream:75 - [STDERR_REDIRECT] [Fatal Error] :1:1: Premature end of file.
2026-07-17 08:30:35,413 [ERROR] LogOutputStream:75 - [STDERR_REDIRECT] 
2026-07-17 08:30:36,446 [ERROR] LogOutputStream:75 - [STDERR_REDIRECT] [Fatal Error] :1:1: Premature end of file.
2026-07-17 08:30:36,446 [ERROR] LogOutputStream:75 - [STDERR_REDIRECT] 
2026-07-17 08:30:37,408 [ERROR] LogOutputStream:75 - [STDERR_REDIRECT] [Fatal Error] :1:1: Premature end of file.
2026-07-17 08:30:37,408 [ERROR] LogOutputStream:75 - [STDERR_REDIRECT] 
2026-07-17 08:30:38,400 [ERROR] LogOutputStream:75 - [STDERR_REDIRECT] [Fatal Error] :1:1: Premature end of file.
2026-07-17 08:30:38,400 [ERROR] LogOutputStream:75 - [STDERR_REDIRECT] 
2026-07-17 08:30:39,413 [ERROR] LogOutputStream:75 - [STDERR_REDIRECT] [Fatal Error] :1:1: Premature end of file.
2026-07-17 08:30:39,413 [ERROR] LogOutputStream:75 - [STDERR_REDIRECT] 
2026-07-17 08:30:40,409 [ERROR] LogOutputStream:75 - [STDERR_REDIRECT] [Fatal Error] :1:1: Premature end of file.
2026-07-17 08:30:40,409 [ERROR] LogOutputStream:75 - [STDERR_REDIRECT] 
2026-07-17 08:30:41,407 [ERROR] LogOutputStream:75 - [STDERR_REDIRECT] [Fatal Error] :1:1: Premature end of file.
2026-07-17 08:30:41,407 [ERROR] LogOutputStream:75 - [STDERR_REDIRECT] 
2026-07-17 08:30:42,417 [ERROR] LogOutputStream:75 - [STDERR_REDIRECT] [Fatal Error] :1:1: Premature end of file.
2026-07-17 08:30:42,417 [ERROR] LogOutputStream:75 - [STDERR_REDIRECT] 
2026-07-17 08:30:43,411 [ERROR] LogOutputStream:75 - [STDERR_REDIRECT] [Fatal Error] :1:1: Premature end of file.
2026-07-17 08:30:43,411 [ERROR] LogOutputStream:75 - [STDERR_REDIRECT] 
2026-07-17 08:30:44,419 [ERROR] LogOutputStream:75 - [STDERR_REDIRECT] [Fatal Error] :1:1: Premature end of file.
2026-07-17 08:30:44,420 [ERROR] LogOutputStream:75 - [STDERR_REDIRECT] 
2026-07-17 08:30:45,408 [ERROR] LogOutputStream:75 - [STDERR_REDIRECT] [Fatal Error] :1:1: Premature end of file.
2026-07-17 08:30:45,409 [ERROR] LogOutputStream:75 - [STDERR_REDIRECT] 
2026-07-17 08:30:46,399 [ERROR] LogOutputStream:75 - [STDERR_REDIRECT] [Fatal Error] :1:1: Premature end of file.
2026-07-17 08:30:46,399 [ERROR] LogOutputStream:75 - [STDERR_REDIRECT] 
2026-07-17 08:30:47,397 [ERROR] LogOutputStream:75 - [STDERR_REDIRECT] [Fatal Error] :1:1: Premature end of file.
2026-07-17 08:30:47,398 [ERROR] LogOutputStream:75 - [STDERR_REDIRECT] 
2026-07-17 08:30:48,402 [ERROR] LogOutputStream:75 - [STDERR_REDIRECT] [Fatal Error] :1:1: Premature end of file.
2026-07-17 08:30:48,402 [ERROR] LogOutputStream:75 - [STDERR_REDIRECT] 
2026-07-17 08:30:49,454 [ERROR] LogOutputStream:75 - [STDERR_REDIRECT] [Fatal Error] :1:1: Premature end of file.
2026-07-17 08:30:49,454 [ERROR] LogOutputStream:75 - [STDERR_REDIRECT] 
2026-07-17 08:30:50,436 [ERROR] LogOutputStream:75 - [STDERR_REDIRECT] [Fatal Error] :1:1: Premature end of file.
2026-07-17 08:30:50,436 [ERROR] LogOutputStream:75 - [STDERR_REDIRECT] 
2026-07-17 08:30:51,424 [ERROR] LogOutputStream:75 - [STDERR_REDIRECT] [Fatal Error] :1:1: Premature end of file.
2026-07-17 08:30:51,424 [ERROR] LogOutputStream:75 - [STDERR_REDIRECT] 
2026-07-17 08:30:52,398 [ERROR] LogOutputStream:75 - [STDERR_REDIRECT] [Fatal Error] :1:1: Premature end of file.
2026-07-17 08:30:52,399 [ERROR] LogOutputStream:75 - [STDERR_REDIRECT] 
2026-07-17 08:30:53,468 [ERROR] LogOutputStream:75 - [STDERR_REDIRECT] [Fatal Error] :1:1: Premature end of file.
2026-07-17 08:30:53,469 [ERROR] LogOutputStream:75 - [STDERR_REDIRECT] 
2026-07-17 08:30:54,423 [ERROR] LogOutputStream:75 - [STDERR_REDIRECT] [Fatal Error] :1:1: Premature end of file.
2026-07-17 08:30:54,423 [ERROR] LogOutputStream:75 - [STDERR_REDIRECT] 
2026-07-17 08:30:55,401 [ERROR] LogOutputStream:75 - [STDERR_REDIRECT] [Fatal Error] :1:1: Premature end of file.
2026-07-17 08:30:55,401 [ERROR] LogOutputStream:75 - [STDERR_REDIRECT] 
2026-07-17 08:30:56,361 [ERROR] LogOutputStream:75 - [STDERR_REDIRECT] [Fatal Error] :1:1: Premature end of file.
2026-07-17 08:30:56,361 [ERROR] LogOutputStream:75 - [STDERR_REDIRECT] 
2026-07-17 08:30:57,368 [ERROR] LogOutputStream:75 - [STDERR_REDIRECT] [Fatal Error] :1:1: Premature end of file.
2026-07-17 08:30:57,368 [ERROR] LogOutputStream:75 - [STDERR_REDIRECT] 
2026-07-17 08:30:58,377 [ERROR] LogOutputStream:75 - [STDERR_REDIRECT] [Fatal Error] :1:1: Premature end of file.
2026-07-17 08:30:58,377 [ERROR] LogOutputStream:75 - [STDERR_REDIRECT] 
2026-07-17 08:30:59,382 [ERROR] LogOutputStream:75 - [STDERR_REDIRECT] [Fatal Error] :1:1: Premature end of file.
2026-07-17 08:30:59,382 [ERROR] LogOutputStream:75 - [STDERR_REDIRECT] 
2026-07-17 08:30:59,583 [INFO] UtilMem:75 - End SaveConfig() Used Memory: 885864584 Bytes (1073741824)
2026-07-17 08:31:00,439 [ERROR] LogOutputStream:75 - [STDERR_REDIRECT] [Fatal Error] :1:1: Premature end of file.
2026-07-17 08:31:00,439 [ERROR] LogOutputStream:75 - [STDERR_REDIRECT] 
2026-07-17 08:31:01,368 [INFO] UtilMem:75 - End SaveConfig() Used Memory: 916273288 Bytes (1073741824)
2026-07-17 08:31:01,520 [ERROR] LogOutputStream:75 - [STDERR_REDIRECT] [Fatal Error] :1:1: Premature end of file.
2026-07-17 08:31:01,520 [ERROR] LogOutputStream:75 - [STDERR_REDIRECT] 
2026-07-17 08:31:02,472 [ERROR] LogOutputStream:75 - [STDERR_REDIRECT] [Fatal Error] :1:1: Premature end of file.
2026-07-17 08:31:02,472 [ERROR] LogOutputStream:75 - [STDERR_REDIRECT] 
2026-07-17 08:31:03,421 [ERROR] LogOutputStream:75 - [STDERR_REDIRECT] [Fatal Error] :1:1: Premature end of file.
2026-07-17 08:31:03,421 [ERROR] LogOutputStream:75 - [STDERR_REDIRECT] 
2026-07-17 08:31:04,418 [ERROR] LogOutputStream:75 - [STDERR_REDIRECT] [Fatal Error] :1:1: Premature end of file.
2026-07-17 08:31:04,418 [ERROR] LogOutputStream:75 - [STDERR_REDIRECT] 
2026-07-17 08:31:05,495 [ERROR] LogOutputStream:75 - [STDERR_REDIRECT] [Fatal Error] :1:1: Premature end of file.
2026-07-17 08:31:05,496 [ERROR] LogOutputStream:75 - [STDERR_REDIRECT] 
2026-07-17 08:31:06,556 [ERROR] LogOutputStream:75 - [STDERR_REDIRECT] [Fatal Error] :1:1: Premature end of file.
2026-07-17 08:31:06,560 [ERROR] LogOutputStream:75 - [STDERR_REDIRECT] 
2026-07-17 08:31:06,793 [INFO] UtilMem:75 - End SaveConfig() Used Memory: 873162536 Bytes (1073741824)
2026-07-17 08:31:07,654 [ERROR] LogOutputStream:75 - [STDERR_REDIRECT] [Fatal Error] :1:1: Premature end of file.
2026-07-17 08:31:07,655 [ERROR] LogOutputStream:75 - [STDERR_REDIRECT] 
2026-07-17 08:31:08,027 [INFO] BlockDiagram:2775 - set Specific Code input for plugin: SYS
2026-07-17 08:31:08,027 [INFO] BlockDiagram:2775 - set Specific Code input for plugin: RCC
2026-07-17 08:31:08,027 [INFO] BlockDiagram:2775 - set Specific Code input for plugin: NVIC
2026-07-17 08:31:08,027 [INFO] BlockDiagram:2775 - set Specific Code input for plugin: GPIO
2026-07-17 08:31:08,030 [INFO] CodeGenerator:892 - code generatio: config db path: C:\ST\STM32CubeIDE_1.19.0\STM32CubeIDE\plugins\com.st.stm32cube.common.mx_6.15.0.202507011659\\db\
2026-07-17 08:31:08,429 [ERROR] LogOutputStream:75 - [STDERR_REDIRECT] [Fatal Error] :1:1: Premature end of file.
2026-07-17 08:31:08,429 [ERROR] LogOutputStream:75 - [STDERR_REDIRECT] 
2026-07-17 08:31:08,575 [INFO] CodeEngine:265 - oldGeneratedFile, D:\Embedded\RTOS\006LED_Btn_ISR\MXTmpFiles\license.tmp_save
2026-07-17 08:31:09,005 [INFO] CodeEngine:289 - Generated code: D:\Embedded\RTOS\006LED_Btn_ISR\MXTmpFiles\license.tmp
2026-07-17 08:31:09,074 [INFO] CodeEngine:265 - oldGeneratedFile, D:\Embedded\RTOS\006LED_Btn_ISR\MXTmpFiles\gpio.tmp_save
2026-07-17 08:31:09,394 [INFO] CodeEngine:289 - Generated code: D:\Embedded\RTOS\006LED_Btn_ISR\MXTmpFiles\gpio.tmp
2026-07-17 08:31:09,429 [ERROR] LogOutputStream:75 - [STDERR_REDIRECT] [Fatal Error] :1:1: Premature end of file.
2026-07-17 08:31:09,430 [ERROR] LogOutputStream:75 - [STDERR_REDIRECT] 
2026-07-17 08:31:09,459 [INFO] CodeEngine:265 - oldGeneratedFile, D:\Embedded\RTOS\006LED_Btn_ISR\Core\Src\stm32f4xx_it.c_save
2026-07-17 08:31:09,972 [INFO] CodeEngine:289 - Generated code: D:\Embedded\RTOS\006LED_Btn_ISR\Core\Src\stm32f4xx_it.c
2026-07-17 08:31:09,983 [INFO] CodeEngine:265 - oldGeneratedFile, D:\Embedded\RTOS\006LED_Btn_ISR\Core\Inc\stm32f4xx_it.h_save
2026-07-17 08:31:10,134 [INFO] CodeEngine:289 - Generated code: D:\Embedded\RTOS\006LED_Btn_ISR\Core\Inc\stm32f4xx_it.h
2026-07-17 08:31:10,156 [INFO] CodeEngine:265 - oldGeneratedFile, D:\Embedded\RTOS\006LED_Btn_ISR\Core\Src\stm32f4xx_hal_msp.c_save
2026-07-17 08:31:10,418 [ERROR] LogOutputStream:75 - [STDERR_REDIRECT] [Fatal Error] :1:1: Premature end of file.
2026-07-17 08:31:10,419 [ERROR] LogOutputStream:75 - [STDERR_REDIRECT] 
2026-07-17 08:31:10,451 [INFO] CodeEngine:289 - Generated code: D:\Embedded\RTOS\006LED_Btn_ISR\Core\Src\stm32f4xx_hal_msp.c
2026-07-17 08:31:10,459 [INFO] CodeEngine:265 - oldGeneratedFile, D:\Embedded\RTOS\006LED_Btn_ISR\MXTmpFiles\system.tmp_save
2026-07-17 08:31:10,554 [INFO] CodeEngine:289 - Generated code: D:\Embedded\RTOS\006LED_Btn_ISR\MXTmpFiles\system.tmp
2026-07-17 08:31:10,567 [INFO] CodeEngine:265 - oldGeneratedFile, D:\Embedded\RTOS\006LED_Btn_ISR\Core\Src\stm32f4xx_hal_timebase_tim.c_save
2026-07-17 08:31:10,699 [INFO] CodeEngine:289 - Generated code: D:\Embedded\RTOS\006LED_Btn_ISR\Core\Src\stm32f4xx_hal_timebase_tim.c
2026-07-17 08:31:10,716 [INFO] CodeEngine:321 - oldGeneratedFile, D:\Embedded\RTOS\006LED_Btn_ISR\Core\Inc\stm32f4xx_hal_conf.h_save
2026-07-17 08:31:10,998 [INFO] CodeEngine:345 - Generated code: D:\Embedded\RTOS\006LED_Btn_ISR\Core\Inc\stm32f4xx_hal_conf.h
2026-07-17 08:31:11,060 [WARN] IPConfigManager:3238 - Warning: the RefConfig PLL2P_FOR_MCO is not available in your config.xml file
2026-07-17 08:31:11,070 [INFO] ApiDbMcu:532 - Load IP Config File for RCC
2026-07-17 08:31:11,091 [INFO] CodeEngine:265 - oldGeneratedFile, D:\Embedded\RTOS\006LED_Btn_ISR\Core\Inc\main.h_save
2026-07-17 08:31:11,371 [INFO] CodeEngine:289 - Generated code: D:\Embedded\RTOS\006LED_Btn_ISR\Core\Inc\main.h
2026-07-17 08:31:11,401 [INFO] CodeEngine:265 - oldGeneratedFile, D:\Embedded\RTOS\006LED_Btn_ISR\Core\Src\main.c_save
2026-07-17 08:31:11,473 [ERROR] LogOutputStream:75 - [STDERR_REDIRECT] [Fatal Error] :1:1: Premature end of file.
2026-07-17 08:31:11,474 [ERROR] LogOutputStream:75 - [STDERR_REDIRECT] 
2026-07-17 08:31:11,854 [INFO] CodeEngine:289 - Generated code: D:\Embedded\RTOS\006LED_Btn_ISR\Core\Src\main.c
2026-07-17 08:31:12,460 [ERROR] LogOutputStream:75 - [STDERR_REDIRECT] [Fatal Error] :1:1: Premature end of file.
2026-07-17 08:31:12,460 [ERROR] LogOutputStream:75 - [STDERR_REDIRECT] 
2026-07-17 08:31:12,709 [INFO] ProjectBuilder:3606 - Time for Copy HAL[1] : 534mS.
2026-07-17 08:31:12,717 [INFO] ProjectBuilder:5216 - Project Generator version: 4.7.0-B52
2026-07-17 08:31:12,867 [INFO] ConfigFileManager:1595 - The Die is : DIE421
2026-07-17 08:31:12,873 [INFO] ApiDbMcu:532 - Load IP Config File for FATFS
2026-07-17 08:31:12,882 [INFO] ApiDbMcu:532 - Load IP Config File for FREERTOS
2026-07-17 08:31:12,887 [INFO] ApiDbMcu:532 - Load IP Config File for LIBJPEG
2026-07-17 08:31:12,899 [INFO] ApiDbMcu:532 - Load IP Config File for MBEDTLS
2026-07-17 08:31:12,911 [INFO] ApiDbMcu:532 - Load IP Config File for USB_DEVICE
2026-07-17 08:31:12,917 [INFO] ApiDbMcu:532 - Load IP Config File for USB_HOST
2026-07-17 08:31:13,379 [ERROR] LogOutputStream:75 - [STDERR_REDIRECT] [Fatal Error] :1:1: Premature end of file.
2026-07-17 08:31:13,379 [ERROR] LogOutputStream:75 - [STDERR_REDIRECT] 
2026-07-17 08:31:14,457 [ERROR] LogOutputStream:75 - [STDERR_REDIRECT] [Fatal Error] :1:1: Premature end of file.
2026-07-17 08:31:14,457 [ERROR] LogOutputStream:75 - [STDERR_REDIRECT] 
2026-07-17 08:31:15,483 [ERROR] LogOutputStream:75 - [STDERR_REDIRECT] [Fatal Error] :1:1: Premature end of file.
2026-07-17 08:31:15,483 [ERROR] LogOutputStream:75 - [STDERR_REDIRECT] 
2026-07-17 08:31:15,872 [INFO] ProjectBuilder:5496 - Time for Generating toolchain IDE Files: 3156mS.
2026-07-17 08:31:15,874 [INFO] ProjectBuilder:3463 - Time for Copy CMSIS : 1mS.
2026-07-17 08:31:15,878 [INFO] ProjectBuilder:3463 - Time for Copy CMSIS : 0mS.
2026-07-17 08:31:16,394 [ERROR] LogOutputStream:75 - [STDERR_REDIRECT] [Fatal Error] :1:1: Premature end of file.
2026-07-17 08:31:16,394 [ERROR] LogOutputStream:75 - [STDERR_REDIRECT] 
2026-07-17 08:31:17,389 [ERROR] LogOutputStream:75 - [STDERR_REDIRECT] [Fatal Error] :1:1: Premature end of file.
2026-07-17 08:31:17,390 [ERROR] LogOutputStream:75 - [STDERR_REDIRECT] 
2026-07-17 08:31:18,382 [ERROR] LogOutputStream:75 - [STDERR_REDIRECT] [Fatal Error] :1:1: Premature end of file.
2026-07-17 08:31:18,382 [ERROR] LogOutputStream:75 - [STDERR_REDIRECT] 
2026-07-17 08:31:19,385 [ERROR] LogOutputStream:75 - [STDERR_REDIRECT] [Fatal Error] :1:1: Premature end of file.
2026-07-17 08:31:19,385 [ERROR] LogOutputStream:75 - [STDERR_REDIRECT] 
2026-07-17 08:31:20,382 [ERROR] LogOutputStream:75 - [STDERR_REDIRECT] [Fatal Error] :1:1: Premature end of file.
2026-07-17 08:31:20,382 [ERROR] LogOutputStream:75 - [STDERR_REDIRECT] 
2026-07-17 08:31:21,378 [ERROR] LogOutputStream:75 - [STDERR_REDIRECT] [Fatal Error] :1:1: Premature end of file.
2026-07-17 08:31:21,379 [ERROR] LogOutputStream:75 - [STDERR_REDIRECT] 
2026-07-17 08:31:22,383 [ERROR] LogOutputStream:75 - [STDERR_REDIRECT] [Fatal Error] :1:1: Premature end of file.
2026-07-17 08:31:22,383 [ERROR] LogOutputStream:75 - [STDERR_REDIRECT] 
2026-07-17 08:31:23,384 [ERROR] LogOutputStream:75 - [STDERR_REDIRECT] [Fatal Error] :1:1: Premature end of file.
2026-07-17 08:31:23,384 [ERROR] LogOutputStream:75 - [STDERR_REDIRECT] 
2026-07-17 08:31:24,379 [ERROR] LogOutputStream:75 - [STDERR_REDIRECT] [Fatal Error] :1:1: Premature end of file.
2026-07-17 08:31:24,379 [ERROR] LogOutputStream:75 - [STDERR_REDIRECT] 
2026-07-17 08:31:25,379 [ERROR] LogOutputStream:75 - [STDERR_REDIRECT] [Fatal Error] :1:1: Premature end of file.
2026-07-17 08:31:25,380 [ERROR] LogOutputStream:75 - [STDERR_REDIRECT] 
2026-07-17 08:31:26,392 [ERROR] LogOutputStream:75 - [STDERR_REDIRECT] [Fatal Error] :1:1: Premature end of file.
2026-07-17 08:31:26,392 [ERROR] LogOutputStream:75 - [STDERR_REDIRECT] 
2026-07-17 08:31:27,414 [ERROR] LogOutputStream:75 - [STDERR_REDIRECT] [Fatal Error] :1:1: Premature end of file.
2026-07-17 08:31:27,414 [ERROR] LogOutputStream:75 - [STDERR_REDIRECT] 
2026-07-17 08:31:28,381 [ERROR] LogOutputStream:75 - [STDERR_REDIRECT] [Fatal Error] :1:1: Premature end of file.
2026-07-17 08:31:28,381 [ERROR] LogOutputStream:75 - [STDERR_REDIRECT] 
2026-07-17 08:31:29,388 [ERROR] LogOutputStream:75 - [STDERR_REDIRECT] [Fatal Error] :1:1: Premature end of file.
2026-07-17 08:31:29,388 [ERROR] LogOutputStream:75 - [STDERR_REDIRECT] 
2026-07-17 08:31:30,384 [ERROR] LogOutputStream:75 - [STDERR_REDIRECT] [Fatal Error] :1:1: Premature end of file.
2026-07-17 08:31:30,384 [ERROR] LogOutputStream:75 - [STDERR_REDIRECT] 
2026-07-17 08:31:31,392 [ERROR] LogOutputStream:75 - [STDERR_REDIRECT] [Fatal Error] :1:1: Premature end of file.
2026-07-17 08:31:31,392 [ERROR] LogOutputStream:75 - [STDERR_REDIRECT] 
2026-07-17 08:31:32,385 [ERROR] LogOutputStream:75 - [STDERR_REDIRECT] [Fatal Error] :1:1: Premature end of file.
2026-07-17 08:31:32,385 [ERROR] LogOutputStream:75 - [STDERR_REDIRECT] 
2026-07-17 08:31:33,367 [ERROR] LogOutputStream:75 - [STDERR_REDIRECT] [Fatal Error] :1:1: Premature end of file.
2026-07-17 08:31:33,367 [ERROR] LogOutputStream:75 - [STDERR_REDIRECT] 
2026-07-17 08:31:34,390 [ERROR] LogOutputStream:75 - [STDERR_REDIRECT] [Fatal Error] :1:1: Premature end of file.
2026-07-17 08:31:34,390 [ERROR] LogOutputStream:75 - [STDERR_REDIRECT] 
2026-07-17 08:31:35,396 [ERROR] LogOutputStream:75 - [STDERR_REDIRECT] [Fatal Error] :1:1: Premature end of file.
2026-07-17 08:31:35,396 [ERROR] LogOutputStream:75 - [STDERR_REDIRECT] 
2026-07-17 08:31:36,387 [ERROR] LogOutputStream:75 - [STDERR_REDIRECT] [Fatal Error] :1:1: Premature end of file.
2026-07-17 08:31:36,387 [ERROR] LogOutputStream:75 - [STDERR_REDIRECT] 
2026-07-17 08:31:37,407 [ERROR] LogOutputStream:75 - [STDERR_REDIRECT] [Fatal Error] :1:1: Premature end of file.
2026-07-17 08:31:37,407 [ERROR] LogOutputStream:75 - [STDERR_REDIRECT] 
2026-07-17 08:31:38,394 [ERROR] LogOutputStream:75 - [STDERR_REDIRECT] [Fatal Error] :1:1: Premature end of file.
2026-07-17 08:31:38,394 [ERROR] LogOutputStream:75 - [STDERR_REDIRECT] 
2026-07-17 08:31:39,387 [ERROR] LogOutputStream:75 - [STDERR_REDIRECT] [Fatal Error] :1:1: Premature end of file.
2026-07-17 08:31:39,387 [ERROR] LogOutputStream:75 - [STDERR_REDIRECT] 
2026-07-17 08:31:40,384 [ERROR] LogOutputStream:75 - [STDERR_REDIRECT] [Fatal Error] :1:1: Premature end of file.
2026-07-17 08:31:40,384 [ERROR] LogOutputStream:75 - [STDERR_REDIRECT] 
2026-07-17 08:31:41,383 [ERROR] LogOutputStream:75 - [STDERR_REDIRECT] [Fatal Error] :1:1: Premature end of file.
2026-07-17 08:31:41,383 [ERROR] LogOutputStream:75 - [STDERR_REDIRECT] 
2026-07-17 08:31:42,381 [ERROR] LogOutputStream:75 - [STDERR_REDIRECT] [Fatal Error] :1:1: Premature end of file.
2026-07-17 08:31:42,381 [ERROR] LogOutputStream:75 - [STDERR_REDIRECT] 
2026-07-17 08:31:43,388 [ERROR] LogOutputStream:75 - [STDERR_REDIRECT] [Fatal Error] :1:1: Premature end of file.
2026-07-17 08:31:43,388 [ERROR] LogOutputStream:75 - [STDERR_REDIRECT] 
2026-07-17 08:31:44,384 [ERROR] LogOutputStream:75 - [STDERR_REDIRECT] [Fatal Error] :1:1: Premature end of file.
2026-07-17 08:31:44,385 [ERROR] LogOutputStream:75 - [STDERR_REDIRECT] 
2026-07-17 08:31:45,386 [ERROR] LogOutputStream:75 - [STDERR_REDIRECT] [Fatal Error] :1:1: Premature end of file.
2026-07-17 08:31:45,386 [ERROR] LogOutputStream:75 - [STDERR_REDIRECT] 
2026-07-17 08:31:46,386 [ERROR] LogOutputStream:75 - [STDERR_REDIRECT] [Fatal Error] :1:1: Premature end of file.
2026-07-17 08:31:46,386 [ERROR] LogOutputStream:75 - [STDERR_REDIRECT] 
2026-07-17 08:31:47,386 [ERROR] LogOutputStream:75 - [STDERR_REDIRECT] [Fatal Error] :1:1: Premature end of file.
2026-07-17 08:31:47,386 [ERROR] LogOutputStream:75 - [STDERR_REDIRECT] 
2026-07-17 08:31:48,379 [ERROR] LogOutputStream:75 - [STDERR_REDIRECT] [Fatal Error] :1:1: Premature end of file.
2026-07-17 08:31:48,379 [ERROR] LogOutputStream:75 - [STDERR_REDIRECT] 
2026-07-17 08:31:49,379 [ERROR] LogOutputStream:75 - [STDERR_REDIRECT] [Fatal Error] :1:1: Premature end of file.
2026-07-17 08:31:49,379 [ERROR] LogOutputStream:75 - [STDERR_REDIRECT] 
2026-07-17 08:31:50,381 [ERROR] LogOutputStream:75 - [STDERR_REDIRECT] [Fatal Error] :1:1: Premature end of file.
2026-07-17 08:31:50,381 [ERROR] LogOutputStream:75 - [STDERR_REDIRECT] 
2026-07-17 08:31:51,390 [ERROR] LogOutputStream:75 - [STDERR_REDIRECT] [Fatal Error] :1:1: Premature end of file.
2026-07-17 08:31:51,390 [ERROR] LogOutputStream:75 - [STDERR_REDIRECT] 
2026-07-17 08:31:52,381 [ERROR] LogOutputStream:75 - [STDERR_REDIRECT] [Fatal Error] :1:1: Premature end of file.
2026-07-17 08:31:52,381 [ERROR] LogOutputStream:75 - [STDERR_REDIRECT] 
2026-07-17 08:31:53,377 [ERROR] LogOutputStream:75 - [STDERR_REDIRECT] [Fatal Error] :1:1: Premature end of file.
2026-07-17 08:31:53,377 [ERROR] LogOutputStream:75 - [STDERR_REDIRECT] 
2026-07-17 08:31:54,380 [ERROR] LogOutputStream:75 - [STDERR_REDIRECT] [Fatal Error] :1:1: Premature end of file.
2026-07-17 08:31:54,380 [ERROR] LogOutputStream:75 - [STDERR_REDIRECT] 
2026-07-17 08:31:55,372 [ERROR] LogOutputStream:75 - [STDERR_REDIRECT] [Fatal Error] :1:1: Premature end of file.
2026-07-17 08:31:55,372 [ERROR] LogOutputStream:75 - [STDERR_REDIRECT] 
2026-07-17 08:31:56,378 [ERROR] LogOutputStream:75 - [STDERR_REDIRECT] [Fatal Error] :1:1: Premature end of file.
2026-07-17 08:31:56,378 [ERROR] LogOutputStream:75 - [STDERR_REDIRECT] 
2026-07-17 08:31:57,392 [ERROR] LogOutputStream:75 - [STDERR_REDIRECT] [Fatal Error] :1:1: Premature end of file.
2026-07-17 08:31:57,392 [ERROR] LogOutputStream:75 - [STDERR_REDIRECT] 
2026-07-17 08:31:58,387 [ERROR] LogOutputStream:75 - [STDERR_REDIRECT] [Fatal Error] :1:1: Premature end of file.
2026-07-17 08:31:58,387 [ERROR] LogOutputStream:75 - [STDERR_REDIRECT] 
2026-07-17 08:31:59,386 [ERROR] LogOutputStream:75 - [STDERR_REDIRECT] [Fatal Error] :1:1: Premature end of file.
2026-07-17 08:31:59,386 [ERROR] LogOutputStream:75 - [STDERR_REDIRECT] 
2026-07-17 08:32:00,413 [ERROR] LogOutputStream:75 - [STDERR_REDIRECT] [Fatal Error] :1:1: Premature end of file.
2026-07-17 08:32:00,414 [ERROR] LogOutputStream:75 - [STDERR_REDIRECT] 
2026-07-17 08:32:01,380 [ERROR] LogOutputStream:75 - [STDERR_REDIRECT] [Fatal Error] :1:1: Premature end of file.
2026-07-17 08:32:01,380 [ERROR] LogOutputStream:75 - [STDERR_REDIRECT] 
2026-07-17 08:32:02,391 [ERROR] LogOutputStream:75 - [STDERR_REDIRECT] [Fatal Error] :1:1: Premature end of file.
2026-07-17 08:32:02,392 [ERROR] LogOutputStream:75 - [STDERR_REDIRECT] 
2026-07-17 08:32:03,392 [ERROR] LogOutputStream:75 - [STDERR_REDIRECT] [Fatal Error] :1:1: Premature end of file.
2026-07-17 08:32:03,392 [ERROR] LogOutputStream:75 - [STDERR_REDIRECT] 
2026-07-17 08:32:04,390 [ERROR] LogOutputStream:75 - [STDERR_REDIRECT] [Fatal Error] :1:1: Premature end of file.
2026-07-17 08:32:04,390 [ERROR] LogOutputStream:75 - [STDERR_REDIRECT] 
2026-07-17 08:32:05,386 [ERROR] LogOutputStream:75 - [STDERR_REDIRECT] [Fatal Error] :1:1: Premature end of file.
2026-07-17 08:32:05,386 [ERROR] LogOutputStream:75 - [STDERR_REDIRECT] 
2026-07-17 08:32:06,373 [ERROR] LogOutputStream:75 - [STDERR_REDIRECT] [Fatal Error] :1:1: Premature end of file.
2026-07-17 08:32:06,373 [ERROR] LogOutputStream:75 - [STDERR_REDIRECT] 
2026-07-17 08:32:07,381 [ERROR] LogOutputStream:75 - [STDERR_REDIRECT] [Fatal Error] :1:1: Premature end of file.
2026-07-17 08:32:07,381 [ERROR] LogOutputStream:75 - [STDERR_REDIRECT] 
2026-07-17 08:32:08,373 [ERROR] LogOutputStream:75 - [STDERR_REDIRECT] [Fatal Error] :1:1: Premature end of file.
2026-07-17 08:32:08,373 [ERROR] LogOutputStream:75 - [STDERR_REDIRECT] 
2026-07-17 08:32:09,378 [ERROR] LogOutputStream:75 - [STDERR_REDIRECT] [Fatal Error] :1:1: Premature end of file.
2026-07-17 08:32:09,378 [ERROR] LogOutputStream:75 - [STDERR_REDIRECT] 
2026-07-17 08:32:10,390 [ERROR] LogOutputStream:75 - [STDERR_REDIRECT] [Fatal Error] :1:1: Premature end of file.
2026-07-17 08:32:10,390 [ERROR] LogOutputStream:75 - [STDERR_REDIRECT] 
2026-07-17 08:32:11,381 [ERROR] LogOutputStream:75 - [STDERR_REDIRECT] [Fatal Error] :1:1: Premature end of file.
2026-07-17 08:32:11,381 [ERROR] LogOutputStream:75 - [STDERR_REDIRECT] 
2026-07-17 08:32:12,379 [ERROR] LogOutputStream:75 - [STDERR_REDIRECT] [Fatal Error] :1:1: Premature end of file.
2026-07-17 08:32:12,379 [ERROR] LogOutputStream:75 - [STDERR_REDIRECT] 
2026-07-17 08:32:13,383 [ERROR] LogOutputStream:75 - [STDERR_REDIRECT] [Fatal Error] :1:1: Premature end of file.
2026-07-17 08:32:13,383 [ERROR] LogOutputStream:75 - [STDERR_REDIRECT] 
2026-07-17 08:32:14,375 [ERROR] LogOutputStream:75 - [STDERR_REDIRECT] [Fatal Error] :1:1: Premature end of file.
2026-07-17 08:32:14,375 [ERROR] LogOutputStream:75 - [STDERR_REDIRECT] 
2026-07-17 08:32:15,371 [ERROR] LogOutputStream:75 - [STDERR_REDIRECT] [Fatal Error] :1:1: Premature end of file.
2026-07-17 08:32:15,372 [ERROR] LogOutputStream:75 - [STDERR_REDIRECT] 
2026-07-17 08:32:16,388 [ERROR] LogOutputStream:75 - [STDERR_REDIRECT] [Fatal Error] :1:1: Premature end of file.
2026-07-17 08:32:16,388 [ERROR] LogOutputStream:75 - [STDERR_REDIRECT] 
2026-07-17 08:32:17,385 [ERROR] LogOutputStream:75 - [STDERR_REDIRECT] [Fatal Error] :1:1: Premature end of file.
2026-07-17 08:32:17,385 [ERROR] LogOutputStream:75 - [STDERR_REDIRECT] 
2026-07-17 08:32:18,394 [ERROR] LogOutputStream:75 - [STDERR_REDIRECT] [Fatal Error] :1:1: Premature end of file.
2026-07-17 08:32:18,394 [ERROR] LogOutputStream:75 - [STDERR_REDIRECT] 
2026-07-17 08:32:19,400 [ERROR] LogOutputStream:75 - [STDERR_REDIRECT] [Fatal Error] :1:1: Premature end of file.
2026-07-17 08:32:19,400 [ERROR] LogOutputStream:75 - [STDERR_REDIRECT] 
2026-07-17 08:32:20,365 [ERROR] LogOutputStream:75 - [STDERR_REDIRECT] [Fatal Error] :1:1: Premature end of file.
2026-07-17 08:32:20,365 [ERROR] LogOutputStream:75 - [STDERR_REDIRECT] 
2026-07-17 08:32:21,419 [ERROR] LogOutputStream:75 - [STDERR_REDIRECT] [Fatal Error] :1:1: Premature end of file.
2026-07-17 08:32:21,419 [ERROR] LogOutputStream:75 - [STDERR_REDIRECT] 
2026-07-17 08:32:22,375 [ERROR] LogOutputStream:75 - [STDERR_REDIRECT] [Fatal Error] :1:1: Premature end of file.
2026-07-17 08:32:22,375 [ERROR] LogOutputStream:75 - [STDERR_REDIRECT] 
2026-07-17 08:32:23,373 [ERROR] LogOutputStream:75 - [STDERR_REDIRECT] [Fatal Error] :1:1: Premature end of file.
2026-07-17 08:32:23,373 [ERROR] LogOutputStream:75 - [STDERR_REDIRECT] 
2026-07-17 08:32:24,379 [ERROR] LogOutputStream:75 - [STDERR_REDIRECT] [Fatal Error] :1:1: Premature end of file.
2026-07-17 08:32:24,379 [ERROR] LogOutputStream:75 - [STDERR_REDIRECT] 
2026-07-17 08:32:25,384 [ERROR] LogOutputStream:75 - [STDERR_REDIRECT] [Fatal Error] :1:1: Premature end of file.
2026-07-17 08:32:25,384 [ERROR] LogOutputStream:75 - [STDERR_REDIRECT] 
2026-07-17 08:32:26,377 [ERROR] LogOutputStream:75 - [STDERR_REDIRECT] [Fatal Error] :1:1: Premature end of file.
2026-07-17 08:32:26,377 [ERROR] LogOutputStream:75 - [STDERR_REDIRECT] 
2026-07-17 08:32:27,388 [ERROR] LogOutputStream:75 - [STDERR_REDIRECT] [Fatal Error] :1:1: Premature end of file.
2026-07-17 08:32:27,388 [ERROR] LogOutputStream:75 - [STDERR_REDIRECT] 
2026-07-17 08:32:28,383 [ERROR] LogOutputStream:75 - [STDERR_REDIRECT] [Fatal Error] :1:1: Premature end of file.
2026-07-17 08:32:28,383 [ERROR] LogOutputStream:75 - [STDERR_REDIRECT] 
2026-07-17 08:32:29,378 [ERROR] LogOutputStream:75 - [STDERR_REDIRECT] [Fatal Error] :1:1: Premature end of file.
2026-07-17 08:32:29,378 [ERROR] LogOutputStream:75 - [STDERR_REDIRECT] 
2026-07-17 08:32:30,391 [ERROR] LogOutputStream:75 - [STDERR_REDIRECT] [Fatal Error] :1:1: Premature end of file.
2026-07-17 08:32:30,391 [ERROR] LogOutputStream:75 - [STDERR_REDIRECT] 
2026-07-17 08:32:31,402 [ERROR] LogOutputStream:75 - [STDERR_REDIRECT] [Fatal Error] :1:1: Premature end of file.
2026-07-17 08:32:31,402 [ERROR] LogOutputStream:75 - [STDERR_REDIRECT] 
2026-07-17 08:32:32,423 [ERROR] LogOutputStream:75 - [STDERR_REDIRECT] [Fatal Error] :1:1: Premature end of file.
2026-07-17 08:32:32,423 [ERROR] LogOutputStream:75 - [STDERR_REDIRECT] 
2026-07-17 08:32:33,380 [ERROR] LogOutputStream:75 - [STDERR_REDIRECT] [Fatal Error] :1:1: Premature end of file.
2026-07-17 08:32:33,380 [ERROR] LogOutputStream:75 - [STDERR_REDIRECT] 
2026-07-17 08:32:34,402 [ERROR] LogOutputStream:75 - [STDERR_REDIRECT] [Fatal Error] :1:1: Premature end of file.
2026-07-17 08:32:34,402 [ERROR] LogOutputStream:75 - [STDERR_REDIRECT] 
2026-07-17 08:32:35,391 [ERROR] LogOutputStream:75 - [STDERR_REDIRECT] [Fatal Error] :1:1: Premature end of file.
2026-07-17 08:32:35,391 [ERROR] LogOutputStream:75 - [STDERR_REDIRECT] 
2026-07-17 08:32:36,371 [ERROR] LogOutputStream:75 - [STDERR_REDIRECT] [Fatal Error] :1:1: Premature end of file.
2026-07-17 08:32:36,371 [ERROR] LogOutputStream:75 - [STDERR_REDIRECT] 
2026-07-17 08:32:37,381 [ERROR] LogOutputStream:75 - [STDERR_REDIRECT] [Fatal Error] :1:1: Premature end of file.
2026-07-17 08:32:37,381 [ERROR] LogOutputStream:75 - [STDERR_REDIRECT] 
2026-07-17 08:32:38,370 [ERROR] LogOutputStream:75 - [STDERR_REDIRECT] [Fatal Error] :1:1: Premature end of file.
2026-07-17 08:32:38,371 [ERROR] LogOutputStream:75 - [STDERR_REDIRECT] 
2026-07-17 08:32:39,381 [ERROR] LogOutputStream:75 - [STDERR_REDIRECT] [Fatal Error] :1:1: Premature end of file.
2026-07-17 08:32:39,381 [ERROR] LogOutputStream:75 - [STDERR_REDIRECT] 
2026-07-17 08:32:40,374 [ERROR] LogOutputStream:75 - [STDERR_REDIRECT] [Fatal Error] :1:1: Premature end of file.
2026-07-17 08:32:40,374 [ERROR] LogOutputStream:75 - [STDERR_REDIRECT] 
2026-07-17 08:32:41,371 [ERROR] LogOutputStream:75 - [STDERR_REDIRECT] [Fatal Error] :1:1: Premature end of file.
2026-07-17 08:32:41,371 [ERROR] LogOutputStream:75 - [STDERR_REDIRECT] 
2026-07-17 08:32:42,367 [ERROR] LogOutputStream:75 - [STDERR_REDIRECT] [Fatal Error] :1:1: Premature end of file.
2026-07-17 08:32:42,367 [ERROR] LogOutputStream:75 - [STDERR_REDIRECT] 
2026-07-17 08:32:43,369 [ERROR] LogOutputStream:75 - [STDERR_REDIRECT] [Fatal Error] :1:1: Premature end of file.
2026-07-17 08:32:43,369 [ERROR] LogOutputStream:75 - [STDERR_REDIRECT] 
2026-07-17 08:32:44,378 [ERROR] LogOutputStream:75 - [STDERR_REDIRECT] [Fatal Error] :1:1: Premature end of file.
2026-07-17 08:32:44,378 [ERROR] LogOutputStream:75 - [STDERR_REDIRECT] 
2026-07-17 08:32:45,404 [ERROR] LogOutputStream:75 - [STDERR_REDIRECT] [Fatal Error] :1:1: Premature end of file.
2026-07-17 08:32:45,404 [ERROR] LogOutputStream:75 - [STDERR_REDIRECT] 
2026-07-17 08:32:46,372 [ERROR] LogOutputStream:75 - [STDERR_REDIRECT] [Fatal Error] :1:1: Premature end of file.
2026-07-17 08:32:46,372 [ERROR] LogOutputStream:75 - [STDERR_REDIRECT] 
2026-07-17 08:32:47,382 [ERROR] LogOutputStream:75 - [STDERR_REDIRECT] [Fatal Error] :1:1: Premature end of file.
2026-07-17 08:32:47,382 [ERROR] LogOutputStream:75 - [STDERR_REDIRECT] 
2026-07-17 08:32:48,371 [ERROR] LogOutputStream:75 - [STDERR_REDIRECT] [Fatal Error] :1:1: Premature end of file.
2026-07-17 08:32:48,371 [ERROR] LogOutputStream:75 - [STDERR_REDIRECT] 
2026-07-17 08:32:49,437 [ERROR] LogOutputStream:75 - [STDERR_REDIRECT] [Fatal Error] :1:1: Premature end of file.
2026-07-17 08:32:49,437 [ERROR] LogOutputStream:75 - [STDERR_REDIRECT] 
2026-07-17 08:32:50,391 [ERROR] LogOutputStream:75 - [STDERR_REDIRECT] [Fatal Error] :1:1: Premature end of file.
2026-07-17 08:32:50,391 [ERROR] LogOutputStream:75 - [STDERR_REDIRECT] 
2026-07-17 08:32:51,384 [ERROR] LogOutputStream:75 - [STDERR_REDIRECT] [Fatal Error] :1:1: Premature end of file.
2026-07-17 08:32:51,384 [ERROR] LogOutputStream:75 - [STDERR_REDIRECT] 
2026-07-17 08:32:52,376 [ERROR] LogOutputStream:75 - [STDERR_REDIRECT] [Fatal Error] :1:1: Premature end of file.
2026-07-17 08:32:52,376 [ERROR] LogOutputStream:75 - [STDERR_REDIRECT] 
2026-07-17 08:32:53,380 [ERROR] LogOutputStream:75 - [STDERR_REDIRECT] [Fatal Error] :1:1: Premature end of file.
2026-07-17 08:32:53,380 [ERROR] LogOutputStream:75 - [STDERR_REDIRECT] 
2026-07-17 08:32:54,387 [ERROR] LogOutputStream:75 - [STDERR_REDIRECT] [Fatal Error] :1:1: Premature end of file.
2026-07-17 08:32:54,388 [ERROR] LogOutputStream:75 - [STDERR_REDIRECT] 
2026-07-17 08:32:55,392 [ERROR] LogOutputStream:75 - [STDERR_REDIRECT] [Fatal Error] :1:1: Premature end of file.
2026-07-17 08:32:55,392 [ERROR] LogOutputStream:75 - [STDERR_REDIRECT] 
2026-07-17 08:32:56,373 [ERROR] LogOutputStream:75 - [STDERR_REDIRECT] [Fatal Error] :1:1: Premature end of file.
2026-07-17 08:32:56,373 [ERROR] LogOutputStream:75 - [STDERR_REDIRECT] 
2026-07-17 08:32:57,385 [ERROR] LogOutputStream:75 - [STDERR_REDIRECT] [Fatal Error] :1:1: Premature end of file.
2026-07-17 08:32:57,385 [ERROR] LogOutputStream:75 - [STDERR_REDIRECT] 
2026-07-17 08:32:58,393 [ERROR] LogOutputStream:75 - [STDERR_REDIRECT] [Fatal Error] :1:1: Premature end of file.
2026-07-17 08:32:58,393 [ERROR] LogOutputStream:75 - [STDERR_REDIRECT] 
2026-07-17 08:32:59,383 [ERROR] LogOutputStream:75 - [STDERR_REDIRECT] [Fatal Error] :1:1: Premature end of file.
2026-07-17 08:32:59,383 [ERROR] LogOutputStream:75 - [STDERR_REDIRECT] 
2026-07-17 08:33:00,395 [ERROR] LogOutputStream:75 - [STDERR_REDIRECT] [Fatal Error] :1:1: Premature end of file.
2026-07-17 08:33:00,395 [ERROR] LogOutputStream:75 - [STDERR_REDIRECT] 
2026-07-17 08:33:01,385 [ERROR] LogOutputStream:75 - [STDERR_REDIRECT] [Fatal Error] :1:1: Premature end of file.
2026-07-17 08:33:01,385 [ERROR] LogOutputStream:75 - [STDERR_REDIRECT] 
2026-07-17 08:33:02,427 [ERROR] LogOutputStream:75 - [STDERR_REDIRECT] [Fatal Error] :1:1: Premature end of file.
2026-07-17 08:33:02,427 [ERROR] LogOutputStream:75 - [STDERR_REDIRECT] 
2026-07-17 08:33:03,373 [ERROR] LogOutputStream:75 - [STDERR_REDIRECT] [Fatal Error] :1:1: Premature end of file.
2026-07-17 08:33:03,373 [ERROR] LogOutputStream:75 - [STDERR_REDIRECT] 
2026-07-17 08:33:04,397 [ERROR] LogOutputStream:75 - [STDERR_REDIRECT] [Fatal Error] :1:1: Premature end of file.
2026-07-17 08:33:04,397 [ERROR] LogOutputStream:75 - [STDERR_REDIRECT] 
2026-07-17 08:33:05,385 [ERROR] LogOutputStream:75 - [STDERR_REDIRECT] [Fatal Error] :1:1: Premature end of file.
2026-07-17 08:33:05,387 [ERROR] LogOutputStream:75 - [STDERR_REDIRECT] 
2026-07-17 08:33:06,386 [ERROR] LogOutputStream:75 - [STDERR_REDIRECT] [Fatal Error] :1:1: Premature end of file.
2026-07-17 08:33:06,386 [ERROR] LogOutputStream:75 - [STDERR_REDIRECT] 
2026-07-17 08:33:07,388 [ERROR] LogOutputStream:75 - [STDERR_REDIRECT] [Fatal Error] :1:1: Premature end of file.
2026-07-17 08:33:07,388 [ERROR] LogOutputStream:75 - [STDERR_REDIRECT] 
2026-07-17 08:33:08,372 [ERROR] LogOutputStream:75 - [STDERR_REDIRECT] [Fatal Error] :1:1: Premature end of file.
2026-07-17 08:33:08,372 [ERROR] LogOutputStream:75 - [STDERR_REDIRECT] 
2026-07-17 08:33:09,382 [ERROR] LogOutputStream:75 - [STDERR_REDIRECT] [Fatal Error] :1:1: Premature end of file.
2026-07-17 08:33:09,382 [ERROR] LogOutputStream:75 - [STDERR_REDIRECT] 
2026-07-17 08:33:10,389 [ERROR] LogOutputStream:75 - [STDERR_REDIRECT] [Fatal Error] :1:1: Premature end of file.
2026-07-17 08:33:10,389 [ERROR] LogOutputStream:75 - [STDERR_REDIRECT] 
2026-07-17 08:33:11,385 [ERROR] LogOutputStream:75 - [STDERR_REDIRECT] [Fatal Error] :1:1: Premature end of file.
2026-07-17 08:33:11,385 [ERROR] LogOutputStream:75 - [STDERR_REDIRECT] 
2026-07-17 08:33:12,373 [ERROR] LogOutputStream:75 - [STDERR_REDIRECT] [Fatal Error] :1:1: Premature end of file.
2026-07-17 08:33:12,373 [ERROR] LogOutputStream:75 - [STDERR_REDIRECT] 
2026-07-17 08:33:13,385 [ERROR] LogOutputStream:75 - [STDERR_REDIRECT] [Fatal Error] :1:1: Premature end of file.
2026-07-17 08:33:13,386 [ERROR] LogOutputStream:75 - [STDERR_REDIRECT] 
2026-07-17 08:33:14,393 [ERROR] LogOutputStream:75 - [STDERR_REDIRECT] [Fatal Error] :1:1: Premature end of file.
2026-07-17 08:33:14,393 [ERROR] LogOutputStream:75 - [STDERR_REDIRECT] 
2026-07-17 08:33:15,383 [ERROR] LogOutputStream:75 - [STDERR_REDIRECT] [Fatal Error] :1:1: Premature end of file.
2026-07-17 08:33:15,383 [ERROR] LogOutputStream:75 - [STDERR_REDIRECT] 
2026-07-17 08:33:16,384 [ERROR] LogOutputStream:75 - [STDERR_REDIRECT] [Fatal Error] :1:1: Premature end of file.
2026-07-17 08:33:16,384 [ERROR] LogOutputStream:75 - [STDERR_REDIRECT] 
2026-07-17 08:33:17,381 [ERROR] LogOutputStream:75 - [STDERR_REDIRECT] [Fatal Error] :1:1: Premature end of file.
2026-07-17 08:33:17,382 [ERROR] LogOutputStream:75 - [STDERR_REDIRECT] 
2026-07-17 08:33:18,399 [ERROR] LogOutputStream:75 - [STDERR_REDIRECT] [Fatal Error] :1:1: Premature end of file.
2026-07-17 08:33:18,399 [ERROR] LogOutputStream:75 - [STDERR_REDIRECT] 
2026-07-17 08:33:19,387 [ERROR] LogOutputStream:75 - [STDERR_REDIRECT] [Fatal Error] :1:1: Premature end of file.
2026-07-17 08:33:19,387 [ERROR] LogOutputStream:75 - [STDERR_REDIRECT] 
2026-07-17 08:33:20,379 [ERROR] LogOutputStream:75 - [STDERR_REDIRECT] [Fatal Error] :1:1: Premature end of file.
2026-07-17 08:33:20,379 [ERROR] LogOutputStream:75 - [STDERR_REDIRECT] 
2026-07-17 08:33:21,397 [ERROR] LogOutputStream:75 - [STDERR_REDIRECT] [Fatal Error] :1:1: Premature end of file.
2026-07-17 08:33:21,397 [ERROR] LogOutputStream:75 - [STDERR_REDIRECT] 
2026-07-17 08:33:22,388 [ERROR] LogOutputStream:75 - [STDERR_REDIRECT] [Fatal Error] :1:1: Premature end of file.
2026-07-17 08:33:22,388 [ERROR] LogOutputStream:75 - [STDERR_REDIRECT] 
2026-07-17 08:33:23,385 [ERROR] LogOutputStream:75 - [STDERR_REDIRECT] [Fatal Error] :1:1: Premature end of file.
2026-07-17 08:33:23,385 [ERROR] LogOutputStream:75 - [STDERR_REDIRECT] 
2026-07-17 08:33:24,379 [ERROR] LogOutputStream:75 - [STDERR_REDIRECT] [Fatal Error] :1:1: Premature end of file.
2026-07-17 08:33:24,379 [ERROR] LogOutputStream:75 - [STDERR_REDIRECT] 
2026-07-17 08:33:25,377 [ERROR] LogOutputStream:75 - [STDERR_REDIRECT] [Fatal Error] :1:1: Premature end of file.
2026-07-17 08:33:25,377 [ERROR] LogOutputStream:75 - [STDERR_REDIRECT] 
2026-07-17 08:33:26,387 [ERROR] LogOutputStream:75 - [STDERR_REDIRECT] [Fatal Error] :1:1: Premature end of file.
2026-07-17 08:33:26,387 [ERROR] LogOutputStream:75 - [STDERR_REDIRECT] 
2026-07-17 08:33:27,385 [ERROR] LogOutputStream:75 - [STDERR_REDIRECT] [Fatal Error] :1:1: Premature end of file.
2026-07-17 08:33:27,385 [ERROR] LogOutputStream:75 - [STDERR_REDIRECT] 
2026-07-17 08:33:28,405 [ERROR] LogOutputStream:75 - [STDERR_REDIRECT] [Fatal Error] :1:1: Premature end of file.
2026-07-17 08:33:28,406 [ERROR] LogOutputStream:75 - [STDERR_REDIRECT] 
2026-07-17 08:33:29,376 [ERROR] LogOutputStream:75 - [STDERR_REDIRECT] [Fatal Error] :1:1: Premature end of file.
2026-07-17 08:33:29,376 [ERROR] LogOutputStream:75 - [STDERR_REDIRECT] 
2026-07-17 08:33:30,378 [ERROR] LogOutputStream:75 - [STDERR_REDIRECT] [Fatal Error] :1:1: Premature end of file.
2026-07-17 08:33:30,378 [ERROR] LogOutputStream:75 - [STDERR_REDIRECT] 
2026-07-17 08:33:31,385 [ERROR] LogOutputStream:75 - [STDERR_REDIRECT] [Fatal Error] :1:1: Premature end of file.
2026-07-17 08:33:31,385 [ERROR] LogOutputStream:75 - [STDERR_REDIRECT] 
2026-07-17 08:33:32,397 [ERROR] LogOutputStream:75 - [STDERR_REDIRECT] [Fatal Error] :1:1: Premature end of file.
2026-07-17 08:33:32,397 [ERROR] LogOutputStream:75 - [STDERR_REDIRECT] 
2026-07-17 08:33:33,387 [ERROR] LogOutputStream:75 - [STDERR_REDIRECT] [Fatal Error] :1:1: Premature end of file.
2026-07-17 08:33:33,387 [ERROR] LogOutputStream:75 - [STDERR_REDIRECT] 
2026-07-17 08:33:34,377 [ERROR] LogOutputStream:75 - [STDERR_REDIRECT] [Fatal Error] :1:1: Premature end of file.
2026-07-17 08:33:34,377 [ERROR] LogOutputStream:75 - [STDERR_REDIRECT] 
2026-07-17 08:33:35,386 [ERROR] LogOutputStream:75 - [STDERR_REDIRECT] [Fatal Error] :1:1: Premature end of file.
2026-07-17 08:33:35,386 [ERROR] LogOutputStream:75 - [STDERR_REDIRECT] 
2026-07-17 08:33:36,452 [ERROR] LogOutputStream:75 - [STDERR_REDIRECT] [Fatal Error] :1:1: Premature end of file.
2026-07-17 08:33:36,452 [ERROR] LogOutputStream:75 - [STDERR_REDIRECT] 
2026-07-17 08:33:37,376 [ERROR] LogOutputStream:75 - [STDERR_REDIRECT] [Fatal Error] :1:1: Premature end of file.
2026-07-17 08:33:37,376 [ERROR] LogOutputStream:75 - [STDERR_REDIRECT] 
2026-07-17 08:33:38,379 [ERROR] LogOutputStream:75 - [STDERR_REDIRECT] [Fatal Error] :1:1: Premature end of file.
2026-07-17 08:33:38,379 [ERROR] LogOutputStream:75 - [STDERR_REDIRECT] 
2026-07-17 08:33:39,382 [ERROR] LogOutputStream:75 - [STDERR_REDIRECT] [Fatal Error] :1:1: Premature end of file.
2026-07-17 08:33:39,382 [ERROR] LogOutputStream:75 - [STDERR_REDIRECT] 
2026-07-17 08:33:40,385 [ERROR] LogOutputStream:75 - [STDERR_REDIRECT] [Fatal Error] :1:1: Premature end of file.
2026-07-17 08:33:40,385 [ERROR] LogOutputStream:75 - [STDERR_REDIRECT] 
2026-07-17 08:33:41,391 [ERROR] LogOutputStream:75 - [STDERR_REDIRECT] [Fatal Error] :1:1: Premature end of file.
2026-07-17 08:33:41,392 [ERROR] LogOutputStream:75 - [STDERR_REDIRECT] 
2026-07-17 08:33:42,391 [ERROR] LogOutputStream:75 - [STDERR_REDIRECT] [Fatal Error] :1:1: Premature end of file.
2026-07-17 08:33:42,391 [ERROR] LogOutputStream:75 - [STDERR_REDIRECT] 
2026-07-17 08:33:43,392 [ERROR] LogOutputStream:75 - [STDERR_REDIRECT] [Fatal Error] :1:1: Premature end of file.
2026-07-17 08:33:43,392 [ERROR] LogOutputStream:75 - [STDERR_REDIRECT] 
2026-07-17 08:33:44,377 [ERROR] LogOutputStream:75 - [STDERR_REDIRECT] [Fatal Error] :1:1: Premature end of file.
2026-07-17 08:33:44,377 [ERROR] LogOutputStream:75 - [STDERR_REDIRECT] 
2026-07-17 08:33:45,379 [ERROR] LogOutputStream:75 - [STDERR_REDIRECT] [Fatal Error] :1:1: Premature end of file.
2026-07-17 08:33:45,380 [ERROR] LogOutputStream:75 - [STDERR_REDIRECT] 
2026-07-17 08:33:46,418 [ERROR] LogOutputStream:75 - [STDERR_REDIRECT] [Fatal Error] :1:1: Premature end of file.
2026-07-17 08:33:46,418 [ERROR] LogOutputStream:75 - [STDERR_REDIRECT] 
2026-07-17 08:33:47,403 [ERROR] LogOutputStream:75 - [STDERR_REDIRECT] [Fatal Error] :1:1: Premature end of file.
2026-07-17 08:33:47,403 [ERROR] LogOutputStream:75 - [STDERR_REDIRECT] 
2026-07-17 08:33:48,379 [ERROR] LogOutputStream:75 - [STDERR_REDIRECT] [Fatal Error] :1:1: Premature end of file.
2026-07-17 08:33:48,379 [ERROR] LogOutputStream:75 - [STDERR_REDIRECT] 
2026-07-17 08:33:49,377 [ERROR] LogOutputStream:75 - [STDERR_REDIRECT] [Fatal Error] :1:1: Premature end of file.
2026-07-17 08:33:49,377 [ERROR] LogOutputStream:75 - [STDERR_REDIRECT] 
2026-07-17 08:33:50,426 [ERROR] LogOutputStream:75 - [STDERR_REDIRECT] [Fatal Error] :1:1: Premature end of file.
2026-07-17 08:33:50,426 [ERROR] LogOutputStream:75 - [STDERR_REDIRECT] 
2026-07-17 08:33:51,377 [ERROR] LogOutputStream:75 - [STDERR_REDIRECT] [Fatal Error] :1:1: Premature end of file.
2026-07-17 08:33:51,377 [ERROR] LogOutputStream:75 - [STDERR_REDIRECT] 
2026-07-17 08:33:52,379 [ERROR] LogOutputStream:75 - [STDERR_REDIRECT] [Fatal Error] :1:1: Premature end of file.
2026-07-17 08:33:52,379 [ERROR] LogOutputStream:75 - [STDERR_REDIRECT] 
2026-07-17 08:33:53,377 [ERROR] LogOutputStream:75 - [STDERR_REDIRECT] [Fatal Error] :1:1: Premature end of file.
2026-07-17 08:33:53,377 [ERROR] LogOutputStream:75 - [STDERR_REDIRECT] 
2026-07-17 08:33:54,382 [ERROR] LogOutputStream:75 - [STDERR_REDIRECT] [Fatal Error] :1:1: Premature end of file.
2026-07-17 08:33:54,382 [ERROR] LogOutputStream:75 - [STDERR_REDIRECT] 
2026-07-17 08:33:55,380 [ERROR] LogOutputStream:75 - [STDERR_REDIRECT] [Fatal Error] :1:1: Premature end of file.
2026-07-17 08:33:55,381 [ERROR] LogOutputStream:75 - [STDERR_REDIRECT] 
2026-07-17 08:33:56,386 [ERROR] LogOutputStream:75 - [STDERR_REDIRECT] [Fatal Error] :1:1: Premature end of file.
2026-07-17 08:33:56,386 [ERROR] LogOutputStream:75 - [STDERR_REDIRECT] 
2026-07-17 08:33:57,384 [ERROR] LogOutputStream:75 - [STDERR_REDIRECT] [Fatal Error] :1:1: Premature end of file.
2026-07-17 08:33:57,384 [ERROR] LogOutputStream:75 - [STDERR_REDIRECT] 
2026-07-17 08:33:58,382 [ERROR] LogOutputStream:75 - [STDERR_REDIRECT] [Fatal Error] :1:1: Premature end of file.
2026-07-17 08:33:58,383 [ERROR] LogOutputStream:75 - [STDERR_REDIRECT] 
2026-07-17 08:33:59,391 [ERROR] LogOutputStream:75 - [STDERR_REDIRECT] [Fatal Error] :1:1: Premature end of file.
2026-07-17 08:33:59,391 [ERROR] LogOutputStream:75 - [STDERR_REDIRECT] 
2026-07-17 08:34:00,377 [ERROR] LogOutputStream:75 - [STDERR_REDIRECT] [Fatal Error] :1:1: Premature end of file.
2026-07-17 08:34:00,377 [ERROR] LogOutputStream:75 - [STDERR_REDIRECT] 
2026-07-17 08:34:01,383 [ERROR] LogOutputStream:75 - [STDERR_REDIRECT] [Fatal Error] :1:1: Premature end of file.
2026-07-17 08:34:01,383 [ERROR] LogOutputStream:75 - [STDERR_REDIRECT] 
2026-07-17 08:34:02,383 [ERROR] LogOutputStream:75 - [STDERR_REDIRECT] [Fatal Error] :1:1: Premature end of file.
2026-07-17 08:34:02,383 [ERROR] LogOutputStream:75 - [STDERR_REDIRECT] 
2026-07-17 08:34:03,389 [ERROR] LogOutputStream:75 - [STDERR_REDIRECT] [Fatal Error] :1:1: Premature end of file.
2026-07-17 08:34:03,389 [ERROR] LogOutputStream:75 - [STDERR_REDIRECT] 
2026-07-17 08:34:04,378 [ERROR] LogOutputStream:75 - [STDERR_REDIRECT] [Fatal Error] :1:1: Premature end of file.
2026-07-17 08:34:04,378 [ERROR] LogOutputStream:75 - [STDERR_REDIRECT] 
2026-07-17 08:34:05,382 [ERROR] LogOutputStream:75 - [STDERR_REDIRECT] [Fatal Error] :1:1: Premature end of file.
2026-07-17 08:34:05,382 [ERROR] LogOutputStream:75 - [STDERR_REDIRECT] 
2026-07-17 08:34:06,382 [ERROR] LogOutputStream:75 - [STDERR_REDIRECT] [Fatal Error] :1:1: Premature end of file.
2026-07-17 08:34:06,382 [ERROR] LogOutputStream:75 - [STDERR_REDIRECT] 
2026-07-17 08:34:07,380 [ERROR] LogOutputStream:75 - [STDERR_REDIRECT] [Fatal Error] :1:1: Premature end of file.
2026-07-17 08:34:07,380 [ERROR] LogOutputStream:75 - [STDERR_REDIRECT] 
2026-07-17 08:34:08,398 [ERROR] LogOutputStream:75 - [STDERR_REDIRECT] [Fatal Error] :1:1: Premature end of file.
2026-07-17 08:34:08,398 [ERROR] LogOutputStream:75 - [STDERR_REDIRECT] 
2026-07-17 08:34:09,393 [ERROR] LogOutputStream:75 - [STDERR_REDIRECT] [Fatal Error] :1:1: Premature end of file.
2026-07-17 08:34:09,393 [ERROR] LogOutputStream:75 - [STDERR_REDIRECT] 
2026-07-17 08:34:10,383 [ERROR] LogOutputStream:75 - [STDERR_REDIRECT] [Fatal Error] :1:1: Premature end of file.
2026-07-17 08:34:10,383 [ERROR] LogOutputStream:75 - [STDERR_REDIRECT] 
2026-07-17 08:34:11,376 [ERROR] LogOutputStream:75 - [STDERR_REDIRECT] [Fatal Error] :1:1: Premature end of file.
2026-07-17 08:34:11,376 [ERROR] LogOutputStream:75 - [STDERR_REDIRECT] 
2026-07-17 08:34:12,379 [ERROR] LogOutputStream:75 - [STDERR_REDIRECT] [Fatal Error] :1:1: Premature end of file.
2026-07-17 08:34:12,379 [ERROR] LogOutputStream:75 - [STDERR_REDIRECT] 
2026-07-17 08:34:13,376 [ERROR] LogOutputStream:75 - [STDERR_REDIRECT] [Fatal Error] :1:1: Premature end of file.
2026-07-17 08:34:13,376 [ERROR] LogOutputStream:75 - [STDERR_REDIRECT] 
2026-07-17 08:34:14,380 [ERROR] LogOutputStream:75 - [STDERR_REDIRECT] [Fatal Error] :1:1: Premature end of file.
2026-07-17 08:34:14,380 [ERROR] LogOutputStream:75 - [STDERR_REDIRECT] 
2026-07-17 08:34:15,373 [ERROR] LogOutputStream:75 - [STDERR_REDIRECT] [Fatal Error] :1:1: Premature end of file.
2026-07-17 08:34:15,373 [ERROR] LogOutputStream:75 - [STDERR_REDIRECT] 
2026-07-17 08:34:16,379 [ERROR] LogOutputStream:75 - [STDERR_REDIRECT] [Fatal Error] :1:1: Premature end of file.
2026-07-17 08:34:16,379 [ERROR] LogOutputStream:75 - [STDERR_REDIRECT] 
2026-07-17 08:34:17,396 [ERROR] LogOutputStream:75 - [STDERR_REDIRECT] [Fatal Error] :1:1: Premature end of file.
2026-07-17 08:34:17,396 [ERROR] LogOutputStream:75 - [STDERR_REDIRECT] 
2026-07-17 08:34:18,382 [ERROR] LogOutputStream:75 - [STDERR_REDIRECT] [Fatal Error] :1:1: Premature end of file.
2026-07-17 08:34:18,382 [ERROR] LogOutputStream:75 - [STDERR_REDIRECT] 
2026-07-17 08:34:19,372 [ERROR] LogOutputStream:75 - [STDERR_REDIRECT] [Fatal Error] :1:1: Premature end of file.
2026-07-17 08:34:19,373 [ERROR] LogOutputStream:75 - [STDERR_REDIRECT] 
2026-07-17 08:34:20,379 [ERROR] LogOutputStream:75 - [STDERR_REDIRECT] [Fatal Error] :1:1: Premature end of file.
2026-07-17 08:34:20,379 [ERROR] LogOutputStream:75 - [STDERR_REDIRECT] 
2026-07-17 08:34:21,381 [ERROR] LogOutputStream:75 - [STDERR_REDIRECT] [Fatal Error] :1:1: Premature end of file.
2026-07-17 08:34:21,381 [ERROR] LogOutputStream:75 - [STDERR_REDIRECT] 
2026-07-17 08:34:22,382 [ERROR] LogOutputStream:75 - [STDERR_REDIRECT] [Fatal Error] :1:1: Premature end of file.
2026-07-17 08:34:22,382 [ERROR] LogOutputStream:75 - [STDERR_REDIRECT] 
2026-07-17 08:34:23,385 [ERROR] LogOutputStream:75 - [STDERR_REDIRECT] [Fatal Error] :1:1: Premature end of file.
2026-07-17 08:34:23,386 [ERROR] LogOutputStream:75 - [STDERR_REDIRECT] 
2026-07-17 08:34:24,374 [ERROR] LogOutputStream:75 - [STDERR_REDIRECT] [Fatal Error] :1:1: Premature end of file.
2026-07-17 08:34:24,375 [ERROR] LogOutputStream:75 - [STDERR_REDIRECT] 
2026-07-17 08:34:25,375 [ERROR] LogOutputStream:75 - [STDERR_REDIRECT] [Fatal Error] :1:1: Premature end of file.
2026-07-17 08:34:25,376 [ERROR] LogOutputStream:75 - [STDERR_REDIRECT] 
2026-07-17 08:34:26,379 [ERROR] LogOutputStream:75 - [STDERR_REDIRECT] [Fatal Error] :1:1: Premature end of file.
2026-07-17 08:34:26,379 [ERROR] LogOutputStream:75 - [STDERR_REDIRECT] 
2026-07-17 08:34:27,411 [ERROR] LogOutputStream:75 - [STDERR_REDIRECT] [Fatal Error] :1:1: Premature end of file.
2026-07-17 08:34:27,412 [ERROR] LogOutputStream:75 - [STDERR_REDIRECT] 
2026-07-17 08:34:28,380 [ERROR] LogOutputStream:75 - [STDERR_REDIRECT] [Fatal Error] :1:1: Premature end of file.
2026-07-17 08:34:28,380 [ERROR] LogOutputStream:75 - [STDERR_REDIRECT] 
2026-07-17 08:34:29,378 [ERROR] LogOutputStream:75 - [STDERR_REDIRECT] [Fatal Error] :1:1: Premature end of file.
2026-07-17 08:34:29,378 [ERROR] LogOutputStream:75 - [STDERR_REDIRECT] 
2026-07-17 08:34:30,375 [ERROR] LogOutputStream:75 - [STDERR_REDIRECT] [Fatal Error] :1:1: Premature end of file.
2026-07-17 08:34:30,375 [ERROR] LogOutputStream:75 - [STDERR_REDIRECT] 
2026-07-17 08:34:31,381 [ERROR] LogOutputStream:75 - [STDERR_REDIRECT] [Fatal Error] :1:1: Premature end of file.
2026-07-17 08:34:31,381 [ERROR] LogOutputStream:75 - [STDERR_REDIRECT] 
2026-07-17 08:34:32,384 [ERROR] LogOutputStream:75 - [STDERR_REDIRECT] [Fatal Error] :1:1: Premature end of file.
2026-07-17 08:34:32,384 [ERROR] LogOutputStream:75 - [STDERR_REDIRECT] 
2026-07-17 08:34:33,382 [ERROR] LogOutputStream:75 - [STDERR_REDIRECT] [Fatal Error] :1:1: Premature end of file.
2026-07-17 08:34:33,382 [ERROR] LogOutputStream:75 - [STDERR_REDIRECT] 
2026-07-17 08:34:34,388 [ERROR] LogOutputStream:75 - [STDERR_REDIRECT] [Fatal Error] :1:1: Premature end of file.
2026-07-17 08:34:34,388 [ERROR] LogOutputStream:75 - [STDERR_REDIRECT] 
2026-07-17 08:34:35,380 [ERROR] LogOutputStream:75 - [STDERR_REDIRECT] [Fatal Error] :1:1: Premature end of file.
2026-07-17 08:34:35,380 [ERROR] LogOutputStream:75 - [STDERR_REDIRECT] 
2026-07-17 08:34:36,385 [ERROR] LogOutputStream:75 - [STDERR_REDIRECT] [Fatal Error] :1:1: Premature end of file.
2026-07-17 08:34:36,385 [ERROR] LogOutputStream:75 - [STDERR_REDIRECT] 
2026-07-17 08:34:37,387 [ERROR] LogOutputStream:75 - [STDERR_REDIRECT] [Fatal Error] :1:1: Premature end of file.
2026-07-17 08:34:37,387 [ERROR] LogOutputStream:75 - [STDERR_REDIRECT] 
2026-07-17 08:34:38,389 [ERROR] LogOutputStream:75 - [STDERR_REDIRECT] [Fatal Error] :1:1: Premature end of file.
2026-07-17 08:34:38,389 [ERROR] LogOutputStream:75 - [STDERR_REDIRECT] 
2026-07-17 08:34:39,389 [ERROR] LogOutputStream:75 - [STDERR_REDIRECT] [Fatal Error] :1:1: Premature end of file.
2026-07-17 08:34:39,389 [ERROR] LogOutputStream:75 - [STDERR_REDIRECT] 
2026-07-17 08:34:40,381 [ERROR] LogOutputStream:75 - [STDERR_REDIRECT] [Fatal Error] :1:1: Premature end of file.
2026-07-17 08:34:40,381 [ERROR] LogOutputStream:75 - [STDERR_REDIRECT] 
2026-07-17 08:34:41,376 [ERROR] LogOutputStream:75 - [STDERR_REDIRECT] [Fatal Error] :1:1: Premature end of file.
2026-07-17 08:34:41,376 [ERROR] LogOutputStream:75 - [STDERR_REDIRECT] 
2026-07-17 08:34:42,391 [ERROR] LogOutputStream:75 - [STDERR_REDIRECT] [Fatal Error] :1:1: Premature end of file.
2026-07-17 08:34:42,391 [ERROR] LogOutputStream:75 - [STDERR_REDIRECT] 
2026-07-17 08:34:43,383 [ERROR] LogOutputStream:75 - [STDERR_REDIRECT] [Fatal Error] :1:1: Premature end of file.
2026-07-17 08:34:43,383 [ERROR] LogOutputStream:75 - [STDERR_REDIRECT] 
2026-07-17 08:34:44,377 [ERROR] LogOutputStream:75 - [STDERR_REDIRECT] [Fatal Error] :1:1: Premature end of file.
2026-07-17 08:34:44,377 [ERROR] LogOutputStream:75 - [STDERR_REDIRECT] 
2026-07-17 08:34:45,385 [ERROR] LogOutputStream:75 - [STDERR_REDIRECT] [Fatal Error] :1:1: Premature end of file.
2026-07-17 08:34:45,385 [ERROR] LogOutputStream:75 - [STDERR_REDIRECT] 
2026-07-17 08:34:46,370 [ERROR] LogOutputStream:75 - [STDERR_REDIRECT] [Fatal Error] :1:1: Premature end of file.
2026-07-17 08:34:46,370 [ERROR] LogOutputStream:75 - [STDERR_REDIRECT] 
2026-07-17 08:34:47,378 [ERROR] LogOutputStream:75 - [STDERR_REDIRECT] [Fatal Error] :1:1: Premature end of file.
2026-07-17 08:34:47,378 [ERROR] LogOutputStream:75 - [STDERR_REDIRECT] 
2026-07-17 08:34:48,382 [ERROR] LogOutputStream:75 - [STDERR_REDIRECT] [Fatal Error] :1:1: Premature end of file.
2026-07-17 08:34:48,382 [ERROR] LogOutputStream:75 - [STDERR_REDIRECT] 
2026-07-17 08:34:49,372 [ERROR] LogOutputStream:75 - [STDERR_REDIRECT] [Fatal Error] :1:1: Premature end of file.
2026-07-17 08:34:49,373 [ERROR] LogOutputStream:75 - [STDERR_REDIRECT] 
2026-07-17 08:34:50,383 [ERROR] LogOutputStream:75 - [STDERR_REDIRECT] [Fatal Error] :1:1: Premature end of file.
2026-07-17 08:34:50,383 [ERROR] LogOutputStream:75 - [STDERR_REDIRECT] 
2026-07-17 08:34:51,382 [ERROR] LogOutputStream:75 - [STDERR_REDIRECT] [Fatal Error] :1:1: Premature end of file.
2026-07-17 08:34:51,382 [ERROR] LogOutputStream:75 - [STDERR_REDIRECT] 
2026-07-17 08:34:52,384 [ERROR] LogOutputStream:75 - [STDERR_REDIRECT] [Fatal Error] :1:1: Premature end of file.
2026-07-17 08:34:52,384 [ERROR] LogOutputStream:75 - [STDERR_REDIRECT] 
2026-07-17 08:34:53,381 [ERROR] LogOutputStream:75 - [STDERR_REDIRECT] [Fatal Error] :1:1: Premature end of file.
2026-07-17 08:34:53,381 [ERROR] LogOutputStream:75 - [STDERR_REDIRECT] 
2026-07-17 08:34:54,383 [ERROR] LogOutputStream:75 - [STDERR_REDIRECT] [Fatal Error] :1:1: Premature end of file.
2026-07-17 08:34:54,383 [ERROR] LogOutputStream:75 - [STDERR_REDIRECT] 
2026-07-17 08:34:55,413 [ERROR] LogOutputStream:75 - [STDERR_REDIRECT] [Fatal Error] :1:1: Premature end of file.
2026-07-17 08:34:55,413 [ERROR] LogOutputStream:75 - [STDERR_REDIRECT] 
2026-07-17 08:34:56,402 [ERROR] LogOutputStream:75 - [STDERR_REDIRECT] [Fatal Error] :1:1: Premature end of file.
2026-07-17 08:34:56,403 [ERROR] LogOutputStream:75 - [STDERR_REDIRECT] 
2026-07-17 08:34:57,412 [ERROR] LogOutputStream:75 - [STDERR_REDIRECT] [Fatal Error] :1:1: Premature end of file.
2026-07-17 08:34:57,412 [ERROR] LogOutputStream:75 - [STDERR_REDIRECT] 
2026-07-17 08:34:58,392 [ERROR] LogOutputStream:75 - [STDERR_REDIRECT] [Fatal Error] :1:1: Premature end of file.
2026-07-17 08:34:58,392 [ERROR] LogOutputStream:75 - [STDERR_REDIRECT] 
2026-07-17 08:34:59,376 [ERROR] LogOutputStream:75 - [STDERR_REDIRECT] [Fatal Error] :1:1: Premature end of file.
2026-07-17 08:34:59,376 [ERROR] LogOutputStream:75 - [STDERR_REDIRECT] 
2026-07-17 08:35:00,414 [ERROR] LogOutputStream:75 - [STDERR_REDIRECT] [Fatal Error] :1:1: Premature end of file.
2026-07-17 08:35:00,414 [ERROR] LogOutputStream:75 - [STDERR_REDIRECT] 
2026-07-17 08:35:01,387 [ERROR] LogOutputStream:75 - [STDERR_REDIRECT] [Fatal Error] :1:1: Premature end of file.
2026-07-17 08:35:01,387 [ERROR] LogOutputStream:75 - [STDERR_REDIRECT] 
2026-07-17 08:35:02,380 [ERROR] LogOutputStream:75 - [STDERR_REDIRECT] [Fatal Error] :1:1: Premature end of file.
2026-07-17 08:35:02,380 [ERROR] LogOutputStream:75 - [STDERR_REDIRECT] 
2026-07-17 08:35:03,387 [ERROR] LogOutputStream:75 - [STDERR_REDIRECT] [Fatal Error] :1:1: Premature end of file.
2026-07-17 08:35:03,388 [ERROR] LogOutputStream:75 - [STDERR_REDIRECT] 
2026-07-17 08:35:04,375 [ERROR] LogOutputStream:75 - [STDERR_REDIRECT] [Fatal Error] :1:1: Premature end of file.
2026-07-17 08:35:04,375 [ERROR] LogOutputStream:75 - [STDERR_REDIRECT] 
2026-07-17 08:35:05,383 [ERROR] LogOutputStream:75 - [STDERR_REDIRECT] [Fatal Error] :1:1: Premature end of file.
2026-07-17 08:35:05,384 [ERROR] LogOutputStream:75 - [STDERR_REDIRECT] 
2026-07-17 08:35:06,387 [ERROR] LogOutputStream:75 - [STDERR_REDIRECT] [Fatal Error] :1:1: Premature end of file.
2026-07-17 08:35:06,388 [ERROR] LogOutputStream:75 - [STDERR_REDIRECT] 
2026-07-17 08:35:07,390 [ERROR] LogOutputStream:75 - [STDERR_REDIRECT] [Fatal Error] :1:1: Premature end of file.
2026-07-17 08:35:07,390 [ERROR] LogOutputStream:75 - [STDERR_REDIRECT] 
2026-07-17 08:35:08,399 [ERROR] LogOutputStream:75 - [STDERR_REDIRECT] [Fatal Error] :1:1: Premature end of file.
2026-07-17 08:35:08,399 [ERROR] LogOutputStream:75 - [STDERR_REDIRECT] 
2026-07-17 08:35:09,387 [ERROR] LogOutputStream:75 - [STDERR_REDIRECT] [Fatal Error] :1:1: Premature end of file.
2026-07-17 08:35:09,387 [ERROR] LogOutputStream:75 - [STDERR_REDIRECT] 
2026-07-17 08:35:10,376 [ERROR] LogOutputStream:75 - [STDERR_REDIRECT] [Fatal Error] :1:1: Premature end of file.
2026-07-17 08:35:10,376 [ERROR] LogOutputStream:75 - [STDERR_REDIRECT] 
2026-07-17 08:35:11,382 [ERROR] LogOutputStream:75 - [STDERR_REDIRECT] [Fatal Error] :1:1: Premature end of file.
2026-07-17 08:35:11,382 [ERROR] LogOutputStream:75 - [STDERR_REDIRECT] 
2026-07-17 08:35:12,371 [ERROR] LogOutputStream:75 - [STDERR_REDIRECT] [Fatal Error] :1:1: Premature end of file.
2026-07-17 08:35:12,372 [ERROR] LogOutputStream:75 - [STDERR_REDIRECT] 
2026-07-17 08:35:13,397 [ERROR] LogOutputStream:75 - [STDERR_REDIRECT] [Fatal Error] :1:1: Premature end of file.
2026-07-17 08:35:13,397 [ERROR] LogOutputStream:75 - [STDERR_REDIRECT] 
2026-07-17 08:35:14,416 [ERROR] LogOutputStream:75 - [STDERR_REDIRECT] [Fatal Error] :1:1: Premature end of file.
2026-07-17 08:35:14,416 [ERROR] LogOutputStream:75 - [STDERR_REDIRECT] 
2026-07-17 08:35:15,382 [ERROR] LogOutputStream:75 - [STDERR_REDIRECT] [Fatal Error] :1:1: Premature end of file.
2026-07-17 08:35:15,382 [ERROR] LogOutputStream:75 - [STDERR_REDIRECT] 
2026-07-17 08:35:16,382 [ERROR] LogOutputStream:75 - [STDERR_REDIRECT] [Fatal Error] :1:1: Premature end of file.
2026-07-17 08:35:16,382 [ERROR] LogOutputStream:75 - [STDERR_REDIRECT] 
2026-07-17 08:35:17,378 [ERROR] LogOutputStream:75 - [STDERR_REDIRECT] [Fatal Error] :1:1: Premature end of file.
2026-07-17 08:35:17,378 [ERROR] LogOutputStream:75 - [STDERR_REDIRECT] 
2026-07-17 08:35:18,380 [ERROR] LogOutputStream:75 - [STDERR_REDIRECT] [Fatal Error] :1:1: Premature end of file.
2026-07-17 08:35:18,380 [ERROR] LogOutputStream:75 - [STDERR_REDIRECT] 
2026-07-17 08:35:19,376 [ERROR] LogOutputStream:75 - [STDERR_REDIRECT] [Fatal Error] :1:1: Premature end of file.
2026-07-17 08:35:19,376 [ERROR] LogOutputStream:75 - [STDERR_REDIRECT] 
2026-07-17 08:35:20,372 [ERROR] LogOutputStream:75 - [STDERR_REDIRECT] [Fatal Error] :1:1: Premature end of file.
2026-07-17 08:35:20,372 [ERROR] LogOutputStream:75 - [STDERR_REDIRECT] 
2026-07-17 08:35:21,374 [ERROR] LogOutputStream:75 - [STDERR_REDIRECT] [Fatal Error] :1:1: Premature end of file.
2026-07-17 08:35:21,374 [ERROR] LogOutputStream:75 - [STDERR_REDIRECT] 
2026-07-17 08:35:22,397 [ERROR] LogOutputStream:75 - [STDERR_REDIRECT] [Fatal Error] :1:1: Premature end of file.
2026-07-17 08:35:22,397 [ERROR] LogOutputStream:75 - [STDERR_REDIRECT] 
2026-07-17 08:35:23,397 [ERROR] LogOutputStream:75 - [STDERR_REDIRECT] [Fatal Error] :1:1: Premature end of file.
2026-07-17 08:35:23,398 [ERROR] LogOutputStream:75 - [STDERR_REDIRECT] 
2026-07-17 08:35:24,412 [ERROR] LogOutputStream:75 - [STDERR_REDIRECT] [Fatal Error] :1:1: Premature end of file.
2026-07-17 08:35:24,412 [ERROR] LogOutputStream:75 - [STDERR_REDIRECT] 
2026-07-17 08:35:25,406 [ERROR] LogOutputStream:75 - [STDERR_REDIRECT] [Fatal Error] :1:1: Premature end of file.
2026-07-17 08:35:25,407 [ERROR] LogOutputStream:75 - [STDERR_REDIRECT] 
2026-07-17 08:35:26,396 [ERROR] LogOutputStream:75 - [STDERR_REDIRECT] [Fatal Error] :1:1: Premature end of file.
2026-07-17 08:35:26,396 [ERROR] LogOutputStream:75 - [STDERR_REDIRECT] 
2026-07-17 08:35:27,390 [ERROR] LogOutputStream:75 - [STDERR_REDIRECT] [Fatal Error] :1:1: Premature end of file.
2026-07-17 08:35:27,391 [ERROR] LogOutputStream:75 - [STDERR_REDIRECT] 
2026-07-17 08:35:28,380 [ERROR] LogOutputStream:75 - [STDERR_REDIRECT] [Fatal Error] :1:1: Premature end of file.
2026-07-17 08:35:28,380 [ERROR] LogOutputStream:75 - [STDERR_REDIRECT] 
2026-07-17 08:35:29,389 [ERROR] LogOutputStream:75 - [STDERR_REDIRECT] [Fatal Error] :1:1: Premature end of file.
2026-07-17 08:35:29,389 [ERROR] LogOutputStream:75 - [STDERR_REDIRECT] 
2026-07-17 08:35:30,411 [ERROR] LogOutputStream:75 - [STDERR_REDIRECT] [Fatal Error] :1:1: Premature end of file.
2026-07-17 08:35:30,411 [ERROR] LogOutputStream:75 - [STDERR_REDIRECT] 
2026-07-17 08:35:31,375 [ERROR] LogOutputStream:75 - [STDERR_REDIRECT] [Fatal Error] :1:1: Premature end of file.
2026-07-17 08:35:31,376 [ERROR] LogOutputStream:75 - [STDERR_REDIRECT] 
2026-07-17 08:35:32,397 [ERROR] LogOutputStream:75 - [STDERR_REDIRECT] [Fatal Error] :1:1: Premature end of file.
2026-07-17 08:35:32,397 [ERROR] LogOutputStream:75 - [STDERR_REDIRECT] 
2026-07-17 08:35:33,386 [ERROR] LogOutputStream:75 - [STDERR_REDIRECT] [Fatal Error] :1:1: Premature end of file.
2026-07-17 08:35:33,386 [ERROR] LogOutputStream:75 - [STDERR_REDIRECT] 
2026-07-17 08:35:34,367 [ERROR] LogOutputStream:75 - [STDERR_REDIRECT] [Fatal Error] :1:1: Premature end of file.
2026-07-17 08:35:34,368 [ERROR] LogOutputStream:75 - [STDERR_REDIRECT] 
2026-07-17 08:35:35,382 [ERROR] LogOutputStream:75 - [STDERR_REDIRECT] [Fatal Error] :1:1: Premature end of file.
2026-07-17 08:35:35,382 [ERROR] LogOutputStream:75 - [STDERR_REDIRECT] 
2026-07-17 08:35:36,376 [ERROR] LogOutputStream:75 - [STDERR_REDIRECT] [Fatal Error] :1:1: Premature end of file.
2026-07-17 08:35:36,376 [ERROR] LogOutputStream:75 - [STDERR_REDIRECT] 
2026-07-17 08:35:37,373 [ERROR] LogOutputStream:75 - [STDERR_REDIRECT] [Fatal Error] :1:1: Premature end of file.
2026-07-17 08:35:37,373 [ERROR] LogOutputStream:75 - [STDERR_REDIRECT] 
2026-07-17 08:35:38,410 [ERROR] LogOutputStream:75 - [STDERR_REDIRECT] [Fatal Error] :1:1: Premature end of file.
2026-07-17 08:35:38,410 [ERROR] LogOutputStream:75 - [STDERR_REDIRECT] 
2026-07-17 08:35:39,387 [ERROR] LogOutputStream:75 - [STDERR_REDIRECT] [Fatal Error] :1:1: Premature end of file.
2026-07-17 08:35:39,387 [ERROR] LogOutputStream:75 - [STDERR_REDIRECT] 
2026-07-17 08:35:40,390 [ERROR] LogOutputStream:75 - [STDERR_REDIRECT] [Fatal Error] :1:1: Premature end of file.
2026-07-17 08:35:40,390 [ERROR] LogOutputStream:75 - [STDERR_REDIRECT] 
2026-07-17 08:35:41,374 [ERROR] LogOutputStream:75 - [STDERR_REDIRECT] [Fatal Error] :1:1: Premature end of file.
2026-07-17 08:35:41,374 [ERROR] LogOutputStream:75 - [STDERR_REDIRECT] 
2026-07-17 08:35:42,380 [ERROR] LogOutputStream:75 - [STDERR_REDIRECT] [Fatal Error] :1:1: Premature end of file.
2026-07-17 08:35:42,380 [ERROR] LogOutputStream:75 - [STDERR_REDIRECT] 
2026-07-17 08:35:43,375 [ERROR] LogOutputStream:75 - [STDERR_REDIRECT] [Fatal Error] :1:1: Premature end of file.
2026-07-17 08:35:43,375 [ERROR] LogOutputStream:75 - [STDERR_REDIRECT] 
2026-07-17 08:35:44,382 [ERROR] LogOutputStream:75 - [STDERR_REDIRECT] [Fatal Error] :1:1: Premature end of file.
2026-07-17 08:35:44,382 [ERROR] LogOutputStream:75 - [STDERR_REDIRECT] 
2026-07-17 08:35:45,375 [ERROR] LogOutputStream:75 - [STDERR_REDIRECT] [Fatal Error] :1:1: Premature end of file.
2026-07-17 08:35:45,375 [ERROR] LogOutputStream:75 - [STDERR_REDIRECT] 
2026-07-17 08:35:46,392 [ERROR] LogOutputStream:75 - [STDERR_REDIRECT] [Fatal Error] :1:1: Premature end of file.
2026-07-17 08:35:46,392 [ERROR] LogOutputStream:75 - [STDERR_REDIRECT] 
2026-07-17 08:35:47,380 [ERROR] LogOutputStream:75 - [STDERR_REDIRECT] [Fatal Error] :1:1: Premature end of file.
2026-07-17 08:35:47,380 [ERROR] LogOutputStream:75 - [STDERR_REDIRECT] 
2026-07-17 08:35:48,384 [ERROR] LogOutputStream:75 - [STDERR_REDIRECT] [Fatal Error] :1:1: Premature end of file.
2026-07-17 08:35:48,385 [ERROR] LogOutputStream:75 - [STDERR_REDIRECT] 
2026-07-17 08:35:49,370 [ERROR] LogOutputStream:75 - [STDERR_REDIRECT] [Fatal Error] :1:1: Premature end of file.
2026-07-17 08:35:49,370 [ERROR] LogOutputStream:75 - [STDERR_REDIRECT] 
2026-07-17 08:35:50,373 [ERROR] LogOutputStream:75 - [STDERR_REDIRECT] [Fatal Error] :1:1: Premature end of file.
2026-07-17 08:35:50,373 [ERROR] LogOutputStream:75 - [STDERR_REDIRECT] 
2026-07-17 08:35:51,383 [ERROR] LogOutputStream:75 - [STDERR_REDIRECT] [Fatal Error] :1:1: Premature end of file.
2026-07-17 08:35:51,383 [ERROR] LogOutputStream:75 - [STDERR_REDIRECT] 
2026-07-17 08:35:52,403 [ERROR] LogOutputStream:75 - [STDERR_REDIRECT] [Fatal Error] :1:1: Premature end of file.
2026-07-17 08:35:52,403 [ERROR] LogOutputStream:75 - [STDERR_REDIRECT] 
2026-07-17 08:35:53,384 [ERROR] LogOutputStream:75 - [STDERR_REDIRECT] [Fatal Error] :1:1: Premature end of file.
2026-07-17 08:35:53,384 [ERROR] LogOutputStream:75 - [STDERR_REDIRECT] 
2026-07-17 08:35:54,379 [ERROR] LogOutputStream:75 - [STDERR_REDIRECT] [Fatal Error] :1:1: Premature end of file.
2026-07-17 08:35:54,379 [ERROR] LogOutputStream:75 - [STDERR_REDIRECT] 
2026-07-17 08:35:55,381 [ERROR] LogOutputStream:75 - [STDERR_REDIRECT] [Fatal Error] :1:1: Premature end of file.
2026-07-17 08:35:55,382 [ERROR] LogOutputStream:75 - [STDERR_REDIRECT] 
2026-07-17 08:35:56,379 [ERROR] LogOutputStream:75 - [STDERR_REDIRECT] [Fatal Error] :1:1: Premature end of file.
2026-07-17 08:35:56,379 [ERROR] LogOutputStream:75 - [STDERR_REDIRECT] 
2026-07-17 08:35:57,379 [ERROR] LogOutputStream:75 - [STDERR_REDIRECT] [Fatal Error] :1:1: Premature end of file.
2026-07-17 08:35:57,379 [ERROR] LogOutputStream:75 - [STDERR_REDIRECT] 
2026-07-17 08:35:58,403 [ERROR] LogOutputStream:75 - [STDERR_REDIRECT] [Fatal Error] :1:1: Premature end of file.
2026-07-17 08:35:58,403 [ERROR] LogOutputStream:75 - [STDERR_REDIRECT] 
2026-07-17 08:35:59,377 [ERROR] LogOutputStream:75 - [STDERR_REDIRECT] [Fatal Error] :1:1: Premature end of file.
2026-07-17 08:35:59,377 [ERROR] LogOutputStream:75 - [STDERR_REDIRECT] 
2026-07-17 08:36:00,378 [ERROR] LogOutputStream:75 - [STDERR_REDIRECT] [Fatal Error] :1:1: Premature end of file.
2026-07-17 08:36:00,378 [ERROR] LogOutputStream:75 - [STDERR_REDIRECT] 
2026-07-17 08:36:01,380 [ERROR] LogOutputStream:75 - [STDERR_REDIRECT] [Fatal Error] :1:1: Premature end of file.
2026-07-17 08:36:01,380 [ERROR] LogOutputStream:75 - [STDERR_REDIRECT] 
2026-07-17 08:36:02,384 [ERROR] LogOutputStream:75 - [STDERR_REDIRECT] [Fatal Error] :1:1: Premature end of file.
2026-07-17 08:36:02,384 [ERROR] LogOutputStream:75 - [STDERR_REDIRECT] 
2026-07-17 08:36:03,393 [ERROR] LogOutputStream:75 - [STDERR_REDIRECT] [Fatal Error] :1:1: Premature end of file.
2026-07-17 08:36:03,393 [ERROR] LogOutputStream:75 - [STDERR_REDIRECT] 
2026-07-17 08:36:04,371 [ERROR] LogOutputStream:75 - [STDERR_REDIRECT] [Fatal Error] :1:1: Premature end of file.
2026-07-17 08:36:04,371 [ERROR] LogOutputStream:75 - [STDERR_REDIRECT] 
2026-07-17 08:36:05,376 [ERROR] LogOutputStream:75 - [STDERR_REDIRECT] [Fatal Error] :1:1: Premature end of file.
2026-07-17 08:36:05,376 [ERROR] LogOutputStream:75 - [STDERR_REDIRECT] 
2026-07-17 08:36:06,379 [ERROR] LogOutputStream:75 - [STDERR_REDIRECT] [Fatal Error] :1:1: Premature end of file.
2026-07-17 08:36:06,379 [ERROR] LogOutputStream:75 - [STDERR_REDIRECT] 
2026-07-17 08:36:07,374 [ERROR] LogOutputStream:75 - [STDERR_REDIRECT] [Fatal Error] :1:1: Premature end of file.
2026-07-17 08:36:07,374 [ERROR] LogOutputStream:75 - [STDERR_REDIRECT] 
2026-07-17 08:36:08,395 [ERROR] LogOutputStream:75 - [STDERR_REDIRECT] [Fatal Error] :1:1: Premature end of file.
2026-07-17 08:36:08,395 [ERROR] LogOutputStream:75 - [STDERR_REDIRECT] 
2026-07-17 08:36:09,371 [ERROR] LogOutputStream:75 - [STDERR_REDIRECT] [Fatal Error] :1:1: Premature end of file.
2026-07-17 08:36:09,371 [ERROR] LogOutputStream:75 - [STDERR_REDIRECT] 
2026-07-17 08:36:10,380 [ERROR] LogOutputStream:75 - [STDERR_REDIRECT] [Fatal Error] :1:1: Premature end of file.
2026-07-17 08:36:10,380 [ERROR] LogOutputStream:75 - [STDERR_REDIRECT] 
2026-07-17 08:36:11,383 [ERROR] LogOutputStream:75 - [STDERR_REDIRECT] [Fatal Error] :1:1: Premature end of file.
2026-07-17 08:36:11,383 [ERROR] LogOutputStream:75 - [STDERR_REDIRECT] 
2026-07-17 08:36:12,377 [ERROR] LogOutputStream:75 - [STDERR_REDIRECT] [Fatal Error] :1:1: Premature end of file.
2026-07-17 08:36:12,377 [ERROR] LogOutputStream:75 - [STDERR_REDIRECT] 
2026-07-17 08:36:13,375 [ERROR] LogOutputStream:75 - [STDERR_REDIRECT] [Fatal Error] :1:1: Premature end of file.
2026-07-17 08:36:13,375 [ERROR] LogOutputStream:75 - [STDERR_REDIRECT] 
2026-07-17 08:36:14,384 [ERROR] LogOutputStream:75 - [STDERR_REDIRECT] [Fatal Error] :1:1: Premature end of file.
2026-07-17 08:36:14,384 [ERROR] LogOutputStream:75 - [STDERR_REDIRECT] 
2026-07-17 08:36:15,376 [ERROR] LogOutputStream:75 - [STDERR_REDIRECT] [Fatal Error] :1:1: Premature end of file.
2026-07-17 08:36:15,376 [ERROR] LogOutputStream:75 - [STDERR_REDIRECT] 
2026-07-17 08:36:16,375 [ERROR] LogOutputStream:75 - [STDERR_REDIRECT] [Fatal Error] :1:1: Premature end of file.
2026-07-17 08:36:16,375 [ERROR] LogOutputStream:75 - [STDERR_REDIRECT] 
2026-07-17 08:36:17,383 [ERROR] LogOutputStream:75 - [STDERR_REDIRECT] [Fatal Error] :1:1: Premature end of file.
2026-07-17 08:36:17,383 [ERROR] LogOutputStream:75 - [STDERR_REDIRECT] 
2026-07-17 08:36:18,379 [ERROR] LogOutputStream:75 - [STDERR_REDIRECT] [Fatal Error] :1:1: Premature end of file.
2026-07-17 08:36:18,380 [ERROR] LogOutputStream:75 - [STDERR_REDIRECT] 
2026-07-17 08:36:19,387 [ERROR] LogOutputStream:75 - [STDERR_REDIRECT] [Fatal Error] :1:1: Premature end of file.
2026-07-17 08:36:19,387 [ERROR] LogOutputStream:75 - [STDERR_REDIRECT] 
2026-07-17 08:36:20,385 [ERROR] LogOutputStream:75 - [STDERR_REDIRECT] [Fatal Error] :1:1: Premature end of file.
2026-07-17 08:36:20,385 [ERROR] LogOutputStream:75 - [STDERR_REDIRECT] 
2026-07-17 08:36:21,376 [ERROR] LogOutputStream:75 - [STDERR_REDIRECT] [Fatal Error] :1:1: Premature end of file.
2026-07-17 08:36:21,376 [ERROR] LogOutputStream:75 - [STDERR_REDIRECT] 
2026-07-17 08:36:22,382 [ERROR] LogOutputStream:75 - [STDERR_REDIRECT] [Fatal Error] :1:1: Premature end of file.
2026-07-17 08:36:22,382 [ERROR] LogOutputStream:75 - [STDERR_REDIRECT] 
2026-07-17 08:36:23,375 [ERROR] LogOutputStream:75 - [STDERR_REDIRECT] [Fatal Error] :1:1: Premature end of file.
2026-07-17 08:36:23,375 [ERROR] LogOutputStream:75 - [STDERR_REDIRECT] 
2026-07-17 08:36:24,392 [ERROR] LogOutputStream:75 - [STDERR_REDIRECT] [Fatal Error] :1:1: Premature end of file.
2026-07-17 08:36:24,392 [ERROR] LogOutputStream:75 - [STDERR_REDIRECT] 
2026-07-17 08:36:25,377 [ERROR] LogOutputStream:75 - [STDERR_REDIRECT] [Fatal Error] :1:1: Premature end of file.
2026-07-17 08:36:25,377 [ERROR] LogOutputStream:75 - [STDERR_REDIRECT] 
2026-07-17 08:36:26,379 [ERROR] LogOutputStream:75 - [STDERR_REDIRECT] [Fatal Error] :1:1: Premature end of file.
2026-07-17 08:36:26,379 [ERROR] LogOutputStream:75 - [STDERR_REDIRECT] 
2026-07-17 08:36:27,387 [ERROR] LogOutputStream:75 - [STDERR_REDIRECT] [Fatal Error] :1:1: Premature end of file.
2026-07-17 08:36:27,387 [ERROR] LogOutputStream:75 - [STDERR_REDIRECT] 
2026-07-17 08:36:28,383 [ERROR] LogOutputStream:75 - [STDERR_REDIRECT] [Fatal Error] :1:1: Premature end of file.
2026-07-17 08:36:28,383 [ERROR] LogOutputStream:75 - [STDERR_REDIRECT] 
2026-07-17 08:36:29,377 [ERROR] LogOutputStream:75 - [STDERR_REDIRECT] [Fatal Error] :1:1: Premature end of file.
2026-07-17 08:36:29,377 [ERROR] LogOutputStream:75 - [STDERR_REDIRECT] 
2026-07-17 08:36:30,387 [ERROR] LogOutputStream:75 - [STDERR_REDIRECT] [Fatal Error] :1:1: Premature end of file.
2026-07-17 08:36:30,388 [ERROR] LogOutputStream:75 - [STDERR_REDIRECT] 
2026-07-17 08:36:31,372 [ERROR] LogOutputStream:75 - [STDERR_REDIRECT] [Fatal Error] :1:1: Premature end of file.
2026-07-17 08:36:31,372 [ERROR] LogOutputStream:75 - [STDERR_REDIRECT] 
2026-07-17 08:36:32,373 [ERROR] LogOutputStream:75 - [STDERR_REDIRECT] [Fatal Error] :1:1: Premature end of file.
2026-07-17 08:36:32,373 [ERROR] LogOutputStream:75 - [STDERR_REDIRECT] 
2026-07-17 08:36:33,381 [ERROR] LogOutputStream:75 - [STDERR_REDIRECT] [Fatal Error] :1:1: Premature end of file.
2026-07-17 08:36:33,381 [ERROR] LogOutputStream:75 - [STDERR_REDIRECT] 
2026-07-17 08:36:34,376 [ERROR] LogOutputStream:75 - [STDERR_REDIRECT] [Fatal Error] :1:1: Premature end of file.
2026-07-17 08:36:34,376 [ERROR] LogOutputStream:75 - [STDERR_REDIRECT] 
2026-07-17 08:36:35,379 [ERROR] LogOutputStream:75 - [STDERR_REDIRECT] [Fatal Error] :1:1: Premature end of file.
2026-07-17 08:36:35,379 [ERROR] LogOutputStream:75 - [STDERR_REDIRECT] 
2026-07-17 08:36:36,376 [ERROR] LogOutputStream:75 - [STDERR_REDIRECT] [Fatal Error] :1:1: Premature end of file.
2026-07-17 08:36:36,377 [ERROR] LogOutputStream:75 - [STDERR_REDIRECT] 
2026-07-17 08:36:37,369 [ERROR] LogOutputStream:75 - [STDERR_REDIRECT] [Fatal Error] :1:1: Premature end of file.
2026-07-17 08:36:37,369 [ERROR] LogOutputStream:75 - [STDERR_REDIRECT] 
2026-07-17 08:36:38,370 [ERROR] LogOutputStream:75 - [STDERR_REDIRECT] [Fatal Error] :1:1: Premature end of file.
2026-07-17 08:36:38,370 [ERROR] LogOutputStream:75 - [STDERR_REDIRECT] 
2026-07-17 08:36:39,375 [ERROR] LogOutputStream:75 - [STDERR_REDIRECT] [Fatal Error] :1:1: Premature end of file.
2026-07-17 08:36:39,375 [ERROR] LogOutputStream:75 - [STDERR_REDIRECT] 
2026-07-17 08:36:40,380 [ERROR] LogOutputStream:75 - [STDERR_REDIRECT] [Fatal Error] :1:1: Premature end of file.
2026-07-17 08:36:40,380 [ERROR] LogOutputStream:75 - [STDERR_REDIRECT] 
2026-07-17 08:36:41,374 [ERROR] LogOutputStream:75 - [STDERR_REDIRECT] [Fatal Error] :1:1: Premature end of file.
2026-07-17 08:36:41,374 [ERROR] LogOutputStream:75 - [STDERR_REDIRECT] 
2026-07-17 08:36:42,378 [ERROR] LogOutputStream:75 - [STDERR_REDIRECT] [Fatal Error] :1:1: Premature end of file.
2026-07-17 08:36:42,378 [ERROR] LogOutputStream:75 - [STDERR_REDIRECT] 
2026-07-17 08:36:43,381 [ERROR] LogOutputStream:75 - [STDERR_REDIRECT] [Fatal Error] :1:1: Premature end of file.
2026-07-17 08:36:43,381 [ERROR] LogOutputStream:75 - [STDERR_REDIRECT] 
2026-07-17 08:36:44,369 [ERROR] LogOutputStream:75 - [STDERR_REDIRECT] [Fatal Error] :1:1: Premature end of file.
2026-07-17 08:36:44,369 [ERROR] LogOutputStream:75 - [STDERR_REDIRECT] 
2026-07-17 08:36:45,378 [ERROR] LogOutputStream:75 - [STDERR_REDIRECT] [Fatal Error] :1:1: Premature end of file.
2026-07-17 08:36:45,378 [ERROR] LogOutputStream:75 - [STDERR_REDIRECT] 
2026-07-17 08:36:46,375 [ERROR] LogOutputStream:75 - [STDERR_REDIRECT] [Fatal Error] :1:1: Premature end of file.
2026-07-17 08:36:46,375 [ERROR] LogOutputStream:75 - [STDERR_REDIRECT] 
2026-07-17 08:36:47,381 [ERROR] LogOutputStream:75 - [STDERR_REDIRECT] [Fatal Error] :1:1: Premature end of file.
2026-07-17 08:36:47,381 [ERROR] LogOutputStream:75 - [STDERR_REDIRECT] 
2026-07-17 08:36:48,376 [ERROR] LogOutputStream:75 - [STDERR_REDIRECT] [Fatal Error] :1:1: Premature end of file.
2026-07-17 08:36:48,376 [ERROR] LogOutputStream:75 - [STDERR_REDIRECT] 
2026-07-17 08:36:49,380 [ERROR] LogOutputStream:75 - [STDERR_REDIRECT] [Fatal Error] :1:1: Premature end of file.
2026-07-17 08:36:49,380 [ERROR] LogOutputStream:75 - [STDERR_REDIRECT] 
2026-07-17 08:36:50,379 [ERROR] LogOutputStream:75 - [STDERR_REDIRECT] [Fatal Error] :1:1: Premature end of file.
2026-07-17 08:36:50,379 [ERROR] LogOutputStream:75 - [STDERR_REDIRECT] 
2026-07-17 08:36:51,383 [ERROR] LogOutputStream:75 - [STDERR_REDIRECT] [Fatal Error] :1:1: Premature end of file.
2026-07-17 08:36:51,383 [ERROR] LogOutputStream:75 - [STDERR_REDIRECT] 
2026-07-17 08:36:52,377 [ERROR] LogOutputStream:75 - [STDERR_REDIRECT] [Fatal Error] :1:1: Premature end of file.
2026-07-17 08:36:52,377 [ERROR] LogOutputStream:75 - [STDERR_REDIRECT] 
2026-07-17 08:36:53,382 [ERROR] LogOutputStream:75 - [STDERR_REDIRECT] [Fatal Error] :1:1: Premature end of file.
2026-07-17 08:36:53,382 [ERROR] LogOutputStream:75 - [STDERR_REDIRECT] 
2026-07-17 08:36:54,387 [ERROR] LogOutputStream:75 - [STDERR_REDIRECT] [Fatal Error] :1:1: Premature end of file.
2026-07-17 08:36:54,387 [ERROR] LogOutputStream:75 - [STDERR_REDIRECT] 
2026-07-17 08:36:55,412 [ERROR] LogOutputStream:75 - [STDERR_REDIRECT] [Fatal Error] :1:1: Premature end of file.
2026-07-17 08:36:55,413 [ERROR] LogOutputStream:75 - [STDERR_REDIRECT] 
2026-07-17 08:36:56,378 [ERROR] LogOutputStream:75 - [STDERR_REDIRECT] [Fatal Error] :1:1: Premature end of file.
2026-07-17 08:36:56,378 [ERROR] LogOutputStream:75 - [STDERR_REDIRECT] 
2026-07-17 08:36:57,376 [ERROR] LogOutputStream:75 - [STDERR_REDIRECT] [Fatal Error] :1:1: Premature end of file.
2026-07-17 08:36:57,377 [ERROR] LogOutputStream:75 - [STDERR_REDIRECT] 
2026-07-17 08:36:58,391 [ERROR] LogOutputStream:75 - [STDERR_REDIRECT] [Fatal Error] :1:1: Premature end of file.
2026-07-17 08:36:58,391 [ERROR] LogOutputStream:75 - [STDERR_REDIRECT] 
2026-07-17 08:36:59,392 [ERROR] LogOutputStream:75 - [STDERR_REDIRECT] [Fatal Error] :1:1: Premature end of file.
2026-07-17 08:36:59,392 [ERROR] LogOutputStream:75 - [STDERR_REDIRECT] 
2026-07-17 08:37:00,377 [ERROR] LogOutputStream:75 - [STDERR_REDIRECT] [Fatal Error] :1:1: Premature end of file.
2026-07-17 08:37:00,377 [ERROR] LogOutputStream:75 - [STDERR_REDIRECT] 
2026-07-17 08:37:01,370 [ERROR] LogOutputStream:75 - [STDERR_REDIRECT] [Fatal Error] :1:1: Premature end of file.
2026-07-17 08:37:01,370 [ERROR] LogOutputStream:75 - [STDERR_REDIRECT] 
2026-07-17 08:37:02,378 [ERROR] LogOutputStream:75 - [STDERR_REDIRECT] [Fatal Error] :1:1: Premature end of file.
2026-07-17 08:37:02,379 [ERROR] LogOutputStream:75 - [STDERR_REDIRECT] 
2026-07-17 08:37:03,382 [ERROR] LogOutputStream:75 - [STDERR_REDIRECT] [Fatal Error] :1:1: Premature end of file.
2026-07-17 08:37:03,382 [ERROR] LogOutputStream:75 - [STDERR_REDIRECT] 
2026-07-17 08:37:04,386 [ERROR] LogOutputStream:75 - [STDERR_REDIRECT] [Fatal Error] :1:1: Premature end of file.
2026-07-17 08:37:04,386 [ERROR] LogOutputStream:75 - [STDERR_REDIRECT] 
2026-07-17 08:37:05,390 [ERROR] LogOutputStream:75 - [STDERR_REDIRECT] [Fatal Error] :1:1: Premature end of file.
2026-07-17 08:37:05,390 [ERROR] LogOutputStream:75 - [STDERR_REDIRECT] 
2026-07-17 08:37:06,378 [ERROR] LogOutputStream:75 - [STDERR_REDIRECT] [Fatal Error] :1:1: Premature end of file.
2026-07-17 08:37:06,378 [ERROR] LogOutputStream:75 - [STDERR_REDIRECT] 
2026-07-17 08:37:07,397 [ERROR] LogOutputStream:75 - [STDERR_REDIRECT] [Fatal Error] :1:1: Premature end of file.
2026-07-17 08:37:07,397 [ERROR] LogOutputStream:75 - [STDERR_REDIRECT] 
2026-07-17 08:37:08,382 [ERROR] LogOutputStream:75 - [STDERR_REDIRECT] [Fatal Error] :1:1: Premature end of file.
2026-07-17 08:37:08,382 [ERROR] LogOutputStream:75 - [STDERR_REDIRECT] 
2026-07-17 08:37:09,387 [ERROR] LogOutputStream:75 - [STDERR_REDIRECT] [Fatal Error] :1:1: Premature end of file.
2026-07-17 08:37:09,388 [ERROR] LogOutputStream:75 - [STDERR_REDIRECT] 
2026-07-17 08:37:10,386 [ERROR] LogOutputStream:75 - [STDERR_REDIRECT] [Fatal Error] :1:1: Premature end of file.
2026-07-17 08:37:10,386 [ERROR] LogOutputStream:75 - [STDERR_REDIRECT] 
2026-07-17 08:37:11,376 [ERROR] LogOutputStream:75 - [STDERR_REDIRECT] [Fatal Error] :1:1: Premature end of file.
2026-07-17 08:37:11,376 [ERROR] LogOutputStream:75 - [STDERR_REDIRECT] 
2026-07-17 08:37:12,389 [ERROR] LogOutputStream:75 - [STDERR_REDIRECT] [Fatal Error] :1:1: Premature end of file.
2026-07-17 08:37:12,389 [ERROR] LogOutputStream:75 - [STDERR_REDIRECT] 
2026-07-17 08:37:13,377 [ERROR] LogOutputStream:75 - [STDERR_REDIRECT] [Fatal Error] :1:1: Premature end of file.
2026-07-17 08:37:13,377 [ERROR] LogOutputStream:75 - [STDERR_REDIRECT] 
2026-07-17 08:37:14,388 [ERROR] LogOutputStream:75 - [STDERR_REDIRECT] [Fatal Error] :1:1: Premature end of file.
2026-07-17 08:37:14,389 [ERROR] LogOutputStream:75 - [STDERR_REDIRECT] 
2026-07-17 08:37:15,415 [ERROR] LogOutputStream:75 - [STDERR_REDIRECT] [Fatal Error] :1:1: Premature end of file.
2026-07-17 08:37:15,416 [ERROR] LogOutputStream:75 - [STDERR_REDIRECT] 
2026-07-17 08:37:16,380 [ERROR] LogOutputStream:75 - [STDERR_REDIRECT] [Fatal Error] :1:1: Premature end of file.
2026-07-17 08:37:16,380 [ERROR] LogOutputStream:75 - [STDERR_REDIRECT] 
2026-07-17 08:37:17,386 [ERROR] LogOutputStream:75 - [STDERR_REDIRECT] [Fatal Error] :1:1: Premature end of file.
2026-07-17 08:37:17,386 [ERROR] LogOutputStream:75 - [STDERR_REDIRECT] 
2026-07-17 08:37:18,441 [ERROR] LogOutputStream:75 - [STDERR_REDIRECT] [Fatal Error] :1:1: Premature end of file.
2026-07-17 08:37:18,441 [ERROR] LogOutputStream:75 - [STDERR_REDIRECT] 
2026-07-17 08:37:19,373 [ERROR] LogOutputStream:75 - [STDERR_REDIRECT] [Fatal Error] :1:1: Premature end of file.
2026-07-17 08:37:19,373 [ERROR] LogOutputStream:75 - [STDERR_REDIRECT] 
2026-07-17 08:37:20,366 [ERROR] LogOutputStream:75 - [STDERR_REDIRECT] [Fatal Error] :1:1: Premature end of file.
2026-07-17 08:37:20,366 [ERROR] LogOutputStream:75 - [STDERR_REDIRECT] 
2026-07-17 08:37:21,374 [ERROR] LogOutputStream:75 - [STDERR_REDIRECT] [Fatal Error] :1:1: Premature end of file.
2026-07-17 08:37:21,374 [ERROR] LogOutputStream:75 - [STDERR_REDIRECT] 
2026-07-17 08:37:22,382 [ERROR] LogOutputStream:75 - [STDERR_REDIRECT] [Fatal Error] :1:1: Premature end of file.
2026-07-17 08:37:22,382 [ERROR] LogOutputStream:75 - [STDERR_REDIRECT] 
2026-07-17 08:37:23,374 [ERROR] LogOutputStream:75 - [STDERR_REDIRECT] [Fatal Error] :1:1: Premature end of file.
2026-07-17 08:37:23,374 [ERROR] LogOutputStream:75 - [STDERR_REDIRECT] 
2026-07-17 08:37:24,392 [ERROR] LogOutputStream:75 - [STDERR_REDIRECT] [Fatal Error] :1:1: Premature end of file.
2026-07-17 08:37:24,392 [ERROR] LogOutputStream:75 - [STDERR_REDIRECT] 
2026-07-17 08:37:25,376 [ERROR] LogOutputStream:75 - [STDERR_REDIRECT] [Fatal Error] :1:1: Premature end of file.
2026-07-17 08:37:25,376 [ERROR] LogOutputStream:75 - [STDERR_REDIRECT] 
2026-07-17 08:37:26,385 [ERROR] LogOutputStream:75 - [STDERR_REDIRECT] [Fatal Error] :1:1: Premature end of file.
2026-07-17 08:37:26,385 [ERROR] LogOutputStream:75 - [STDERR_REDIRECT] 
2026-07-17 08:37:27,411 [ERROR] LogOutputStream:75 - [STDERR_REDIRECT] [Fatal Error] :1:1: Premature end of file.
2026-07-17 08:37:27,411 [ERROR] LogOutputStream:75 - [STDERR_REDIRECT] 
2026-07-17 08:37:28,398 [ERROR] LogOutputStream:75 - [STDERR_REDIRECT] [Fatal Error] :1:1: Premature end of file.
2026-07-17 08:37:28,398 [ERROR] LogOutputStream:75 - [STDERR_REDIRECT] 
2026-07-17 08:37:29,408 [ERROR] LogOutputStream:75 - [STDERR_REDIRECT] [Fatal Error] :1:1: Premature end of file.
2026-07-17 08:37:29,408 [ERROR] LogOutputStream:75 - [STDERR_REDIRECT] 
2026-07-17 08:37:30,381 [ERROR] LogOutputStream:75 - [STDERR_REDIRECT] [Fatal Error] :1:1: Premature end of file.
2026-07-17 08:37:30,381 [ERROR] LogOutputStream:75 - [STDERR_REDIRECT] 
2026-07-17 08:37:31,378 [ERROR] LogOutputStream:75 - [STDERR_REDIRECT] [Fatal Error] :1:1: Premature end of file.
2026-07-17 08:37:31,378 [ERROR] LogOutputStream:75 - [STDERR_REDIRECT] 
2026-07-17 08:37:32,375 [ERROR] LogOutputStream:75 - [STDERR_REDIRECT] [Fatal Error] :1:1: Premature end of file.
2026-07-17 08:37:32,375 [ERROR] LogOutputStream:75 - [STDERR_REDIRECT] 
2026-07-17 08:37:33,388 [ERROR] LogOutputStream:75 - [STDERR_REDIRECT] [Fatal Error] :1:1: Premature end of file.
2026-07-17 08:37:33,388 [ERROR] LogOutputStream:75 - [STDERR_REDIRECT] 
2026-07-17 08:37:34,405 [ERROR] LogOutputStream:75 - [STDERR_REDIRECT] [Fatal Error] :1:1: Premature end of file.
2026-07-17 08:37:34,405 [ERROR] LogOutputStream:75 - [STDERR_REDIRECT] 
2026-07-17 08:37:35,384 [ERROR] LogOutputStream:75 - [STDERR_REDIRECT] [Fatal Error] :1:1: Premature end of file.
2026-07-17 08:37:35,384 [ERROR] LogOutputStream:75 - [STDERR_REDIRECT] 
2026-07-17 08:37:36,381 [ERROR] LogOutputStream:75 - [STDERR_REDIRECT] [Fatal Error] :1:1: Premature end of file.
2026-07-17 08:37:36,381 [ERROR] LogOutputStream:75 - [STDERR_REDIRECT] 
2026-07-17 08:37:37,377 [ERROR] LogOutputStream:75 - [STDERR_REDIRECT] [Fatal Error] :1:1: Premature end of file.
2026-07-17 08:37:37,377 [ERROR] LogOutputStream:75 - [STDERR_REDIRECT] 
2026-07-17 08:37:38,375 [ERROR] LogOutputStream:75 - [STDERR_REDIRECT] [Fatal Error] :1:1: Premature end of file.
2026-07-17 08:37:38,375 [ERROR] LogOutputStream:75 - [STDERR_REDIRECT] 
2026-07-17 08:37:39,364 [ERROR] LogOutputStream:75 - [STDERR_REDIRECT] [Fatal Error] :1:1: Premature end of file.
2026-07-17 08:37:39,364 [ERROR] LogOutputStream:75 - [STDERR_REDIRECT] 
2026-07-17 08:37:40,375 [ERROR] LogOutputStream:75 - [STDERR_REDIRECT] [Fatal Error] :1:1: Premature end of file.
2026-07-17 08:37:40,375 [ERROR] LogOutputStream:75 - [STDERR_REDIRECT] 
2026-07-17 08:37:41,376 [ERROR] LogOutputStream:75 - [STDERR_REDIRECT] [Fatal Error] :1:1: Premature end of file.
2026-07-17 08:37:41,376 [ERROR] LogOutputStream:75 - [STDERR_REDIRECT] 
2026-07-17 08:37:42,392 [ERROR] LogOutputStream:75 - [STDERR_REDIRECT] [Fatal Error] :1:1: Premature end of file.
2026-07-17 08:37:42,392 [ERROR] LogOutputStream:75 - [STDERR_REDIRECT] 
2026-07-17 08:37:43,393 [ERROR] LogOutputStream:75 - [STDERR_REDIRECT] [Fatal Error] :1:1: Premature end of file.
2026-07-17 08:37:43,393 [ERROR] LogOutputStream:75 - [STDERR_REDIRECT] 
2026-07-17 08:37:44,390 [ERROR] LogOutputStream:75 - [STDERR_REDIRECT] [Fatal Error] :1:1: Premature end of file.
2026-07-17 08:37:44,391 [ERROR] LogOutputStream:75 - [STDERR_REDIRECT] 
2026-07-17 08:37:45,380 [ERROR] LogOutputStream:75 - [STDERR_REDIRECT] [Fatal Error] :1:1: Premature end of file.
2026-07-17 08:37:45,380 [ERROR] LogOutputStream:75 - [STDERR_REDIRECT] 
2026-07-17 08:37:46,389 [ERROR] LogOutputStream:75 - [STDERR_REDIRECT] [Fatal Error] :1:1: Premature end of file.
2026-07-17 08:37:46,389 [ERROR] LogOutputStream:75 - [STDERR_REDIRECT] 
2026-07-17 08:37:47,390 [ERROR] LogOutputStream:75 - [STDERR_REDIRECT] [Fatal Error] :1:1: Premature end of file.
2026-07-17 08:37:47,390 [ERROR] LogOutputStream:75 - [STDERR_REDIRECT] 
2026-07-17 08:37:48,390 [ERROR] LogOutputStream:75 - [STDERR_REDIRECT] [Fatal Error] :1:1: Premature end of file.
2026-07-17 08:37:48,390 [ERROR] LogOutputStream:75 - [STDERR_REDIRECT] 
2026-07-17 08:37:49,380 [ERROR] LogOutputStream:75 - [STDERR_REDIRECT] [Fatal Error] :1:1: Premature end of file.
2026-07-17 08:37:49,380 [ERROR] LogOutputStream:75 - [STDERR_REDIRECT] 
2026-07-17 08:37:50,386 [ERROR] LogOutputStream:75 - [STDERR_REDIRECT] [Fatal Error] :1:1: Premature end of file.
2026-07-17 08:37:50,386 [ERROR] LogOutputStream:75 - [STDERR_REDIRECT] 
2026-07-17 08:37:51,382 [ERROR] LogOutputStream:75 - [STDERR_REDIRECT] [Fatal Error] :1:1: Premature end of file.
2026-07-17 08:37:51,382 [ERROR] LogOutputStream:75 - [STDERR_REDIRECT] 
2026-07-17 08:37:52,376 [ERROR] LogOutputStream:75 - [STDERR_REDIRECT] [Fatal Error] :1:1: Premature end of file.
2026-07-17 08:37:52,376 [ERROR] LogOutputStream:75 - [STDERR_REDIRECT] 
2026-07-17 08:37:53,378 [ERROR] LogOutputStream:75 - [STDERR_REDIRECT] [Fatal Error] :1:1: Premature end of file.
2026-07-17 08:37:53,378 [ERROR] LogOutputStream:75 - [STDERR_REDIRECT] 
2026-07-17 08:37:54,384 [ERROR] LogOutputStream:75 - [STDERR_REDIRECT] [Fatal Error] :1:1: Premature end of file.
2026-07-17 08:37:54,384 [ERROR] LogOutputStream:75 - [STDERR_REDIRECT] 
2026-07-17 08:37:55,384 [ERROR] LogOutputStream:75 - [STDERR_REDIRECT] [Fatal Error] :1:1: Premature end of file.
2026-07-17 08:37:55,384 [ERROR] LogOutputStream:75 - [STDERR_REDIRECT] 
2026-07-17 08:37:56,375 [ERROR] LogOutputStream:75 - [STDERR_REDIRECT] [Fatal Error] :1:1: Premature end of file.
2026-07-17 08:37:56,375 [ERROR] LogOutputStream:75 - [STDERR_REDIRECT] 
2026-07-17 08:37:57,389 [ERROR] LogOutputStream:75 - [STDERR_REDIRECT] [Fatal Error] :1:1: Premature end of file.
2026-07-17 08:37:57,390 [ERROR] LogOutputStream:75 - [STDERR_REDIRECT] 
2026-07-17 08:37:58,373 [ERROR] LogOutputStream:75 - [STDERR_REDIRECT] [Fatal Error] :1:1: Premature end of file.
2026-07-17 08:37:58,373 [ERROR] LogOutputStream:75 - [STDERR_REDIRECT] 
2026-07-17 08:37:59,381 [ERROR] LogOutputStream:75 - [STDERR_REDIRECT] [Fatal Error] :1:1: Premature end of file.
2026-07-17 08:37:59,381 [ERROR] LogOutputStream:75 - [STDERR_REDIRECT] 
2026-07-17 08:38:00,388 [ERROR] LogOutputStream:75 - [STDERR_REDIRECT] [Fatal Error] :1:1: Premature end of file.
2026-07-17 08:38:00,388 [ERROR] LogOutputStream:75 - [STDERR_REDIRECT] 
2026-07-17 08:38:01,387 [ERROR] LogOutputStream:75 - [STDERR_REDIRECT] [Fatal Error] :1:1: Premature end of file.
2026-07-17 08:38:01,387 [ERROR] LogOutputStream:75 - [STDERR_REDIRECT] 
2026-07-17 08:38:02,387 [ERROR] LogOutputStream:75 - [STDERR_REDIRECT] [Fatal Error] :1:1: Premature end of file.
2026-07-17 08:38:02,387 [ERROR] LogOutputStream:75 - [STDERR_REDIRECT] 
2026-07-17 08:38:03,371 [ERROR] LogOutputStream:75 - [STDERR_REDIRECT] [Fatal Error] :1:1: Premature end of file.
2026-07-17 08:38:03,371 [ERROR] LogOutputStream:75 - [STDERR_REDIRECT] 
2026-07-17 08:38:04,386 [ERROR] LogOutputStream:75 - [STDERR_REDIRECT] [Fatal Error] :1:1: Premature end of file.
2026-07-17 08:38:04,386 [ERROR] LogOutputStream:75 - [STDERR_REDIRECT] 
2026-07-17 08:38:05,412 [ERROR] LogOutputStream:75 - [STDERR_REDIRECT] [Fatal Error] :1:1: Premature end of file.
2026-07-17 08:38:05,412 [ERROR] LogOutputStream:75 - [STDERR_REDIRECT] 
2026-07-17 08:38:06,391 [ERROR] LogOutputStream:75 - [STDERR_REDIRECT] [Fatal Error] :1:1: Premature end of file.
2026-07-17 08:38:06,391 [ERROR] LogOutputStream:75 - [STDERR_REDIRECT] 
2026-07-17 08:38:07,384 [ERROR] LogOutputStream:75 - [STDERR_REDIRECT] [Fatal Error] :1:1: Premature end of file.
2026-07-17 08:38:07,384 [ERROR] LogOutputStream:75 - [STDERR_REDIRECT] 
2026-07-17 08:38:08,379 [ERROR] LogOutputStream:75 - [STDERR_REDIRECT] [Fatal Error] :1:1: Premature end of file.
2026-07-17 08:38:08,380 [ERROR] LogOutputStream:75 - [STDERR_REDIRECT] 
2026-07-17 08:38:09,382 [ERROR] LogOutputStream:75 - [STDERR_REDIRECT] [Fatal Error] :1:1: Premature end of file.
2026-07-17 08:38:09,382 [ERROR] LogOutputStream:75 - [STDERR_REDIRECT] 
2026-07-17 08:38:10,383 [ERROR] LogOutputStream:75 - [STDERR_REDIRECT] [Fatal Error] :1:1: Premature end of file.
2026-07-17 08:38:10,383 [ERROR] LogOutputStream:75 - [STDERR_REDIRECT] 
2026-07-17 08:38:11,384 [ERROR] LogOutputStream:75 - [STDERR_REDIRECT] [Fatal Error] :1:1: Premature end of file.
2026-07-17 08:38:11,384 [ERROR] LogOutputStream:75 - [STDERR_REDIRECT] 
2026-07-17 08:38:12,387 [ERROR] LogOutputStream:75 - [STDERR_REDIRECT] [Fatal Error] :1:1: Premature end of file.
2026-07-17 08:38:12,387 [ERROR] LogOutputStream:75 - [STDERR_REDIRECT] 
2026-07-17 08:38:13,388 [ERROR] LogOutputStream:75 - [STDERR_REDIRECT] [Fatal Error] :1:1: Premature end of file.
2026-07-17 08:38:13,388 [ERROR] LogOutputStream:75 - [STDERR_REDIRECT] 
2026-07-17 08:38:14,397 [ERROR] LogOutputStream:75 - [STDERR_REDIRECT] [Fatal Error] :1:1: Premature end of file.
2026-07-17 08:38:14,397 [ERROR] LogOutputStream:75 - [STDERR_REDIRECT] 
2026-07-17 08:38:15,381 [ERROR] LogOutputStream:75 - [STDERR_REDIRECT] [Fatal Error] :1:1: Premature end of file.
2026-07-17 08:38:15,381 [ERROR] LogOutputStream:75 - [STDERR_REDIRECT] 
2026-07-17 08:38:16,386 [ERROR] LogOutputStream:75 - [STDERR_REDIRECT] [Fatal Error] :1:1: Premature end of file.
2026-07-17 08:38:16,386 [ERROR] LogOutputStream:75 - [STDERR_REDIRECT] 
2026-07-17 08:38:17,372 [ERROR] LogOutputStream:75 - [STDERR_REDIRECT] [Fatal Error] :1:1: Premature end of file.
2026-07-17 08:38:17,372 [ERROR] LogOutputStream:75 - [STDERR_REDIRECT] 
2026-07-17 08:38:18,388 [ERROR] LogOutputStream:75 - [STDERR_REDIRECT] [Fatal Error] :1:1: Premature end of file.
2026-07-17 08:38:18,388 [ERROR] LogOutputStream:75 - [STDERR_REDIRECT] 
2026-07-17 08:38:19,382 [ERROR] LogOutputStream:75 - [STDERR_REDIRECT] [Fatal Error] :1:1: Premature end of file.
2026-07-17 08:38:19,382 [ERROR] LogOutputStream:75 - [STDERR_REDIRECT] 
2026-07-17 08:38:20,370 [ERROR] LogOutputStream:75 - [STDERR_REDIRECT] [Fatal Error] :1:1: Premature end of file.
2026-07-17 08:38:20,370 [ERROR] LogOutputStream:75 - [STDERR_REDIRECT] 
2026-07-17 08:38:21,379 [ERROR] LogOutputStream:75 - [STDERR_REDIRECT] [Fatal Error] :1:1: Premature end of file.
2026-07-17 08:38:21,379 [ERROR] LogOutputStream:75 - [STDERR_REDIRECT] 
2026-07-17 08:38:22,383 [ERROR] LogOutputStream:75 - [STDERR_REDIRECT] [Fatal Error] :1:1: Premature end of file.
2026-07-17 08:38:22,383 [ERROR] LogOutputStream:75 - [STDERR_REDIRECT] 
2026-07-17 08:38:23,380 [ERROR] LogOutputStream:75 - [STDERR_REDIRECT] [Fatal Error] :1:1: Premature end of file.
2026-07-17 08:38:23,380 [ERROR] LogOutputStream:75 - [STDERR_REDIRECT] 
2026-07-17 08:38:24,388 [ERROR] LogOutputStream:75 - [STDERR_REDIRECT] [Fatal Error] :1:1: Premature end of file.
2026-07-17 08:38:24,388 [ERROR] LogOutputStream:75 - [STDERR_REDIRECT] 
2026-07-17 08:38:25,374 [ERROR] LogOutputStream:75 - [STDERR_REDIRECT] [Fatal Error] :1:1: Premature end of file.
2026-07-17 08:38:25,374 [ERROR] LogOutputStream:75 - [STDERR_REDIRECT] 
2026-07-17 08:38:26,384 [ERROR] LogOutputStream:75 - [STDERR_REDIRECT] [Fatal Error] :1:1: Premature end of file.
2026-07-17 08:38:26,384 [ERROR] LogOutputStream:75 - [STDERR_REDIRECT] 
2026-07-17 08:38:27,387 [ERROR] LogOutputStream:75 - [STDERR_REDIRECT] [Fatal Error] :1:1: Premature end of file.
2026-07-17 08:38:27,387 [ERROR] LogOutputStream:75 - [STDERR_REDIRECT] 
2026-07-17 08:38:28,370 [ERROR] LogOutputStream:75 - [STDERR_REDIRECT] [Fatal Error] :1:1: Premature end of file.
2026-07-17 08:38:28,370 [ERROR] LogOutputStream:75 - [STDERR_REDIRECT] 
2026-07-17 08:38:29,387 [ERROR] LogOutputStream:75 - [STDERR_REDIRECT] [Fatal Error] :1:1: Premature end of file.
2026-07-17 08:38:29,387 [ERROR] LogOutputStream:75 - [STDERR_REDIRECT] 
2026-07-17 08:38:30,395 [ERROR] LogOutputStream:75 - [STDERR_REDIRECT] [Fatal Error] :1:1: Premature end of file.
2026-07-17 08:38:30,395 [ERROR] LogOutputStream:75 - [STDERR_REDIRECT] 
2026-07-17 08:38:31,393 [ERROR] LogOutputStream:75 - [STDERR_REDIRECT] [Fatal Error] :1:1: Premature end of file.
2026-07-17 08:38:31,394 [ERROR] LogOutputStream:75 - [STDERR_REDIRECT] 
2026-07-17 08:38:32,370 [ERROR] LogOutputStream:75 - [STDERR_REDIRECT] [Fatal Error] :1:1: Premature end of file.
2026-07-17 08:38:32,370 [ERROR] LogOutputStream:75 - [STDERR_REDIRECT] 
2026-07-17 08:38:33,378 [ERROR] LogOutputStream:75 - [STDERR_REDIRECT] [Fatal Error] :1:1: Premature end of file.
2026-07-17 08:38:33,378 [ERROR] LogOutputStream:75 - [STDERR_REDIRECT] 
2026-07-17 08:38:34,373 [ERROR] LogOutputStream:75 - [STDERR_REDIRECT] [Fatal Error] :1:1: Premature end of file.
2026-07-17 08:38:34,373 [ERROR] LogOutputStream:75 - [STDERR_REDIRECT] 
2026-07-17 08:38:35,379 [ERROR] LogOutputStream:75 - [STDERR_REDIRECT] [Fatal Error] :1:1: Premature end of file.
2026-07-17 08:38:35,379 [ERROR] LogOutputStream:75 - [STDERR_REDIRECT] 
2026-07-17 08:38:36,384 [ERROR] LogOutputStream:75 - [STDERR_REDIRECT] [Fatal Error] :1:1: Premature end of file.
2026-07-17 08:38:36,384 [ERROR] LogOutputStream:75 - [STDERR_REDIRECT] 
2026-07-17 08:38:37,373 [ERROR] LogOutputStream:75 - [STDERR_REDIRECT] [Fatal Error] :1:1: Premature end of file.
2026-07-17 08:38:37,373 [ERROR] LogOutputStream:75 - [STDERR_REDIRECT] 
2026-07-17 08:38:38,369 [ERROR] LogOutputStream:75 - [STDERR_REDIRECT] [Fatal Error] :1:1: Premature end of file.
2026-07-17 08:38:38,369 [ERROR] LogOutputStream:75 - [STDERR_REDIRECT] 
2026-07-17 08:38:39,381 [ERROR] LogOutputStream:75 - [STDERR_REDIRECT] [Fatal Error] :1:1: Premature end of file.
2026-07-17 08:38:39,381 [ERROR] LogOutputStream:75 - [STDERR_REDIRECT] 
2026-07-17 08:38:40,394 [ERROR] LogOutputStream:75 - [STDERR_REDIRECT] [Fatal Error] :1:1: Premature end of file.
2026-07-17 08:38:40,395 [ERROR] LogOutputStream:75 - [STDERR_REDIRECT] 
2026-07-17 08:38:41,379 [ERROR] LogOutputStream:75 - [STDERR_REDIRECT] [Fatal Error] :1:1: Premature end of file.
2026-07-17 08:38:41,379 [ERROR] LogOutputStream:75 - [STDERR_REDIRECT] 
2026-07-17 08:38:42,385 [ERROR] LogOutputStream:75 - [STDERR_REDIRECT] [Fatal Error] :1:1: Premature end of file.
2026-07-17 08:38:42,385 [ERROR] LogOutputStream:75 - [STDERR_REDIRECT] 
2026-07-17 08:38:43,378 [ERROR] LogOutputStream:75 - [STDERR_REDIRECT] [Fatal Error] :1:1: Premature end of file.
2026-07-17 08:38:43,378 [ERROR] LogOutputStream:75 - [STDERR_REDIRECT] 
2026-07-17 08:38:44,377 [ERROR] LogOutputStream:75 - [STDERR_REDIRECT] [Fatal Error] :1:1: Premature end of file.
2026-07-17 08:38:44,377 [ERROR] LogOutputStream:75 - [STDERR_REDIRECT] 
2026-07-17 08:38:45,386 [ERROR] LogOutputStream:75 - [STDERR_REDIRECT] [Fatal Error] :1:1: Premature end of file.
2026-07-17 08:38:45,387 [ERROR] LogOutputStream:75 - [STDERR_REDIRECT] 
2026-07-17 08:38:46,382 [ERROR] LogOutputStream:75 - [STDERR_REDIRECT] [Fatal Error] :1:1: Premature end of file.
2026-07-17 08:38:46,382 [ERROR] LogOutputStream:75 - [STDERR_REDIRECT] 
2026-07-17 08:38:47,374 [ERROR] LogOutputStream:75 - [STDERR_REDIRECT] [Fatal Error] :1:1: Premature end of file.
2026-07-17 08:38:47,375 [ERROR] LogOutputStream:75 - [STDERR_REDIRECT] 
2026-07-17 08:38:48,383 [ERROR] LogOutputStream:75 - [STDERR_REDIRECT] [Fatal Error] :1:1: Premature end of file.
2026-07-17 08:38:48,383 [ERROR] LogOutputStream:75 - [STDERR_REDIRECT] 
2026-07-17 08:38:49,396 [ERROR] LogOutputStream:75 - [STDERR_REDIRECT] [Fatal Error] :1:1: Premature end of file.
2026-07-17 08:38:49,396 [ERROR] LogOutputStream:75 - [STDERR_REDIRECT] 
2026-07-17 08:38:50,369 [ERROR] LogOutputStream:75 - [STDERR_REDIRECT] [Fatal Error] :1:1: Premature end of file.
2026-07-17 08:38:50,369 [ERROR] LogOutputStream:75 - [STDERR_REDIRECT] 
2026-07-17 08:38:51,376 [ERROR] LogOutputStream:75 - [STDERR_REDIRECT] [Fatal Error] :1:1: Premature end of file.
2026-07-17 08:38:51,376 [ERROR] LogOutputStream:75 - [STDERR_REDIRECT] 
2026-07-17 08:38:52,397 [ERROR] LogOutputStream:75 - [STDERR_REDIRECT] [Fatal Error] :1:1: Premature end of file.
2026-07-17 08:38:52,397 [ERROR] LogOutputStream:75 - [STDERR_REDIRECT] 
2026-07-17 08:38:53,725 [ERROR] LogOutputStream:75 - [STDERR_REDIRECT] [Fatal Error] :1:1: Premature end of file.
2026-07-17 08:38:53,725 [ERROR] LogOutputStream:75 - [STDERR_REDIRECT] 
2026-07-17 08:38:54,622 [ERROR] LogOutputStream:75 - [STDERR_REDIRECT] [Fatal Error] :1:1: Premature end of file.
2026-07-17 08:38:54,623 [ERROR] LogOutputStream:75 - [STDERR_REDIRECT] 
2026-07-17 08:38:55,644 [ERROR] LogOutputStream:75 - [STDERR_REDIRECT] [Fatal Error] :1:1: Premature end of file.
2026-07-17 08:38:55,644 [ERROR] LogOutputStream:75 - [STDERR_REDIRECT] 
2026-07-17 08:38:56,573 [ERROR] LogOutputStream:75 - [STDERR_REDIRECT] [Fatal Error] :1:1: Premature end of file.
2026-07-17 08:38:56,574 [ERROR] LogOutputStream:75 - [STDERR_REDIRECT] 
2026-07-17 08:38:57,364 [ERROR] LogOutputStream:75 - [STDERR_REDIRECT] [Fatal Error] :1:1: Premature end of file.
2026-07-17 08:38:57,364 [ERROR] LogOutputStream:75 - [STDERR_REDIRECT] 
2026-07-17 08:38:58,392 [ERROR] LogOutputStream:75 - [STDERR_REDIRECT] [Fatal Error] :1:1: Premature end of file.
2026-07-17 08:38:58,392 [ERROR] LogOutputStream:75 - [STDERR_REDIRECT] 
2026-07-17 08:38:59,396 [ERROR] LogOutputStream:75 - [STDERR_REDIRECT] [Fatal Error] :1:1: Premature end of file.
2026-07-17 08:38:59,396 [ERROR] LogOutputStream:75 - [STDERR_REDIRECT] 
2026-07-17 08:39:00,375 [ERROR] LogOutputStream:75 - [STDERR_REDIRECT] [Fatal Error] :1:1: Premature end of file.
2026-07-17 08:39:00,375 [ERROR] LogOutputStream:75 - [STDERR_REDIRECT] 
2026-07-17 08:39:01,379 [ERROR] LogOutputStream:75 - [STDERR_REDIRECT] [Fatal Error] :1:1: Premature end of file.
2026-07-17 08:39:01,380 [ERROR] LogOutputStream:75 - [STDERR_REDIRECT] 
2026-07-17 08:39:02,396 [ERROR] LogOutputStream:75 - [STDERR_REDIRECT] [Fatal Error] :1:1: Premature end of file.
2026-07-17 08:39:02,397 [ERROR] LogOutputStream:75 - [STDERR_REDIRECT] 
2026-07-17 08:39:03,433 [ERROR] LogOutputStream:75 - [STDERR_REDIRECT] [Fatal Error] :1:1: Premature end of file.
2026-07-17 08:39:03,434 [ERROR] LogOutputStream:75 - [STDERR_REDIRECT] 
2026-07-17 08:39:04,394 [ERROR] LogOutputStream:75 - [STDERR_REDIRECT] [Fatal Error] :1:1: Premature end of file.
2026-07-17 08:39:04,394 [ERROR] LogOutputStream:75 - [STDERR_REDIRECT] 
2026-07-17 08:39:05,382 [ERROR] LogOutputStream:75 - [STDERR_REDIRECT] [Fatal Error] :1:1: Premature end of file.
2026-07-17 08:39:05,382 [ERROR] LogOutputStream:75 - [STDERR_REDIRECT] 
2026-07-17 08:39:06,380 [ERROR] LogOutputStream:75 - [STDERR_REDIRECT] [Fatal Error] :1:1: Premature end of file.
2026-07-17 08:39:06,381 [ERROR] LogOutputStream:75 - [STDERR_REDIRECT] 
2026-07-17 08:39:07,387 [ERROR] LogOutputStream:75 - [STDERR_REDIRECT] [Fatal Error] :1:1: Premature end of file.
2026-07-17 08:39:07,387 [ERROR] LogOutputStream:75 - [STDERR_REDIRECT] 
2026-07-17 08:39:08,388 [ERROR] LogOutputStream:75 - [STDERR_REDIRECT] [Fatal Error] :1:1: Premature end of file.
2026-07-17 08:39:08,388 [ERROR] LogOutputStream:75 - [STDERR_REDIRECT] 
2026-07-17 08:39:09,392 [ERROR] LogOutputStream:75 - [STDERR_REDIRECT] [Fatal Error] :1:1: Premature end of file.
2026-07-17 08:39:09,393 [ERROR] LogOutputStream:75 - [STDERR_REDIRECT] 
2026-07-17 08:39:10,391 [ERROR] LogOutputStream:75 - [STDERR_REDIRECT] [Fatal Error] :1:1: Premature end of file.
2026-07-17 08:39:10,392 [ERROR] LogOutputStream:75 - [STDERR_REDIRECT] 
2026-07-17 08:39:11,378 [ERROR] LogOutputStream:75 - [STDERR_REDIRECT] [Fatal Error] :1:1: Premature end of file.
2026-07-17 08:39:11,378 [ERROR] LogOutputStream:75 - [STDERR_REDIRECT] 
2026-07-17 08:39:12,379 [ERROR] LogOutputStream:75 - [STDERR_REDIRECT] [Fatal Error] :1:1: Premature end of file.
2026-07-17 08:39:12,379 [ERROR] LogOutputStream:75 - [STDERR_REDIRECT] 
2026-07-17 08:39:13,395 [ERROR] LogOutputStream:75 - [STDERR_REDIRECT] [Fatal Error] :1:1: Premature end of file.
2026-07-17 08:39:13,396 [ERROR] LogOutputStream:75 - [STDERR_REDIRECT] 
2026-07-17 08:39:14,423 [ERROR] LogOutputStream:75 - [STDERR_REDIRECT] [Fatal Error] :1:1: Premature end of file.
2026-07-17 08:39:14,423 [ERROR] LogOutputStream:75 - [STDERR_REDIRECT] 
2026-07-17 08:39:15,391 [ERROR] LogOutputStream:75 - [STDERR_REDIRECT] [Fatal Error] :1:1: Premature end of file.
2026-07-17 08:39:15,391 [ERROR] LogOutputStream:75 - [STDERR_REDIRECT] 
2026-07-17 08:39:16,382 [ERROR] LogOutputStream:75 - [STDERR_REDIRECT] [Fatal Error] :1:1: Premature end of file.
2026-07-17 08:39:16,382 [ERROR] LogOutputStream:75 - [STDERR_REDIRECT] 
2026-07-17 08:39:17,393 [ERROR] LogOutputStream:75 - [STDERR_REDIRECT] [Fatal Error] :1:1: Premature end of file.
2026-07-17 08:39:17,393 [ERROR] LogOutputStream:75 - [STDERR_REDIRECT] 
2026-07-17 08:39:18,394 [ERROR] LogOutputStream:75 - [STDERR_REDIRECT] [Fatal Error] :1:1: Premature end of file.
2026-07-17 08:39:18,394 [ERROR] LogOutputStream:75 - [STDERR_REDIRECT] 
2026-07-17 08:39:19,395 [ERROR] LogOutputStream:75 - [STDERR_REDIRECT] [Fatal Error] :1:1: Premature end of file.
2026-07-17 08:39:19,395 [ERROR] LogOutputStream:75 - [STDERR_REDIRECT] 
2026-07-17 08:39:20,392 [ERROR] LogOutputStream:75 - [STDERR_REDIRECT] [Fatal Error] :1:1: Premature end of file.
2026-07-17 08:39:20,392 [ERROR] LogOutputStream:75 - [STDERR_REDIRECT] 
2026-07-17 08:39:21,380 [ERROR] LogOutputStream:75 - [STDERR_REDIRECT] [Fatal Error] :1:1: Premature end of file.
2026-07-17 08:39:21,380 [ERROR] LogOutputStream:75 - [STDERR_REDIRECT] 
2026-07-17 08:39:22,380 [ERROR] LogOutputStream:75 - [STDERR_REDIRECT] [Fatal Error] :1:1: Premature end of file.
2026-07-17 08:39:22,380 [ERROR] LogOutputStream:75 - [STDERR_REDIRECT] 
2026-07-17 08:39:23,399 [ERROR] LogOutputStream:75 - [STDERR_REDIRECT] [Fatal Error] :1:1: Premature end of file.
2026-07-17 08:39:23,400 [ERROR] LogOutputStream:75 - [STDERR_REDIRECT] 
2026-07-17 08:39:24,399 [ERROR] LogOutputStream:75 - [STDERR_REDIRECT] [Fatal Error] :1:1: Premature end of file.
2026-07-17 08:39:24,399 [ERROR] LogOutputStream:75 - [STDERR_REDIRECT] 
2026-07-17 08:39:25,382 [ERROR] LogOutputStream:75 - [STDERR_REDIRECT] [Fatal Error] :1:1: Premature end of file.
2026-07-17 08:39:25,383 [ERROR] LogOutputStream:75 - [STDERR_REDIRECT] 
2026-07-17 08:39:26,422 [ERROR] LogOutputStream:75 - [STDERR_REDIRECT] [Fatal Error] :1:1: Premature end of file.
2026-07-17 08:39:26,422 [ERROR] LogOutputStream:75 - [STDERR_REDIRECT] 
2026-07-17 08:39:27,374 [ERROR] LogOutputStream:75 - [STDERR_REDIRECT] [Fatal Error] :1:1: Premature end of file.
2026-07-17 08:39:27,374 [ERROR] LogOutputStream:75 - [STDERR_REDIRECT] 
2026-07-17 08:39:28,397 [ERROR] LogOutputStream:75 - [STDERR_REDIRECT] [Fatal Error] :1:1: Premature end of file.
2026-07-17 08:39:28,397 [ERROR] LogOutputStream:75 - [STDERR_REDIRECT] 
2026-07-17 08:39:29,392 [ERROR] LogOutputStream:75 - [STDERR_REDIRECT] [Fatal Error] :1:1: Premature end of file.
2026-07-17 08:39:29,392 [ERROR] LogOutputStream:75 - [STDERR_REDIRECT] 
2026-07-17 08:39:30,396 [ERROR] LogOutputStream:75 - [STDERR_REDIRECT] [Fatal Error] :1:1: Premature end of file.
2026-07-17 08:39:30,397 [ERROR] LogOutputStream:75 - [STDERR_REDIRECT] 
2026-07-17 08:39:31,402 [ERROR] LogOutputStream:75 - [STDERR_REDIRECT] [Fatal Error] :1:1: Premature end of file.
2026-07-17 08:39:31,402 [ERROR] LogOutputStream:75 - [STDERR_REDIRECT] 
2026-07-17 08:39:32,416 [ERROR] LogOutputStream:75 - [STDERR_REDIRECT] [Fatal Error] :1:1: Premature end of file.
2026-07-17 08:39:32,416 [ERROR] LogOutputStream:75 - [STDERR_REDIRECT] 
2026-07-17 08:39:33,396 [ERROR] LogOutputStream:75 - [STDERR_REDIRECT] [Fatal Error] :1:1: Premature end of file.
2026-07-17 08:39:33,397 [ERROR] LogOutputStream:75 - [STDERR_REDIRECT] 
2026-07-17 08:39:34,402 [ERROR] LogOutputStream:75 - [STDERR_REDIRECT] [Fatal Error] :1:1: Premature end of file.
2026-07-17 08:39:34,402 [ERROR] LogOutputStream:75 - [STDERR_REDIRECT] 
2026-07-17 08:39:35,424 [ERROR] LogOutputStream:75 - [STDERR_REDIRECT] [Fatal Error] :1:1: Premature end of file.
2026-07-17 08:39:35,424 [ERROR] LogOutputStream:75 - [STDERR_REDIRECT] 
2026-07-17 08:39:36,389 [ERROR] LogOutputStream:75 - [STDERR_REDIRECT] [Fatal Error] :1:1: Premature end of file.
2026-07-17 08:39:36,390 [ERROR] LogOutputStream:75 - [STDERR_REDIRECT] 
2026-07-17 08:39:37,395 [ERROR] LogOutputStream:75 - [STDERR_REDIRECT] [Fatal Error] :1:1: Premature end of file.
2026-07-17 08:39:37,395 [ERROR] LogOutputStream:75 - [STDERR_REDIRECT] 
2026-07-17 08:39:38,396 [ERROR] LogOutputStream:75 - [STDERR_REDIRECT] [Fatal Error] :1:1: Premature end of file.
2026-07-17 08:39:38,396 [ERROR] LogOutputStream:75 - [STDERR_REDIRECT] 
2026-07-17 08:39:39,386 [ERROR] LogOutputStream:75 - [STDERR_REDIRECT] [Fatal Error] :1:1: Premature end of file.
2026-07-17 08:39:39,387 [ERROR] LogOutputStream:75 - [STDERR_REDIRECT] 
2026-07-17 08:39:40,413 [ERROR] LogOutputStream:75 - [STDERR_REDIRECT] [Fatal Error] :1:1: Premature end of file.
2026-07-17 08:39:40,413 [ERROR] LogOutputStream:75 - [STDERR_REDIRECT] 
2026-07-17 08:39:41,389 [ERROR] LogOutputStream:75 - [STDERR_REDIRECT] [Fatal Error] :1:1: Premature end of file.
2026-07-17 08:39:41,389 [ERROR] LogOutputStream:75 - [STDERR_REDIRECT] 
2026-07-17 08:39:42,391 [ERROR] LogOutputStream:75 - [STDERR_REDIRECT] [Fatal Error] :1:1: Premature end of file.
2026-07-17 08:39:42,391 [ERROR] LogOutputStream:75 - [STDERR_REDIRECT] 
2026-07-17 08:39:43,394 [ERROR] LogOutputStream:75 - [STDERR_REDIRECT] [Fatal Error] :1:1: Premature end of file.
2026-07-17 08:39:43,394 [ERROR] LogOutputStream:75 - [STDERR_REDIRECT] 
2026-07-17 08:39:44,395 [ERROR] LogOutputStream:75 - [STDERR_REDIRECT] [Fatal Error] :1:1: Premature end of file.
2026-07-17 08:39:44,395 [ERROR] LogOutputStream:75 - [STDERR_REDIRECT] 
2026-07-17 08:39:45,385 [ERROR] LogOutputStream:75 - [STDERR_REDIRECT] [Fatal Error] :1:1: Premature end of file.
2026-07-17 08:39:45,385 [ERROR] LogOutputStream:75 - [STDERR_REDIRECT] 
2026-07-17 08:39:46,390 [ERROR] LogOutputStream:75 - [STDERR_REDIRECT] [Fatal Error] :1:1: Premature end of file.
2026-07-17 08:39:46,391 [ERROR] LogOutputStream:75 - [STDERR_REDIRECT] 
2026-07-17 08:39:47,395 [ERROR] LogOutputStream:75 - [STDERR_REDIRECT] [Fatal Error] :1:1: Premature end of file.
2026-07-17 08:39:47,395 [ERROR] LogOutputStream:75 - [STDERR_REDIRECT] 
2026-07-17 08:39:48,391 [ERROR] LogOutputStream:75 - [STDERR_REDIRECT] [Fatal Error] :1:1: Premature end of file.
2026-07-17 08:39:48,391 [ERROR] LogOutputStream:75 - [STDERR_REDIRECT] 
2026-07-17 08:39:49,393 [ERROR] LogOutputStream:75 - [STDERR_REDIRECT] [Fatal Error] :1:1: Premature end of file.
2026-07-17 08:39:49,393 [ERROR] LogOutputStream:75 - [STDERR_REDIRECT] 
2026-07-17 08:39:50,382 [ERROR] LogOutputStream:75 - [STDERR_REDIRECT] [Fatal Error] :1:1: Premature end of file.
2026-07-17 08:39:50,382 [ERROR] LogOutputStream:75 - [STDERR_REDIRECT] 
2026-07-17 08:39:51,385 [ERROR] LogOutputStream:75 - [STDERR_REDIRECT] [Fatal Error] :1:1: Premature end of file.
2026-07-17 08:39:51,385 [ERROR] LogOutputStream:75 - [STDERR_REDIRECT] 
2026-07-17 08:39:52,391 [ERROR] LogOutputStream:75 - [STDERR_REDIRECT] [Fatal Error] :1:1: Premature end of file.
2026-07-17 08:39:52,391 [ERROR] LogOutputStream:75 - [STDERR_REDIRECT] 
2026-07-17 08:39:53,385 [ERROR] LogOutputStream:75 - [STDERR_REDIRECT] [Fatal Error] :1:1: Premature end of file.
2026-07-17 08:39:53,385 [ERROR] LogOutputStream:75 - [STDERR_REDIRECT] 
2026-07-17 08:39:54,386 [ERROR] LogOutputStream:75 - [STDERR_REDIRECT] [Fatal Error] :1:1: Premature end of file.
2026-07-17 08:39:54,386 [ERROR] LogOutputStream:75 - [STDERR_REDIRECT] 
2026-07-17 08:39:55,402 [ERROR] LogOutputStream:75 - [STDERR_REDIRECT] [Fatal Error] :1:1: Premature end of file.
2026-07-17 08:39:55,402 [ERROR] LogOutputStream:75 - [STDERR_REDIRECT] 
2026-07-17 08:39:56,393 [ERROR] LogOutputStream:75 - [STDERR_REDIRECT] [Fatal Error] :1:1: Premature end of file.
2026-07-17 08:39:56,393 [ERROR] LogOutputStream:75 - [STDERR_REDIRECT] 
2026-07-17 08:39:57,378 [ERROR] LogOutputStream:75 - [STDERR_REDIRECT] [Fatal Error] :1:1: Premature end of file.
2026-07-17 08:39:57,378 [ERROR] LogOutputStream:75 - [STDERR_REDIRECT] 
2026-07-17 08:39:58,389 [ERROR] LogOutputStream:75 - [STDERR_REDIRECT] [Fatal Error] :1:1: Premature end of file.
2026-07-17 08:39:58,389 [ERROR] LogOutputStream:75 - [STDERR_REDIRECT] 
2026-07-17 08:39:59,401 [ERROR] LogOutputStream:75 - [STDERR_REDIRECT] [Fatal Error] :1:1: Premature end of file.
2026-07-17 08:39:59,401 [ERROR] LogOutputStream:75 - [STDERR_REDIRECT] 
2026-07-17 08:40:00,406 [ERROR] LogOutputStream:75 - [STDERR_REDIRECT] [Fatal Error] :1:1: Premature end of file.
2026-07-17 08:40:00,406 [ERROR] LogOutputStream:75 - [STDERR_REDIRECT] 
2026-07-17 08:40:01,389 [ERROR] LogOutputStream:75 - [STDERR_REDIRECT] [Fatal Error] :1:1: Premature end of file.
2026-07-17 08:40:01,389 [ERROR] LogOutputStream:75 - [STDERR_REDIRECT] 
2026-07-17 08:40:02,421 [ERROR] LogOutputStream:75 - [STDERR_REDIRECT] [Fatal Error] :1:1: Premature end of file.
2026-07-17 08:40:02,421 [ERROR] LogOutputStream:75 - [STDERR_REDIRECT] 
2026-07-17 08:40:03,390 [ERROR] LogOutputStream:75 - [STDERR_REDIRECT] [Fatal Error] :1:1: Premature end of file.
2026-07-17 08:40:03,390 [ERROR] LogOutputStream:75 - [STDERR_REDIRECT] 
2026-07-17 08:40:04,430 [ERROR] LogOutputStream:75 - [STDERR_REDIRECT] [Fatal Error] :1:1: Premature end of file.
2026-07-17 08:40:04,431 [ERROR] LogOutputStream:75 - [STDERR_REDIRECT] 
2026-07-17 08:40:05,408 [ERROR] LogOutputStream:75 - [STDERR_REDIRECT] [Fatal Error] :1:1: Premature end of file.
2026-07-17 08:40:05,408 [ERROR] LogOutputStream:75 - [STDERR_REDIRECT] 
2026-07-17 08:40:06,405 [ERROR] LogOutputStream:75 - [STDERR_REDIRECT] [Fatal Error] :1:1: Premature end of file.
2026-07-17 08:40:06,405 [ERROR] LogOutputStream:75 - [STDERR_REDIRECT] 
2026-07-17 08:40:07,432 [ERROR] LogOutputStream:75 - [STDERR_REDIRECT] [Fatal Error] :1:1: Premature end of file.
2026-07-17 08:40:07,432 [ERROR] LogOutputStream:75 - [STDERR_REDIRECT] 
2026-07-17 08:40:08,426 [ERROR] LogOutputStream:75 - [STDERR_REDIRECT] [Fatal Error] :1:1: Premature end of file.
2026-07-17 08:40:08,426 [ERROR] LogOutputStream:75 - [STDERR_REDIRECT] 
2026-07-17 08:40:09,403 [ERROR] LogOutputStream:75 - [STDERR_REDIRECT] [Fatal Error] :1:1: Premature end of file.
2026-07-17 08:40:09,404 [ERROR] LogOutputStream:75 - [STDERR_REDIRECT] 
2026-07-17 08:40:10,390 [ERROR] LogOutputStream:75 - [STDERR_REDIRECT] [Fatal Error] :1:1: Premature end of file.
2026-07-17 08:40:10,390 [ERROR] LogOutputStream:75 - [STDERR_REDIRECT] 
2026-07-17 08:40:11,380 [ERROR] LogOutputStream:75 - [STDERR_REDIRECT] [Fatal Error] :1:1: Premature end of file.
2026-07-17 08:40:11,380 [ERROR] LogOutputStream:75 - [STDERR_REDIRECT] 
2026-07-17 08:40:12,459 [ERROR] LogOutputStream:75 - [STDERR_REDIRECT] [Fatal Error] :1:1: Premature end of file.
2026-07-17 08:40:12,459 [ERROR] LogOutputStream:75 - [STDERR_REDIRECT] 
2026-07-17 08:40:13,433 [ERROR] LogOutputStream:75 - [STDERR_REDIRECT] [Fatal Error] :1:1: Premature end of file.
2026-07-17 08:40:13,435 [ERROR] LogOutputStream:75 - [STDERR_REDIRECT] 
2026-07-17 08:40:14,426 [ERROR] LogOutputStream:75 - [STDERR_REDIRECT] [Fatal Error] :1:1: Premature end of file.
2026-07-17 08:40:14,427 [ERROR] LogOutputStream:75 - [STDERR_REDIRECT] 
2026-07-17 08:40:15,410 [ERROR] LogOutputStream:75 - [STDERR_REDIRECT] [Fatal Error] :1:1: Premature end of file.
2026-07-17 08:40:15,410 [ERROR] LogOutputStream:75 - [STDERR_REDIRECT] 
2026-07-17 08:40:16,409 [ERROR] LogOutputStream:75 - [STDERR_REDIRECT] [Fatal Error] :1:1: Premature end of file.
2026-07-17 08:40:16,409 [ERROR] LogOutputStream:75 - [STDERR_REDIRECT] 
2026-07-17 08:40:17,430 [ERROR] LogOutputStream:75 - [STDERR_REDIRECT] [Fatal Error] :1:1: Premature end of file.
2026-07-17 08:40:17,430 [ERROR] LogOutputStream:75 - [STDERR_REDIRECT] 
2026-07-17 08:40:18,391 [ERROR] LogOutputStream:75 - [STDERR_REDIRECT] [Fatal Error] :1:1: Premature end of file.
2026-07-17 08:40:18,391 [ERROR] LogOutputStream:75 - [STDERR_REDIRECT] 
2026-07-17 08:40:19,396 [ERROR] LogOutputStream:75 - [STDERR_REDIRECT] [Fatal Error] :1:1: Premature end of file.
2026-07-17 08:40:19,396 [ERROR] LogOutputStream:75 - [STDERR_REDIRECT] 
2026-07-17 08:40:20,390 [ERROR] LogOutputStream:75 - [STDERR_REDIRECT] [Fatal Error] :1:1: Premature end of file.
2026-07-17 08:40:20,390 [ERROR] LogOutputStream:75 - [STDERR_REDIRECT] 
2026-07-17 08:40:21,407 [ERROR] LogOutputStream:75 - [STDERR_REDIRECT] [Fatal Error] :1:1: Premature end of file.
2026-07-17 08:40:21,407 [ERROR] LogOutputStream:75 - [STDERR_REDIRECT] 
2026-07-17 08:40:22,441 [ERROR] LogOutputStream:75 - [STDERR_REDIRECT] [Fatal Error] :1:1: Premature end of file.
2026-07-17 08:40:22,441 [ERROR] LogOutputStream:75 - [STDERR_REDIRECT] 
2026-07-17 08:40:23,405 [ERROR] LogOutputStream:75 - [STDERR_REDIRECT] [Fatal Error] :1:1: Premature end of file.
2026-07-17 08:40:23,405 [ERROR] LogOutputStream:75 - [STDERR_REDIRECT] 
2026-07-17 08:40:24,398 [ERROR] LogOutputStream:75 - [STDERR_REDIRECT] [Fatal Error] :1:1: Premature end of file.
2026-07-17 08:40:24,398 [ERROR] LogOutputStream:75 - [STDERR_REDIRECT] 
2026-07-17 08:40:25,423 [ERROR] LogOutputStream:75 - [STDERR_REDIRECT] [Fatal Error] :1:1: Premature end of file.
2026-07-17 08:40:25,424 [ERROR] LogOutputStream:75 - [STDERR_REDIRECT] 
2026-07-17 08:40:26,389 [ERROR] LogOutputStream:75 - [STDERR_REDIRECT] [Fatal Error] :1:1: Premature end of file.
2026-07-17 08:40:26,389 [ERROR] LogOutputStream:75 - [STDERR_REDIRECT] 
2026-07-17 08:40:27,419 [ERROR] LogOutputStream:75 - [STDERR_REDIRECT] [Fatal Error] :1:1: Premature end of file.
2026-07-17 08:40:27,419 [ERROR] LogOutputStream:75 - [STDERR_REDIRECT] 
2026-07-17 08:40:28,404 [ERROR] LogOutputStream:75 - [STDERR_REDIRECT] [Fatal Error] :1:1: Premature end of file.
2026-07-17 08:40:28,404 [ERROR] LogOutputStream:75 - [STDERR_REDIRECT] 
2026-07-17 08:40:29,410 [ERROR] LogOutputStream:75 - [STDERR_REDIRECT] [Fatal Error] :1:1: Premature end of file.
2026-07-17 08:40:29,410 [ERROR] LogOutputStream:75 - [STDERR_REDIRECT] 
2026-07-17 08:40:30,410 [ERROR] LogOutputStream:75 - [STDERR_REDIRECT] [Fatal Error] :1:1: Premature end of file.
2026-07-17 08:40:30,410 [ERROR] LogOutputStream:75 - [STDERR_REDIRECT] 
2026-07-17 08:40:31,406 [ERROR] LogOutputStream:75 - [STDERR_REDIRECT] [Fatal Error] :1:1: Premature end of file.
2026-07-17 08:40:31,406 [ERROR] LogOutputStream:75 - [STDERR_REDIRECT] 
2026-07-17 08:40:32,378 [ERROR] LogOutputStream:75 - [STDERR_REDIRECT] [Fatal Error] :1:1: Premature end of file.
2026-07-17 08:40:32,378 [ERROR] LogOutputStream:75 - [STDERR_REDIRECT] 
2026-07-17 08:40:33,389 [ERROR] LogOutputStream:75 - [STDERR_REDIRECT] [Fatal Error] :1:1: Premature end of file.
2026-07-17 08:40:33,389 [ERROR] LogOutputStream:75 - [STDERR_REDIRECT] 
2026-07-17 08:40:34,403 [ERROR] LogOutputStream:75 - [STDERR_REDIRECT] [Fatal Error] :1:1: Premature end of file.
2026-07-17 08:40:34,403 [ERROR] LogOutputStream:75 - [STDERR_REDIRECT] 
2026-07-17 08:40:35,383 [ERROR] LogOutputStream:75 - [STDERR_REDIRECT] [Fatal Error] :1:1: Premature end of file.
2026-07-17 08:40:35,383 [ERROR] LogOutputStream:75 - [STDERR_REDIRECT] 
2026-07-17 08:40:36,406 [ERROR] LogOutputStream:75 - [STDERR_REDIRECT] [Fatal Error] :1:1: Premature end of file.
2026-07-17 08:40:36,406 [ERROR] LogOutputStream:75 - [STDERR_REDIRECT] 
2026-07-17 08:40:37,382 [ERROR] LogOutputStream:75 - [STDERR_REDIRECT] [Fatal Error] :1:1: Premature end of file.
2026-07-17 08:40:37,382 [ERROR] LogOutputStream:75 - [STDERR_REDIRECT] 
2026-07-17 08:40:38,403 [ERROR] LogOutputStream:75 - [STDERR_REDIRECT] [Fatal Error] :1:1: Premature end of file.
2026-07-17 08:40:38,403 [ERROR] LogOutputStream:75 - [STDERR_REDIRECT] 
2026-07-17 08:40:39,393 [ERROR] LogOutputStream:75 - [STDERR_REDIRECT] [Fatal Error] :1:1: Premature end of file.
2026-07-17 08:40:39,393 [ERROR] LogOutputStream:75 - [STDERR_REDIRECT] 
2026-07-17 08:40:40,401 [ERROR] LogOutputStream:75 - [STDERR_REDIRECT] [Fatal Error] :1:1: Premature end of file.
2026-07-17 08:40:40,401 [ERROR] LogOutputStream:75 - [STDERR_REDIRECT] 
2026-07-17 08:40:41,386 [ERROR] LogOutputStream:75 - [STDERR_REDIRECT] [Fatal Error] :1:1: Premature end of file.
2026-07-17 08:40:41,386 [ERROR] LogOutputStream:75 - [STDERR_REDIRECT] 
2026-07-17 08:40:42,388 [ERROR] LogOutputStream:75 - [STDERR_REDIRECT] [Fatal Error] :1:1: Premature end of file.
2026-07-17 08:40:42,388 [ERROR] LogOutputStream:75 - [STDERR_REDIRECT] 
2026-07-17 08:40:43,386 [ERROR] LogOutputStream:75 - [STDERR_REDIRECT] [Fatal Error] :1:1: Premature end of file.
2026-07-17 08:40:43,386 [ERROR] LogOutputStream:75 - [STDERR_REDIRECT] 
2026-07-17 08:40:44,379 [ERROR] LogOutputStream:75 - [STDERR_REDIRECT] [Fatal Error] :1:1: Premature end of file.
2026-07-17 08:40:44,379 [ERROR] LogOutputStream:75 - [STDERR_REDIRECT] 
2026-07-17 08:40:45,416 [ERROR] LogOutputStream:75 - [STDERR_REDIRECT] [Fatal Error] :1:1: Premature end of file.
2026-07-17 08:40:45,416 [ERROR] LogOutputStream:75 - [STDERR_REDIRECT] 
2026-07-17 08:40:46,395 [ERROR] LogOutputStream:75 - [STDERR_REDIRECT] [Fatal Error] :1:1: Premature end of file.
2026-07-17 08:40:46,396 [ERROR] LogOutputStream:75 - [STDERR_REDIRECT] 
2026-07-17 08:40:47,385 [ERROR] LogOutputStream:75 - [STDERR_REDIRECT] [Fatal Error] :1:1: Premature end of file.
2026-07-17 08:40:47,385 [ERROR] LogOutputStream:75 - [STDERR_REDIRECT] 
2026-07-17 08:40:48,415 [ERROR] LogOutputStream:75 - [STDERR_REDIRECT] [Fatal Error] :1:1: Premature end of file.
2026-07-17 08:40:48,416 [ERROR] LogOutputStream:75 - [STDERR_REDIRECT] 
2026-07-17 08:40:49,390 [ERROR] LogOutputStream:75 - [STDERR_REDIRECT] [Fatal Error] :1:1: Premature end of file.
2026-07-17 08:40:49,390 [ERROR] LogOutputStream:75 - [STDERR_REDIRECT] 
2026-07-17 08:40:50,380 [ERROR] LogOutputStream:75 - [STDERR_REDIRECT] [Fatal Error] :1:1: Premature end of file.
2026-07-17 08:40:50,380 [ERROR] LogOutputStream:75 - [STDERR_REDIRECT] 
2026-07-17 08:40:51,391 [ERROR] LogOutputStream:75 - [STDERR_REDIRECT] [Fatal Error] :1:1: Premature end of file.
2026-07-17 08:40:51,391 [ERROR] LogOutputStream:75 - [STDERR_REDIRECT] 
2026-07-17 08:40:52,413 [ERROR] LogOutputStream:75 - [STDERR_REDIRECT] [Fatal Error] :1:1: Premature end of file.
2026-07-17 08:40:52,413 [ERROR] LogOutputStream:75 - [STDERR_REDIRECT] 
2026-07-17 08:40:53,401 [ERROR] LogOutputStream:75 - [STDERR_REDIRECT] [Fatal Error] :1:1: Premature end of file.
2026-07-17 08:40:53,401 [ERROR] LogOutputStream:75 - [STDERR_REDIRECT] 
2026-07-17 08:40:54,392 [ERROR] LogOutputStream:75 - [STDERR_REDIRECT] [Fatal Error] :1:1: Premature end of file.
2026-07-17 08:40:54,392 [ERROR] LogOutputStream:75 - [STDERR_REDIRECT] 
2026-07-17 08:40:55,389 [ERROR] LogOutputStream:75 - [STDERR_REDIRECT] [Fatal Error] :1:1: Premature end of file.
2026-07-17 08:40:55,389 [ERROR] LogOutputStream:75 - [STDERR_REDIRECT] 
2026-07-17 08:40:56,419 [ERROR] LogOutputStream:75 - [STDERR_REDIRECT] [Fatal Error] :1:1: Premature end of file.
2026-07-17 08:40:56,419 [ERROR] LogOutputStream:75 - [STDERR_REDIRECT] 
2026-07-17 08:40:57,408 [ERROR] LogOutputStream:75 - [STDERR_REDIRECT] [Fatal Error] :1:1: Premature end of file.
2026-07-17 08:40:57,408 [ERROR] LogOutputStream:75 - [STDERR_REDIRECT] 
2026-07-17 08:40:58,383 [ERROR] LogOutputStream:75 - [STDERR_REDIRECT] [Fatal Error] :1:1: Premature end of file.
2026-07-17 08:40:58,383 [ERROR] LogOutputStream:75 - [STDERR_REDIRECT] 
2026-07-17 08:40:59,416 [ERROR] LogOutputStream:75 - [STDERR_REDIRECT] [Fatal Error] :1:1: Premature end of file.
2026-07-17 08:40:59,416 [ERROR] LogOutputStream:75 - [STDERR_REDIRECT] 
2026-07-17 08:41:00,391 [ERROR] LogOutputStream:75 - [STDERR_REDIRECT] [Fatal Error] :1:1: Premature end of file.
2026-07-17 08:41:00,391 [ERROR] LogOutputStream:75 - [STDERR_REDIRECT] 
2026-07-17 08:41:01,418 [ERROR] LogOutputStream:75 - [STDERR_REDIRECT] [Fatal Error] :1:1: Premature end of file.
2026-07-17 08:41:01,418 [ERROR] LogOutputStream:75 - [STDERR_REDIRECT] 
2026-07-17 08:41:02,399 [ERROR] LogOutputStream:75 - [STDERR_REDIRECT] [Fatal Error] :1:1: Premature end of file.
2026-07-17 08:41:02,399 [ERROR] LogOutputStream:75 - [STDERR_REDIRECT] 
2026-07-17 08:41:03,391 [ERROR] LogOutputStream:75 - [STDERR_REDIRECT] [Fatal Error] :1:1: Premature end of file.
2026-07-17 08:41:03,391 [ERROR] LogOutputStream:75 - [STDERR_REDIRECT] 
2026-07-17 08:41:04,390 [ERROR] LogOutputStream:75 - [STDERR_REDIRECT] [Fatal Error] :1:1: Premature end of file.
2026-07-17 08:41:04,390 [ERROR] LogOutputStream:75 - [STDERR_REDIRECT] 
2026-07-17 08:41:05,391 [ERROR] LogOutputStream:75 - [STDERR_REDIRECT] [Fatal Error] :1:1: Premature end of file.
2026-07-17 08:41:05,391 [ERROR] LogOutputStream:75 - [STDERR_REDIRECT] 
2026-07-17 08:41:06,394 [ERROR] LogOutputStream:75 - [STDERR_REDIRECT] [Fatal Error] :1:1: Premature end of file.
2026-07-17 08:41:06,394 [ERROR] LogOutputStream:75 - [STDERR_REDIRECT] 
2026-07-17 08:41:07,382 [ERROR] LogOutputStream:75 - [STDERR_REDIRECT] [Fatal Error] :1:1: Premature end of file.
2026-07-17 08:41:07,382 [ERROR] LogOutputStream:75 - [STDERR_REDIRECT] 
2026-07-17 08:41:08,402 [ERROR] LogOutputStream:75 - [STDERR_REDIRECT] [Fatal Error] :1:1: Premature end of file.
2026-07-17 08:41:08,402 [ERROR] LogOutputStream:75 - [STDERR_REDIRECT] 
2026-07-17 08:41:09,388 [ERROR] LogOutputStream:75 - [STDERR_REDIRECT] [Fatal Error] :1:1: Premature end of file.
2026-07-17 08:41:09,388 [ERROR] LogOutputStream:75 - [STDERR_REDIRECT] 
2026-07-17 08:41:10,401 [ERROR] LogOutputStream:75 - [STDERR_REDIRECT] [Fatal Error] :1:1: Premature end of file.
2026-07-17 08:41:10,401 [ERROR] LogOutputStream:75 - [STDERR_REDIRECT] 
2026-07-17 08:41:11,380 [ERROR] LogOutputStream:75 - [STDERR_REDIRECT] [Fatal Error] :1:1: Premature end of file.
2026-07-17 08:41:11,380 [ERROR] LogOutputStream:75 - [STDERR_REDIRECT] 
2026-07-17 08:41:12,385 [ERROR] LogOutputStream:75 - [STDERR_REDIRECT] [Fatal Error] :1:1: Premature end of file.
2026-07-17 08:41:12,385 [ERROR] LogOutputStream:75 - [STDERR_REDIRECT] 
2026-07-17 08:41:13,394 [ERROR] LogOutputStream:75 - [STDERR_REDIRECT] [Fatal Error] :1:1: Premature end of file.
2026-07-17 08:41:13,394 [ERROR] LogOutputStream:75 - [STDERR_REDIRECT] 
2026-07-17 08:41:14,398 [ERROR] LogOutputStream:75 - [STDERR_REDIRECT] [Fatal Error] :1:1: Premature end of file.
2026-07-17 08:41:14,398 [ERROR] LogOutputStream:75 - [STDERR_REDIRECT] 
2026-07-17 08:41:15,395 [ERROR] LogOutputStream:75 - [STDERR_REDIRECT] [Fatal Error] :1:1: Premature end of file.
2026-07-17 08:41:15,395 [ERROR] LogOutputStream:75 - [STDERR_REDIRECT] 
2026-07-17 08:41:16,394 [ERROR] LogOutputStream:75 - [STDERR_REDIRECT] [Fatal Error] :1:1: Premature end of file.
2026-07-17 08:41:16,394 [ERROR] LogOutputStream:75 - [STDERR_REDIRECT] 
2026-07-17 08:41:17,409 [ERROR] LogOutputStream:75 - [STDERR_REDIRECT] [Fatal Error] :1:1: Premature end of file.
2026-07-17 08:41:17,409 [ERROR] LogOutputStream:75 - [STDERR_REDIRECT] 
2026-07-17 08:41:18,401 [ERROR] LogOutputStream:75 - [STDERR_REDIRECT] [Fatal Error] :1:1: Premature end of file.
2026-07-17 08:41:18,401 [ERROR] LogOutputStream:75 - [STDERR_REDIRECT] 
2026-07-17 08:41:19,396 [ERROR] LogOutputStream:75 - [STDERR_REDIRECT] [Fatal Error] :1:1: Premature end of file.
2026-07-17 08:41:19,396 [ERROR] LogOutputStream:75 - [STDERR_REDIRECT] 
2026-07-17 08:41:20,388 [ERROR] LogOutputStream:75 - [STDERR_REDIRECT] [Fatal Error] :1:1: Premature end of file.
2026-07-17 08:41:20,388 [ERROR] LogOutputStream:75 - [STDERR_REDIRECT] 
2026-07-17 08:41:21,388 [ERROR] LogOutputStream:75 - [STDERR_REDIRECT] [Fatal Error] :1:1: Premature end of file.
2026-07-17 08:41:21,388 [ERROR] LogOutputStream:75 - [STDERR_REDIRECT] 
2026-07-17 08:41:22,379 [ERROR] LogOutputStream:75 - [STDERR_REDIRECT] [Fatal Error] :1:1: Premature end of file.
2026-07-17 08:41:22,379 [ERROR] LogOutputStream:75 - [STDERR_REDIRECT] 
2026-07-17 08:41:23,392 [ERROR] LogOutputStream:75 - [STDERR_REDIRECT] [Fatal Error] :1:1: Premature end of file.
2026-07-17 08:41:23,392 [ERROR] LogOutputStream:75 - [STDERR_REDIRECT] 
2026-07-17 08:41:24,392 [ERROR] LogOutputStream:75 - [STDERR_REDIRECT] [Fatal Error] :1:1: Premature end of file.
2026-07-17 08:41:24,393 [ERROR] LogOutputStream:75 - [STDERR_REDIRECT] 
2026-07-17 08:41:25,378 [ERROR] LogOutputStream:75 - [STDERR_REDIRECT] [Fatal Error] :1:1: Premature end of file.
2026-07-17 08:41:25,378 [ERROR] LogOutputStream:75 - [STDERR_REDIRECT] 
2026-07-17 08:41:26,386 [ERROR] LogOutputStream:75 - [STDERR_REDIRECT] [Fatal Error] :1:1: Premature end of file.
2026-07-17 08:41:26,386 [ERROR] LogOutputStream:75 - [STDERR_REDIRECT] 
2026-07-17 08:41:27,421 [ERROR] LogOutputStream:75 - [STDERR_REDIRECT] [Fatal Error] :1:1: Premature end of file.
2026-07-17 08:41:27,422 [ERROR] LogOutputStream:75 - [STDERR_REDIRECT] 
2026-07-17 08:41:28,393 [ERROR] LogOutputStream:75 - [STDERR_REDIRECT] [Fatal Error] :1:1: Premature end of file.
2026-07-17 08:41:28,393 [ERROR] LogOutputStream:75 - [STDERR_REDIRECT] 
2026-07-17 08:41:29,388 [ERROR] LogOutputStream:75 - [STDERR_REDIRECT] [Fatal Error] :1:1: Premature end of file.
2026-07-17 08:41:29,389 [ERROR] LogOutputStream:75 - [STDERR_REDIRECT] 
2026-07-17 08:41:30,386 [ERROR] LogOutputStream:75 - [STDERR_REDIRECT] [Fatal Error] :1:1: Premature end of file.
2026-07-17 08:41:30,386 [ERROR] LogOutputStream:75 - [STDERR_REDIRECT] 
2026-07-17 08:41:31,415 [ERROR] LogOutputStream:75 - [STDERR_REDIRECT] [Fatal Error] :1:1: Premature end of file.
2026-07-17 08:41:31,416 [ERROR] LogOutputStream:75 - [STDERR_REDIRECT] 
2026-07-17 08:41:32,392 [ERROR] LogOutputStream:75 - [STDERR_REDIRECT] [Fatal Error] :1:1: Premature end of file.
2026-07-17 08:41:32,392 [ERROR] LogOutputStream:75 - [STDERR_REDIRECT] 
2026-07-17 08:41:33,395 [ERROR] LogOutputStream:75 - [STDERR_REDIRECT] [Fatal Error] :1:1: Premature end of file.
2026-07-17 08:41:33,395 [ERROR] LogOutputStream:75 - [STDERR_REDIRECT] 
2026-07-17 08:41:34,387 [ERROR] LogOutputStream:75 - [STDERR_REDIRECT] [Fatal Error] :1:1: Premature end of file.
2026-07-17 08:41:34,388 [ERROR] LogOutputStream:75 - [STDERR_REDIRECT] 
2026-07-17 08:41:35,403 [ERROR] LogOutputStream:75 - [STDERR_REDIRECT] [Fatal Error] :1:1: Premature end of file.
2026-07-17 08:41:35,403 [ERROR] LogOutputStream:75 - [STDERR_REDIRECT] 
2026-07-17 08:41:36,386 [ERROR] LogOutputStream:75 - [STDERR_REDIRECT] [Fatal Error] :1:1: Premature end of file.
2026-07-17 08:41:36,386 [ERROR] LogOutputStream:75 - [STDERR_REDIRECT] 
2026-07-17 08:41:37,405 [ERROR] LogOutputStream:75 - [STDERR_REDIRECT] [Fatal Error] :1:1: Premature end of file.
2026-07-17 08:41:37,405 [ERROR] LogOutputStream:75 - [STDERR_REDIRECT] 
2026-07-17 08:41:38,393 [ERROR] LogOutputStream:75 - [STDERR_REDIRECT] [Fatal Error] :1:1: Premature end of file.
2026-07-17 08:41:38,393 [ERROR] LogOutputStream:75 - [STDERR_REDIRECT] 
2026-07-17 08:41:39,392 [ERROR] LogOutputStream:75 - [STDERR_REDIRECT] [Fatal Error] :1:1: Premature end of file.
2026-07-17 08:41:39,393 [ERROR] LogOutputStream:75 - [STDERR_REDIRECT] 
2026-07-17 08:41:40,395 [ERROR] LogOutputStream:75 - [STDERR_REDIRECT] [Fatal Error] :1:1: Premature end of file.
2026-07-17 08:41:40,395 [ERROR] LogOutputStream:75 - [STDERR_REDIRECT] 
2026-07-17 08:41:41,395 [ERROR] LogOutputStream:75 - [STDERR_REDIRECT] [Fatal Error] :1:1: Premature end of file.
2026-07-17 08:41:41,395 [ERROR] LogOutputStream:75 - [STDERR_REDIRECT] 
2026-07-17 08:41:42,393 [ERROR] LogOutputStream:75 - [STDERR_REDIRECT] [Fatal Error] :1:1: Premature end of file.
2026-07-17 08:41:42,393 [ERROR] LogOutputStream:75 - [STDERR_REDIRECT] 
2026-07-17 08:41:43,406 [ERROR] LogOutputStream:75 - [STDERR_REDIRECT] [Fatal Error] :1:1: Premature end of file.
2026-07-17 08:41:43,406 [ERROR] LogOutputStream:75 - [STDERR_REDIRECT] 
2026-07-17 08:41:44,402 [ERROR] LogOutputStream:75 - [STDERR_REDIRECT] [Fatal Error] :1:1: Premature end of file.
2026-07-17 08:41:44,402 [ERROR] LogOutputStream:75 - [STDERR_REDIRECT] 
2026-07-17 08:41:45,385 [ERROR] LogOutputStream:75 - [STDERR_REDIRECT] [Fatal Error] :1:1: Premature end of file.
2026-07-17 08:41:45,385 [ERROR] LogOutputStream:75 - [STDERR_REDIRECT] 
2026-07-17 08:41:46,401 [ERROR] LogOutputStream:75 - [STDERR_REDIRECT] [Fatal Error] :1:1: Premature end of file.
2026-07-17 08:41:46,402 [ERROR] LogOutputStream:75 - [STDERR_REDIRECT] 
2026-07-17 08:41:47,384 [ERROR] LogOutputStream:75 - [STDERR_REDIRECT] [Fatal Error] :1:1: Premature end of file.
2026-07-17 08:41:47,384 [ERROR] LogOutputStream:75 - [STDERR_REDIRECT] 
2026-07-17 08:41:48,397 [ERROR] LogOutputStream:75 - [STDERR_REDIRECT] [Fatal Error] :1:1: Premature end of file.
2026-07-17 08:41:48,397 [ERROR] LogOutputStream:75 - [STDERR_REDIRECT] 
2026-07-17 08:41:49,392 [ERROR] LogOutputStream:75 - [STDERR_REDIRECT] [Fatal Error] :1:1: Premature end of file.
2026-07-17 08:41:49,392 [ERROR] LogOutputStream:75 - [STDERR_REDIRECT] 
2026-07-17 08:41:50,395 [ERROR] LogOutputStream:75 - [STDERR_REDIRECT] [Fatal Error] :1:1: Premature end of file.
2026-07-17 08:41:50,395 [ERROR] LogOutputStream:75 - [STDERR_REDIRECT] 
2026-07-17 08:41:51,392 [ERROR] LogOutputStream:75 - [STDERR_REDIRECT] [Fatal Error] :1:1: Premature end of file.
2026-07-17 08:41:51,392 [ERROR] LogOutputStream:75 - [STDERR_REDIRECT] 
2026-07-17 08:41:52,404 [ERROR] LogOutputStream:75 - [STDERR_REDIRECT] [Fatal Error] :1:1: Premature end of file.
2026-07-17 08:41:52,404 [ERROR] LogOutputStream:75 - [STDERR_REDIRECT] 
2026-07-17 08:41:53,390 [ERROR] LogOutputStream:75 - [STDERR_REDIRECT] [Fatal Error] :1:1: Premature end of file.
2026-07-17 08:41:53,390 [ERROR] LogOutputStream:75 - [STDERR_REDIRECT] 
2026-07-17 08:41:54,403 [ERROR] LogOutputStream:75 - [STDERR_REDIRECT] [Fatal Error] :1:1: Premature end of file.
2026-07-17 08:41:54,403 [ERROR] LogOutputStream:75 - [STDERR_REDIRECT] 
2026-07-17 08:41:55,386 [ERROR] LogOutputStream:75 - [STDERR_REDIRECT] [Fatal Error] :1:1: Premature end of file.
2026-07-17 08:41:55,386 [ERROR] LogOutputStream:75 - [STDERR_REDIRECT] 
2026-07-17 08:41:56,419 [ERROR] LogOutputStream:75 - [STDERR_REDIRECT] [Fatal Error] :1:1: Premature end of file.
2026-07-17 08:41:56,420 [ERROR] LogOutputStream:75 - [STDERR_REDIRECT] 
2026-07-17 08:41:57,382 [ERROR] LogOutputStream:75 - [STDERR_REDIRECT] [Fatal Error] :1:1: Premature end of file.
2026-07-17 08:41:57,382 [ERROR] LogOutputStream:75 - [STDERR_REDIRECT] 
2026-07-17 08:41:58,405 [ERROR] LogOutputStream:75 - [STDERR_REDIRECT] [Fatal Error] :1:1: Premature end of file.
2026-07-17 08:41:58,405 [ERROR] LogOutputStream:75 - [STDERR_REDIRECT] 
2026-07-17 08:41:59,398 [ERROR] LogOutputStream:75 - [STDERR_REDIRECT] [Fatal Error] :1:1: Premature end of file.
2026-07-17 08:41:59,398 [ERROR] LogOutputStream:75 - [STDERR_REDIRECT] 
2026-07-17 08:42:00,387 [ERROR] LogOutputStream:75 - [STDERR_REDIRECT] [Fatal Error] :1:1: Premature end of file.
2026-07-17 08:42:00,387 [ERROR] LogOutputStream:75 - [STDERR_REDIRECT] 
2026-07-17 08:42:01,388 [ERROR] LogOutputStream:75 - [STDERR_REDIRECT] [Fatal Error] :1:1: Premature end of file.
2026-07-17 08:42:01,388 [ERROR] LogOutputStream:75 - [STDERR_REDIRECT] 
2026-07-17 08:42:02,432 [ERROR] LogOutputStream:75 - [STDERR_REDIRECT] [Fatal Error] :1:1: Premature end of file.
2026-07-17 08:42:02,432 [ERROR] LogOutputStream:75 - [STDERR_REDIRECT] 
2026-07-17 08:42:03,411 [ERROR] LogOutputStream:75 - [STDERR_REDIRECT] [Fatal Error] :1:1: Premature end of file.
2026-07-17 08:42:03,412 [ERROR] LogOutputStream:75 - [STDERR_REDIRECT] 
2026-07-17 08:42:04,407 [ERROR] LogOutputStream:75 - [STDERR_REDIRECT] [Fatal Error] :1:1: Premature end of file.
2026-07-17 08:42:04,407 [ERROR] LogOutputStream:75 - [STDERR_REDIRECT] 
2026-07-17 08:42:05,434 [ERROR] LogOutputStream:75 - [STDERR_REDIRECT] [Fatal Error] :1:1: Premature end of file.
2026-07-17 08:42:05,434 [ERROR] LogOutputStream:75 - [STDERR_REDIRECT] 
2026-07-17 08:42:06,412 [ERROR] LogOutputStream:75 - [STDERR_REDIRECT] [Fatal Error] :1:1: Premature end of file.
2026-07-17 08:42:06,412 [ERROR] LogOutputStream:75 - [STDERR_REDIRECT] 
2026-07-17 08:42:07,405 [ERROR] LogOutputStream:75 - [STDERR_REDIRECT] [Fatal Error] :1:1: Premature end of file.
2026-07-17 08:42:07,405 [ERROR] LogOutputStream:75 - [STDERR_REDIRECT] 
2026-07-17 08:42:08,402 [ERROR] LogOutputStream:75 - [STDERR_REDIRECT] [Fatal Error] :1:1: Premature end of file.
2026-07-17 08:42:08,403 [ERROR] LogOutputStream:75 - [STDERR_REDIRECT] 
2026-07-17 08:42:09,398 [ERROR] LogOutputStream:75 - [STDERR_REDIRECT] [Fatal Error] :1:1: Premature end of file.
2026-07-17 08:42:09,398 [ERROR] LogOutputStream:75 - [STDERR_REDIRECT] 
2026-07-17 08:42:10,421 [ERROR] LogOutputStream:75 - [STDERR_REDIRECT] [Fatal Error] :1:1: Premature end of file.
2026-07-17 08:42:10,422 [ERROR] LogOutputStream:75 - [STDERR_REDIRECT] 
2026-07-17 08:42:11,408 [ERROR] LogOutputStream:75 - [STDERR_REDIRECT] [Fatal Error] :1:1: Premature end of file.
2026-07-17 08:42:11,408 [ERROR] LogOutputStream:75 - [STDERR_REDIRECT] 
2026-07-17 08:42:12,393 [ERROR] LogOutputStream:75 - [STDERR_REDIRECT] [Fatal Error] :1:1: Premature end of file.
2026-07-17 08:42:12,393 [ERROR] LogOutputStream:75 - [STDERR_REDIRECT] 
2026-07-17 08:42:13,422 [ERROR] LogOutputStream:75 - [STDERR_REDIRECT] [Fatal Error] :1:1: Premature end of file.
2026-07-17 08:42:13,423 [ERROR] LogOutputStream:75 - [STDERR_REDIRECT] 
2026-07-17 08:42:14,433 [ERROR] LogOutputStream:75 - [STDERR_REDIRECT] [Fatal Error] :1:1: Premature end of file.
2026-07-17 08:42:14,433 [ERROR] LogOutputStream:75 - [STDERR_REDIRECT] 
2026-07-17 08:42:15,428 [ERROR] LogOutputStream:75 - [STDERR_REDIRECT] [Fatal Error] :1:1: Premature end of file.
2026-07-17 08:42:15,428 [ERROR] LogOutputStream:75 - [STDERR_REDIRECT] 
2026-07-17 08:42:16,382 [ERROR] LogOutputStream:75 - [STDERR_REDIRECT] [Fatal Error] :1:1: Premature end of file.
2026-07-17 08:42:16,382 [ERROR] LogOutputStream:75 - [STDERR_REDIRECT] 
2026-07-17 08:42:17,395 [ERROR] LogOutputStream:75 - [STDERR_REDIRECT] [Fatal Error] :1:1: Premature end of file.
2026-07-17 08:42:17,395 [ERROR] LogOutputStream:75 - [STDERR_REDIRECT] 
2026-07-17 08:42:18,402 [ERROR] LogOutputStream:75 - [STDERR_REDIRECT] [Fatal Error] :1:1: Premature end of file.
2026-07-17 08:42:18,402 [ERROR] LogOutputStream:75 - [STDERR_REDIRECT] 
2026-07-17 08:42:19,392 [ERROR] LogOutputStream:75 - [STDERR_REDIRECT] [Fatal Error] :1:1: Premature end of file.
2026-07-17 08:42:19,392 [ERROR] LogOutputStream:75 - [STDERR_REDIRECT] 
2026-07-17 08:42:20,396 [ERROR] LogOutputStream:75 - [STDERR_REDIRECT] [Fatal Error] :1:1: Premature end of file.
2026-07-17 08:42:20,396 [ERROR] LogOutputStream:75 - [STDERR_REDIRECT] 
2026-07-17 08:42:21,427 [ERROR] LogOutputStream:75 - [STDERR_REDIRECT] [Fatal Error] :1:1: Premature end of file.
2026-07-17 08:42:21,427 [ERROR] LogOutputStream:75 - [STDERR_REDIRECT] 
2026-07-17 08:42:22,386 [ERROR] LogOutputStream:75 - [STDERR_REDIRECT] [Fatal Error] :1:1: Premature end of file.
2026-07-17 08:42:22,386 [ERROR] LogOutputStream:75 - [STDERR_REDIRECT] 
2026-07-17 08:42:23,417 [ERROR] LogOutputStream:75 - [STDERR_REDIRECT] [Fatal Error] :1:1: Premature end of file.
2026-07-17 08:42:23,417 [ERROR] LogOutputStream:75 - [STDERR_REDIRECT] 
2026-07-17 08:42:24,439 [ERROR] LogOutputStream:75 - [STDERR_REDIRECT] [Fatal Error] :1:1: Premature end of file.
2026-07-17 08:42:24,439 [ERROR] LogOutputStream:75 - [STDERR_REDIRECT] 
2026-07-17 08:42:25,383 [ERROR] LogOutputStream:75 - [STDERR_REDIRECT] [Fatal Error] :1:1: Premature end of file.
2026-07-17 08:42:25,383 [ERROR] LogOutputStream:75 - [STDERR_REDIRECT] 
2026-07-17 08:42:26,385 [ERROR] LogOutputStream:75 - [STDERR_REDIRECT] [Fatal Error] :1:1: Premature end of file.
2026-07-17 08:42:26,385 [ERROR] LogOutputStream:75 - [STDERR_REDIRECT] 
2026-07-17 08:42:27,408 [ERROR] LogOutputStream:75 - [STDERR_REDIRECT] [Fatal Error] :1:1: Premature end of file.
2026-07-17 08:42:27,409 [ERROR] LogOutputStream:75 - [STDERR_REDIRECT] 
2026-07-17 08:42:28,412 [ERROR] LogOutputStream:75 - [STDERR_REDIRECT] [Fatal Error] :1:1: Premature end of file.
2026-07-17 08:42:28,412 [ERROR] LogOutputStream:75 - [STDERR_REDIRECT] 
2026-07-17 08:42:29,405 [ERROR] LogOutputStream:75 - [STDERR_REDIRECT] [Fatal Error] :1:1: Premature end of file.
2026-07-17 08:42:29,405 [ERROR] LogOutputStream:75 - [STDERR_REDIRECT] 
2026-07-17 08:42:30,409 [ERROR] LogOutputStream:75 - [STDERR_REDIRECT] [Fatal Error] :1:1: Premature end of file.
2026-07-17 08:42:30,409 [ERROR] LogOutputStream:75 - [STDERR_REDIRECT] 
2026-07-17 08:42:31,400 [ERROR] LogOutputStream:75 - [STDERR_REDIRECT] [Fatal Error] :1:1: Premature end of file.
2026-07-17 08:42:31,400 [ERROR] LogOutputStream:75 - [STDERR_REDIRECT] 
2026-07-17 08:42:32,390 [ERROR] LogOutputStream:75 - [STDERR_REDIRECT] [Fatal Error] :1:1: Premature end of file.
2026-07-17 08:42:32,390 [ERROR] LogOutputStream:75 - [STDERR_REDIRECT] 
2026-07-17 08:42:33,388 [ERROR] LogOutputStream:75 - [STDERR_REDIRECT] [Fatal Error] :1:1: Premature end of file.
2026-07-17 08:42:33,388 [ERROR] LogOutputStream:75 - [STDERR_REDIRECT] 
2026-07-17 08:42:34,403 [ERROR] LogOutputStream:75 - [STDERR_REDIRECT] [Fatal Error] :1:1: Premature end of file.
2026-07-17 08:42:34,403 [ERROR] LogOutputStream:75 - [STDERR_REDIRECT] 
2026-07-17 08:42:35,385 [ERROR] LogOutputStream:75 - [STDERR_REDIRECT] [Fatal Error] :1:1: Premature end of file.
2026-07-17 08:42:35,386 [ERROR] LogOutputStream:75 - [STDERR_REDIRECT] 
2026-07-17 08:42:36,383 [ERROR] LogOutputStream:75 - [STDERR_REDIRECT] [Fatal Error] :1:1: Premature end of file.
2026-07-17 08:42:36,384 [ERROR] LogOutputStream:75 - [STDERR_REDIRECT] 
2026-07-17 08:42:37,411 [ERROR] LogOutputStream:75 - [STDERR_REDIRECT] [Fatal Error] :1:1: Premature end of file.
2026-07-17 08:42:37,411 [ERROR] LogOutputStream:75 - [STDERR_REDIRECT] 
2026-07-17 08:42:38,407 [ERROR] LogOutputStream:75 - [STDERR_REDIRECT] [Fatal Error] :1:1: Premature end of file.
2026-07-17 08:42:38,408 [ERROR] LogOutputStream:75 - [STDERR_REDIRECT] 
2026-07-17 08:42:39,378 [ERROR] LogOutputStream:75 - [STDERR_REDIRECT] [Fatal Error] :1:1: Premature end of file.
2026-07-17 08:42:39,381 [ERROR] LogOutputStream:75 - [STDERR_REDIRECT] 
2026-07-17 08:42:40,383 [ERROR] LogOutputStream:75 - [STDERR_REDIRECT] [Fatal Error] :1:1: Premature end of file.
2026-07-17 08:42:40,384 [ERROR] LogOutputStream:75 - [STDERR_REDIRECT] 
2026-07-17 08:42:41,386 [ERROR] LogOutputStream:75 - [STDERR_REDIRECT] [Fatal Error] :1:1: Premature end of file.
2026-07-17 08:42:41,386 [ERROR] LogOutputStream:75 - [STDERR_REDIRECT] 
2026-07-17 08:42:42,396 [ERROR] LogOutputStream:75 - [STDERR_REDIRECT] [Fatal Error] :1:1: Premature end of file.
2026-07-17 08:42:42,396 [ERROR] LogOutputStream:75 - [STDERR_REDIRECT] 
2026-07-17 08:42:43,392 [ERROR] LogOutputStream:75 - [STDERR_REDIRECT] [Fatal Error] :1:1: Premature end of file.
2026-07-17 08:42:43,392 [ERROR] LogOutputStream:75 - [STDERR_REDIRECT] 
2026-07-17 08:42:44,390 [ERROR] LogOutputStream:75 - [STDERR_REDIRECT] [Fatal Error] :1:1: Premature end of file.
2026-07-17 08:42:44,390 [ERROR] LogOutputStream:75 - [STDERR_REDIRECT] 
2026-07-17 08:42:45,383 [ERROR] LogOutputStream:75 - [STDERR_REDIRECT] [Fatal Error] :1:1: Premature end of file.
2026-07-17 08:42:45,383 [ERROR] LogOutputStream:75 - [STDERR_REDIRECT] 
2026-07-17 08:42:46,399 [ERROR] LogOutputStream:75 - [STDERR_REDIRECT] [Fatal Error] :1:1: Premature end of file.
2026-07-17 08:42:46,399 [ERROR] LogOutputStream:75 - [STDERR_REDIRECT] 
2026-07-17 08:42:47,379 [ERROR] LogOutputStream:75 - [STDERR_REDIRECT] [Fatal Error] :1:1: Premature end of file.
2026-07-17 08:42:47,379 [ERROR] LogOutputStream:75 - [STDERR_REDIRECT] 
2026-07-17 08:42:48,389 [ERROR] LogOutputStream:75 - [STDERR_REDIRECT] [Fatal Error] :1:1: Premature end of file.
2026-07-17 08:42:48,389 [ERROR] LogOutputStream:75 - [STDERR_REDIRECT] 
2026-07-17 08:42:49,389 [ERROR] LogOutputStream:75 - [STDERR_REDIRECT] [Fatal Error] :1:1: Premature end of file.
2026-07-17 08:42:49,389 [ERROR] LogOutputStream:75 - [STDERR_REDIRECT] 
2026-07-17 08:42:50,385 [ERROR] LogOutputStream:75 - [STDERR_REDIRECT] [Fatal Error] :1:1: Premature end of file.
2026-07-17 08:42:50,385 [ERROR] LogOutputStream:75 - [STDERR_REDIRECT] 
2026-07-17 08:42:51,384 [ERROR] LogOutputStream:75 - [STDERR_REDIRECT] [Fatal Error] :1:1: Premature end of file.
2026-07-17 08:42:51,384 [ERROR] LogOutputStream:75 - [STDERR_REDIRECT] 
2026-07-17 08:42:52,394 [ERROR] LogOutputStream:75 - [STDERR_REDIRECT] [Fatal Error] :1:1: Premature end of file.
2026-07-17 08:42:52,394 [ERROR] LogOutputStream:75 - [STDERR_REDIRECT] 
2026-07-17 08:42:53,381 [ERROR] LogOutputStream:75 - [STDERR_REDIRECT] [Fatal Error] :1:1: Premature end of file.
2026-07-17 08:42:53,381 [ERROR] LogOutputStream:75 - [STDERR_REDIRECT] 
2026-07-17 08:42:54,389 [ERROR] LogOutputStream:75 - [STDERR_REDIRECT] [Fatal Error] :1:1: Premature end of file.
2026-07-17 08:42:54,389 [ERROR] LogOutputStream:75 - [STDERR_REDIRECT] 
2026-07-17 08:42:55,384 [ERROR] LogOutputStream:75 - [STDERR_REDIRECT] [Fatal Error] :1:1: Premature end of file.
2026-07-17 08:42:55,384 [ERROR] LogOutputStream:75 - [STDERR_REDIRECT] 
2026-07-17 08:42:56,389 [ERROR] LogOutputStream:75 - [STDERR_REDIRECT] [Fatal Error] :1:1: Premature end of file.
2026-07-17 08:42:56,389 [ERROR] LogOutputStream:75 - [STDERR_REDIRECT] 
2026-07-17 08:42:57,376 [ERROR] LogOutputStream:75 - [STDERR_REDIRECT] [Fatal Error] :1:1: Premature end of file.
2026-07-17 08:42:57,376 [ERROR] LogOutputStream:75 - [STDERR_REDIRECT] 
2026-07-17 08:42:58,384 [ERROR] LogOutputStream:75 - [STDERR_REDIRECT] [Fatal Error] :1:1: Premature end of file.
2026-07-17 08:42:58,384 [ERROR] LogOutputStream:75 - [STDERR_REDIRECT] 
2026-07-17 08:42:59,408 [ERROR] LogOutputStream:75 - [STDERR_REDIRECT] [Fatal Error] :1:1: Premature end of file.
2026-07-17 08:42:59,408 [ERROR] LogOutputStream:75 - [STDERR_REDIRECT] 
2026-07-17 08:43:00,388 [ERROR] LogOutputStream:75 - [STDERR_REDIRECT] [Fatal Error] :1:1: Premature end of file.
2026-07-17 08:43:00,388 [ERROR] LogOutputStream:75 - [STDERR_REDIRECT] 
2026-07-17 08:43:01,424 [ERROR] LogOutputStream:75 - [STDERR_REDIRECT] [Fatal Error] :1:1: Premature end of file.
2026-07-17 08:43:01,425 [ERROR] LogOutputStream:75 - [STDERR_REDIRECT] 
2026-07-17 08:43:02,408 [ERROR] LogOutputStream:75 - [STDERR_REDIRECT] [Fatal Error] :1:1: Premature end of file.
2026-07-17 08:43:02,408 [ERROR] LogOutputStream:75 - [STDERR_REDIRECT] 
2026-07-17 08:43:03,390 [ERROR] LogOutputStream:75 - [STDERR_REDIRECT] [Fatal Error] :1:1: Premature end of file.
2026-07-17 08:43:03,390 [ERROR] LogOutputStream:75 - [STDERR_REDIRECT] 
2026-07-17 08:43:04,393 [ERROR] LogOutputStream:75 - [STDERR_REDIRECT] [Fatal Error] :1:1: Premature end of file.
2026-07-17 08:43:04,393 [ERROR] LogOutputStream:75 - [STDERR_REDIRECT] 
2026-07-17 08:43:05,409 [ERROR] LogOutputStream:75 - [STDERR_REDIRECT] [Fatal Error] :1:1: Premature end of file.
2026-07-17 08:43:05,409 [ERROR] LogOutputStream:75 - [STDERR_REDIRECT] 
2026-07-17 08:43:06,408 [ERROR] LogOutputStream:75 - [STDERR_REDIRECT] [Fatal Error] :1:1: Premature end of file.
2026-07-17 08:43:06,408 [ERROR] LogOutputStream:75 - [STDERR_REDIRECT] 
2026-07-17 08:43:07,386 [ERROR] LogOutputStream:75 - [STDERR_REDIRECT] [Fatal Error] :1:1: Premature end of file.
2026-07-17 08:43:07,387 [ERROR] LogOutputStream:75 - [STDERR_REDIRECT] 
2026-07-17 08:43:08,384 [ERROR] LogOutputStream:75 - [STDERR_REDIRECT] [Fatal Error] :1:1: Premature end of file.
2026-07-17 08:43:08,384 [ERROR] LogOutputStream:75 - [STDERR_REDIRECT] 
2026-07-17 08:43:09,386 [ERROR] LogOutputStream:75 - [STDERR_REDIRECT] [Fatal Error] :1:1: Premature end of file.
2026-07-17 08:43:09,386 [ERROR] LogOutputStream:75 - [STDERR_REDIRECT] 
2026-07-17 08:43:10,382 [ERROR] LogOutputStream:75 - [STDERR_REDIRECT] [Fatal Error] :1:1: Premature end of file.
2026-07-17 08:43:10,382 [ERROR] LogOutputStream:75 - [STDERR_REDIRECT] 
2026-07-17 08:43:11,377 [ERROR] LogOutputStream:75 - [STDERR_REDIRECT] [Fatal Error] :1:1: Premature end of file.
2026-07-17 08:43:11,377 [ERROR] LogOutputStream:75 - [STDERR_REDIRECT] 
2026-07-17 08:43:12,384 [ERROR] LogOutputStream:75 - [STDERR_REDIRECT] [Fatal Error] :1:1: Premature end of file.
2026-07-17 08:43:12,384 [ERROR] LogOutputStream:75 - [STDERR_REDIRECT] 
2026-07-17 08:43:13,381 [ERROR] LogOutputStream:75 - [STDERR_REDIRECT] [Fatal Error] :1:1: Premature end of file.
2026-07-17 08:43:13,381 [ERROR] LogOutputStream:75 - [STDERR_REDIRECT] 
2026-07-17 08:43:14,389 [ERROR] LogOutputStream:75 - [STDERR_REDIRECT] [Fatal Error] :1:1: Premature end of file.
2026-07-17 08:43:14,389 [ERROR] LogOutputStream:75 - [STDERR_REDIRECT] 
2026-07-17 08:43:15,381 [ERROR] LogOutputStream:75 - [STDERR_REDIRECT] [Fatal Error] :1:1: Premature end of file.
2026-07-17 08:43:15,382 [ERROR] LogOutputStream:75 - [STDERR_REDIRECT] 
2026-07-17 08:43:16,389 [ERROR] LogOutputStream:75 - [STDERR_REDIRECT] [Fatal Error] :1:1: Premature end of file.
2026-07-17 08:43:16,389 [ERROR] LogOutputStream:75 - [STDERR_REDIRECT] 
2026-07-17 08:43:17,395 [ERROR] LogOutputStream:75 - [STDERR_REDIRECT] [Fatal Error] :1:1: Premature end of file.
2026-07-17 08:43:17,395 [ERROR] LogOutputStream:75 - [STDERR_REDIRECT] 
2026-07-17 08:43:18,379 [ERROR] LogOutputStream:75 - [STDERR_REDIRECT] [Fatal Error] :1:1: Premature end of file.
2026-07-17 08:43:18,379 [ERROR] LogOutputStream:75 - [STDERR_REDIRECT] 
2026-07-17 08:43:19,389 [ERROR] LogOutputStream:75 - [STDERR_REDIRECT] [Fatal Error] :1:1: Premature end of file.
2026-07-17 08:43:19,389 [ERROR] LogOutputStream:75 - [STDERR_REDIRECT] 
2026-07-17 08:43:20,399 [ERROR] LogOutputStream:75 - [STDERR_REDIRECT] [Fatal Error] :1:1: Premature end of file.
2026-07-17 08:43:20,399 [ERROR] LogOutputStream:75 - [STDERR_REDIRECT] 
2026-07-17 08:43:21,392 [ERROR] LogOutputStream:75 - [STDERR_REDIRECT] [Fatal Error] :1:1: Premature end of file.
2026-07-17 08:43:21,393 [ERROR] LogOutputStream:75 - [STDERR_REDIRECT] 
2026-07-17 08:43:22,384 [ERROR] LogOutputStream:75 - [STDERR_REDIRECT] [Fatal Error] :1:1: Premature end of file.
2026-07-17 08:43:22,384 [ERROR] LogOutputStream:75 - [STDERR_REDIRECT] 
2026-07-17 08:43:23,381 [ERROR] LogOutputStream:75 - [STDERR_REDIRECT] [Fatal Error] :1:1: Premature end of file.
2026-07-17 08:43:23,381 [ERROR] LogOutputStream:75 - [STDERR_REDIRECT] 
2026-07-17 08:43:24,383 [ERROR] LogOutputStream:75 - [STDERR_REDIRECT] [Fatal Error] :1:1: Premature end of file.
2026-07-17 08:43:24,384 [ERROR] LogOutputStream:75 - [STDERR_REDIRECT] 
2026-07-17 08:43:25,390 [ERROR] LogOutputStream:75 - [STDERR_REDIRECT] [Fatal Error] :1:1: Premature end of file.
2026-07-17 08:43:25,390 [ERROR] LogOutputStream:75 - [STDERR_REDIRECT] 
2026-07-17 08:43:26,401 [ERROR] LogOutputStream:75 - [STDERR_REDIRECT] [Fatal Error] :1:1: Premature end of file.
2026-07-17 08:43:26,401 [ERROR] LogOutputStream:75 - [STDERR_REDIRECT] 
2026-07-17 08:43:27,392 [ERROR] LogOutputStream:75 - [STDERR_REDIRECT] [Fatal Error] :1:1: Premature end of file.
2026-07-17 08:43:27,393 [ERROR] LogOutputStream:75 - [STDERR_REDIRECT] 
2026-07-17 08:43:28,381 [ERROR] LogOutputStream:75 - [STDERR_REDIRECT] [Fatal Error] :1:1: Premature end of file.
2026-07-17 08:43:28,382 [ERROR] LogOutputStream:75 - [STDERR_REDIRECT] 
2026-07-17 08:43:29,382 [ERROR] LogOutputStream:75 - [STDERR_REDIRECT] [Fatal Error] :1:1: Premature end of file.
2026-07-17 08:43:29,382 [ERROR] LogOutputStream:75 - [STDERR_REDIRECT] 
2026-07-17 08:43:30,394 [ERROR] LogOutputStream:75 - [STDERR_REDIRECT] [Fatal Error] :1:1: Premature end of file.
2026-07-17 08:43:30,394 [ERROR] LogOutputStream:75 - [STDERR_REDIRECT] 
2026-07-17 08:43:31,385 [ERROR] LogOutputStream:75 - [STDERR_REDIRECT] [Fatal Error] :1:1: Premature end of file.
2026-07-17 08:43:31,385 [ERROR] LogOutputStream:75 - [STDERR_REDIRECT] 
2026-07-17 08:43:32,400 [ERROR] LogOutputStream:75 - [STDERR_REDIRECT] [Fatal Error] :1:1: Premature end of file.
2026-07-17 08:43:32,401 [ERROR] LogOutputStream:75 - [STDERR_REDIRECT] 
2026-07-17 08:43:33,390 [ERROR] LogOutputStream:75 - [STDERR_REDIRECT] [Fatal Error] :1:1: Premature end of file.
2026-07-17 08:43:33,390 [ERROR] LogOutputStream:75 - [STDERR_REDIRECT] 
2026-07-17 08:43:34,397 [ERROR] LogOutputStream:75 - [STDERR_REDIRECT] [Fatal Error] :1:1: Premature end of file.
2026-07-17 08:43:34,397 [ERROR] LogOutputStream:75 - [STDERR_REDIRECT] 
2026-07-17 08:43:35,384 [ERROR] LogOutputStream:75 - [STDERR_REDIRECT] [Fatal Error] :1:1: Premature end of file.
2026-07-17 08:43:35,384 [ERROR] LogOutputStream:75 - [STDERR_REDIRECT] 
2026-07-17 08:43:36,378 [ERROR] LogOutputStream:75 - [STDERR_REDIRECT] [Fatal Error] :1:1: Premature end of file.
2026-07-17 08:43:36,379 [ERROR] LogOutputStream:75 - [STDERR_REDIRECT] 
2026-07-17 08:43:37,396 [ERROR] LogOutputStream:75 - [STDERR_REDIRECT] [Fatal Error] :1:1: Premature end of file.
2026-07-17 08:43:37,397 [ERROR] LogOutputStream:75 - [STDERR_REDIRECT] 
2026-07-17 08:43:38,399 [ERROR] LogOutputStream:75 - [STDERR_REDIRECT] [Fatal Error] :1:1: Premature end of file.
2026-07-17 08:43:38,399 [ERROR] LogOutputStream:75 - [STDERR_REDIRECT] 
2026-07-17 08:43:39,397 [ERROR] LogOutputStream:75 - [STDERR_REDIRECT] [Fatal Error] :1:1: Premature end of file.
2026-07-17 08:43:39,397 [ERROR] LogOutputStream:75 - [STDERR_REDIRECT] 
2026-07-17 08:43:40,404 [ERROR] LogOutputStream:75 - [STDERR_REDIRECT] [Fatal Error] :1:1: Premature end of file.
2026-07-17 08:43:40,404 [ERROR] LogOutputStream:75 - [STDERR_REDIRECT] 
2026-07-17 08:43:41,395 [ERROR] LogOutputStream:75 - [STDERR_REDIRECT] [Fatal Error] :1:1: Premature end of file.
2026-07-17 08:43:41,395 [ERROR] LogOutputStream:75 - [STDERR_REDIRECT] 
2026-07-17 08:43:42,394 [ERROR] LogOutputStream:75 - [STDERR_REDIRECT] [Fatal Error] :1:1: Premature end of file.
2026-07-17 08:43:42,395 [ERROR] LogOutputStream:75 - [STDERR_REDIRECT] 
2026-07-17 08:43:43,393 [ERROR] LogOutputStream:75 - [STDERR_REDIRECT] [Fatal Error] :1:1: Premature end of file.
2026-07-17 08:43:43,393 [ERROR] LogOutputStream:75 - [STDERR_REDIRECT] 
2026-07-17 08:43:44,380 [ERROR] LogOutputStream:75 - [STDERR_REDIRECT] [Fatal Error] :1:1: Premature end of file.
2026-07-17 08:43:44,380 [ERROR] LogOutputStream:75 - [STDERR_REDIRECT] 
2026-07-17 08:43:45,391 [ERROR] LogOutputStream:75 - [STDERR_REDIRECT] [Fatal Error] :1:1: Premature end of file.
2026-07-17 08:43:45,391 [ERROR] LogOutputStream:75 - [STDERR_REDIRECT] 
2026-07-17 08:43:46,405 [ERROR] LogOutputStream:75 - [STDERR_REDIRECT] [Fatal Error] :1:1: Premature end of file.
2026-07-17 08:43:46,405 [ERROR] LogOutputStream:75 - [STDERR_REDIRECT] 
2026-07-17 08:43:47,396 [ERROR] LogOutputStream:75 - [STDERR_REDIRECT] [Fatal Error] :1:1: Premature end of file.
2026-07-17 08:43:47,396 [ERROR] LogOutputStream:75 - [STDERR_REDIRECT] 
2026-07-17 08:43:48,425 [ERROR] LogOutputStream:75 - [STDERR_REDIRECT] [Fatal Error] :1:1: Premature end of file.
2026-07-17 08:43:48,425 [ERROR] LogOutputStream:75 - [STDERR_REDIRECT] 
2026-07-17 08:43:49,389 [ERROR] LogOutputStream:75 - [STDERR_REDIRECT] [Fatal Error] :1:1: Premature end of file.
2026-07-17 08:43:49,389 [ERROR] LogOutputStream:75 - [STDERR_REDIRECT] 
2026-07-17 08:43:50,391 [ERROR] LogOutputStream:75 - [STDERR_REDIRECT] [Fatal Error] :1:1: Premature end of file.
2026-07-17 08:43:50,391 [ERROR] LogOutputStream:75 - [STDERR_REDIRECT] 
2026-07-17 08:43:51,423 [ERROR] LogOutputStream:75 - [STDERR_REDIRECT] [Fatal Error] :1:1: Premature end of file.
2026-07-17 08:43:51,423 [ERROR] LogOutputStream:75 - [STDERR_REDIRECT] 
2026-07-17 08:43:52,388 [ERROR] LogOutputStream:75 - [STDERR_REDIRECT] [Fatal Error] :1:1: Premature end of file.
2026-07-17 08:43:52,388 [ERROR] LogOutputStream:75 - [STDERR_REDIRECT] 
2026-07-17 08:43:53,392 [ERROR] LogOutputStream:75 - [STDERR_REDIRECT] [Fatal Error] :1:1: Premature end of file.
2026-07-17 08:43:53,392 [ERROR] LogOutputStream:75 - [STDERR_REDIRECT] 
2026-07-17 08:43:54,384 [ERROR] LogOutputStream:75 - [STDERR_REDIRECT] [Fatal Error] :1:1: Premature end of file.
2026-07-17 08:43:54,384 [ERROR] LogOutputStream:75 - [STDERR_REDIRECT] 
2026-07-17 08:43:55,403 [ERROR] LogOutputStream:75 - [STDERR_REDIRECT] [Fatal Error] :1:1: Premature end of file.
2026-07-17 08:43:55,403 [ERROR] LogOutputStream:75 - [STDERR_REDIRECT] 
2026-07-17 08:43:56,386 [ERROR] LogOutputStream:75 - [STDERR_REDIRECT] [Fatal Error] :1:1: Premature end of file.
2026-07-17 08:43:56,386 [ERROR] LogOutputStream:75 - [STDERR_REDIRECT] 
2026-07-17 08:43:57,385 [ERROR] LogOutputStream:75 - [STDERR_REDIRECT] [Fatal Error] :1:1: Premature end of file.
2026-07-17 08:43:57,385 [ERROR] LogOutputStream:75 - [STDERR_REDIRECT] 
2026-07-17 08:43:58,382 [ERROR] LogOutputStream:75 - [STDERR_REDIRECT] [Fatal Error] :1:1: Premature end of file.
2026-07-17 08:43:58,382 [ERROR] LogOutputStream:75 - [STDERR_REDIRECT] 
2026-07-17 08:43:59,390 [ERROR] LogOutputStream:75 - [STDERR_REDIRECT] [Fatal Error] :1:1: Premature end of file.
2026-07-17 08:43:59,390 [ERROR] LogOutputStream:75 - [STDERR_REDIRECT] 
2026-07-17 08:44:00,413 [ERROR] LogOutputStream:75 - [STDERR_REDIRECT] [Fatal Error] :1:1: Premature end of file.
2026-07-17 08:44:00,413 [ERROR] LogOutputStream:75 - [STDERR_REDIRECT] 
2026-07-17 08:44:01,397 [ERROR] LogOutputStream:75 - [STDERR_REDIRECT] [Fatal Error] :1:1: Premature end of file.
2026-07-17 08:44:01,397 [ERROR] LogOutputStream:75 - [STDERR_REDIRECT] 
2026-07-17 08:44:02,391 [ERROR] LogOutputStream:75 - [STDERR_REDIRECT] [Fatal Error] :1:1: Premature end of file.
2026-07-17 08:44:02,391 [ERROR] LogOutputStream:75 - [STDERR_REDIRECT] 
2026-07-17 08:44:03,403 [ERROR] LogOutputStream:75 - [STDERR_REDIRECT] [Fatal Error] :1:1: Premature end of file.
2026-07-17 08:44:03,403 [ERROR] LogOutputStream:75 - [STDERR_REDIRECT] 
2026-07-17 08:44:04,439 [ERROR] LogOutputStream:75 - [STDERR_REDIRECT] [Fatal Error] :1:1: Premature end of file.
2026-07-17 08:44:04,439 [ERROR] LogOutputStream:75 - [STDERR_REDIRECT] 
2026-07-17 08:44:05,379 [ERROR] LogOutputStream:75 - [STDERR_REDIRECT] [Fatal Error] :1:1: Premature end of file.
2026-07-17 08:44:05,379 [ERROR] LogOutputStream:75 - [STDERR_REDIRECT] 
2026-07-17 08:44:06,388 [ERROR] LogOutputStream:75 - [STDERR_REDIRECT] [Fatal Error] :1:1: Premature end of file.
2026-07-17 08:44:06,388 [ERROR] LogOutputStream:75 - [STDERR_REDIRECT] 
2026-07-17 08:44:07,396 [ERROR] LogOutputStream:75 - [STDERR_REDIRECT] [Fatal Error] :1:1: Premature end of file.
2026-07-17 08:44:07,396 [ERROR] LogOutputStream:75 - [STDERR_REDIRECT] 
2026-07-17 08:44:08,389 [ERROR] LogOutputStream:75 - [STDERR_REDIRECT] [Fatal Error] :1:1: Premature end of file.
2026-07-17 08:44:08,389 [ERROR] LogOutputStream:75 - [STDERR_REDIRECT] 
2026-07-17 08:44:09,387 [ERROR] LogOutputStream:75 - [STDERR_REDIRECT] [Fatal Error] :1:1: Premature end of file.
2026-07-17 08:44:09,387 [ERROR] LogOutputStream:75 - [STDERR_REDIRECT] 
2026-07-17 08:44:10,382 [ERROR] LogOutputStream:75 - [STDERR_REDIRECT] [Fatal Error] :1:1: Premature end of file.
2026-07-17 08:44:10,382 [ERROR] LogOutputStream:75 - [STDERR_REDIRECT] 
2026-07-17 08:44:11,382 [ERROR] LogOutputStream:75 - [STDERR_REDIRECT] [Fatal Error] :1:1: Premature end of file.
2026-07-17 08:44:11,382 [ERROR] LogOutputStream:75 - [STDERR_REDIRECT] 
2026-07-17 08:44:12,381 [ERROR] LogOutputStream:75 - [STDERR_REDIRECT] [Fatal Error] :1:1: Premature end of file.
2026-07-17 08:44:12,381 [ERROR] LogOutputStream:75 - [STDERR_REDIRECT] 
2026-07-17 08:44:13,385 [ERROR] LogOutputStream:75 - [STDERR_REDIRECT] [Fatal Error] :1:1: Premature end of file.
2026-07-17 08:44:13,385 [ERROR] LogOutputStream:75 - [STDERR_REDIRECT] 
2026-07-17 08:44:14,384 [ERROR] LogOutputStream:75 - [STDERR_REDIRECT] [Fatal Error] :1:1: Premature end of file.
2026-07-17 08:44:14,385 [ERROR] LogOutputStream:75 - [STDERR_REDIRECT] 
2026-07-17 08:44:15,393 [ERROR] LogOutputStream:75 - [STDERR_REDIRECT] [Fatal Error] :1:1: Premature end of file.
2026-07-17 08:44:15,393 [ERROR] LogOutputStream:75 - [STDERR_REDIRECT] 
2026-07-17 08:44:16,381 [ERROR] LogOutputStream:75 - [STDERR_REDIRECT] [Fatal Error] :1:1: Premature end of file.
2026-07-17 08:44:16,381 [ERROR] LogOutputStream:75 - [STDERR_REDIRECT] 
2026-07-17 08:44:17,399 [ERROR] LogOutputStream:75 - [STDERR_REDIRECT] [Fatal Error] :1:1: Premature end of file.
2026-07-17 08:44:17,399 [ERROR] LogOutputStream:75 - [STDERR_REDIRECT] 
2026-07-17 08:44:18,381 [ERROR] LogOutputStream:75 - [STDERR_REDIRECT] [Fatal Error] :1:1: Premature end of file.
2026-07-17 08:44:18,381 [ERROR] LogOutputStream:75 - [STDERR_REDIRECT] 
2026-07-17 08:44:19,386 [ERROR] LogOutputStream:75 - [STDERR_REDIRECT] [Fatal Error] :1:1: Premature end of file.
2026-07-17 08:44:19,387 [ERROR] LogOutputStream:75 - [STDERR_REDIRECT] 
2026-07-17 08:44:20,389 [ERROR] LogOutputStream:75 - [STDERR_REDIRECT] [Fatal Error] :1:1: Premature end of file.
2026-07-17 08:44:20,389 [ERROR] LogOutputStream:75 - [STDERR_REDIRECT] 
2026-07-17 08:44:21,388 [ERROR] LogOutputStream:75 - [STDERR_REDIRECT] [Fatal Error] :1:1: Premature end of file.
2026-07-17 08:44:21,388 [ERROR] LogOutputStream:75 - [STDERR_REDIRECT] 
2026-07-17 08:44:22,382 [ERROR] LogOutputStream:75 - [STDERR_REDIRECT] [Fatal Error] :1:1: Premature end of file.
2026-07-17 08:44:22,384 [ERROR] LogOutputStream:75 - [STDERR_REDIRECT] 
2026-07-17 08:44:23,389 [ERROR] LogOutputStream:75 - [STDERR_REDIRECT] [Fatal Error] :1:1: Premature end of file.
2026-07-17 08:44:23,389 [ERROR] LogOutputStream:75 - [STDERR_REDIRECT] 
2026-07-17 08:44:24,391 [ERROR] LogOutputStream:75 - [STDERR_REDIRECT] [Fatal Error] :1:1: Premature end of file.
2026-07-17 08:44:24,391 [ERROR] LogOutputStream:75 - [STDERR_REDIRECT] 
2026-07-17 08:44:25,388 [ERROR] LogOutputStream:75 - [STDERR_REDIRECT] [Fatal Error] :1:1: Premature end of file.
2026-07-17 08:44:25,388 [ERROR] LogOutputStream:75 - [STDERR_REDIRECT] 
2026-07-17 08:44:26,389 [ERROR] LogOutputStream:75 - [STDERR_REDIRECT] [Fatal Error] :1:1: Premature end of file.
2026-07-17 08:44:26,389 [ERROR] LogOutputStream:75 - [STDERR_REDIRECT] 
2026-07-17 08:44:27,401 [ERROR] LogOutputStream:75 - [STDERR_REDIRECT] [Fatal Error] :1:1: Premature end of file.
2026-07-17 08:44:27,401 [ERROR] LogOutputStream:75 - [STDERR_REDIRECT] 
2026-07-17 08:44:28,381 [ERROR] LogOutputStream:75 - [STDERR_REDIRECT] [Fatal Error] :1:1: Premature end of file.
2026-07-17 08:44:28,381 [ERROR] LogOutputStream:75 - [STDERR_REDIRECT] 
2026-07-17 08:44:29,379 [ERROR] LogOutputStream:75 - [STDERR_REDIRECT] [Fatal Error] :1:1: Premature end of file.
2026-07-17 08:44:29,379 [ERROR] LogOutputStream:75 - [STDERR_REDIRECT] 
2026-07-17 08:44:30,382 [ERROR] LogOutputStream:75 - [STDERR_REDIRECT] [Fatal Error] :1:1: Premature end of file.
2026-07-17 08:44:30,382 [ERROR] LogOutputStream:75 - [STDERR_REDIRECT] 
2026-07-17 08:44:31,383 [ERROR] LogOutputStream:75 - [STDERR_REDIRECT] [Fatal Error] :1:1: Premature end of file.
2026-07-17 08:44:31,383 [ERROR] LogOutputStream:75 - [STDERR_REDIRECT] 
2026-07-17 08:44:32,384 [ERROR] LogOutputStream:75 - [STDERR_REDIRECT] [Fatal Error] :1:1: Premature end of file.
2026-07-17 08:44:32,384 [ERROR] LogOutputStream:75 - [STDERR_REDIRECT] 
2026-07-17 08:44:33,382 [ERROR] LogOutputStream:75 - [STDERR_REDIRECT] [Fatal Error] :1:1: Premature end of file.
2026-07-17 08:44:33,382 [ERROR] LogOutputStream:75 - [STDERR_REDIRECT] 
2026-07-17 08:44:34,384 [ERROR] LogOutputStream:75 - [STDERR_REDIRECT] [Fatal Error] :1:1: Premature end of file.
2026-07-17 08:44:34,384 [ERROR] LogOutputStream:75 - [STDERR_REDIRECT] 
2026-07-17 08:44:35,392 [ERROR] LogOutputStream:75 - [STDERR_REDIRECT] [Fatal Error] :1:1: Premature end of file.
2026-07-17 08:44:35,392 [ERROR] LogOutputStream:75 - [STDERR_REDIRECT] 
2026-07-17 08:44:36,393 [ERROR] LogOutputStream:75 - [STDERR_REDIRECT] [Fatal Error] :1:1: Premature end of file.
2026-07-17 08:44:36,393 [ERROR] LogOutputStream:75 - [STDERR_REDIRECT] 
2026-07-17 08:44:37,385 [ERROR] LogOutputStream:75 - [STDERR_REDIRECT] [Fatal Error] :1:1: Premature end of file.
2026-07-17 08:44:37,385 [ERROR] LogOutputStream:75 - [STDERR_REDIRECT] 
2026-07-17 08:44:38,391 [ERROR] LogOutputStream:75 - [STDERR_REDIRECT] [Fatal Error] :1:1: Premature end of file.
2026-07-17 08:44:38,391 [ERROR] LogOutputStream:75 - [STDERR_REDIRECT] 
2026-07-17 08:44:39,387 [ERROR] LogOutputStream:75 - [STDERR_REDIRECT] [Fatal Error] :1:1: Premature end of file.
2026-07-17 08:44:39,387 [ERROR] LogOutputStream:75 - [STDERR_REDIRECT] 
2026-07-17 08:44:40,387 [ERROR] LogOutputStream:75 - [STDERR_REDIRECT] [Fatal Error] :1:1: Premature end of file.
2026-07-17 08:44:40,387 [ERROR] LogOutputStream:75 - [STDERR_REDIRECT] 
2026-07-17 08:44:41,389 [ERROR] LogOutputStream:75 - [STDERR_REDIRECT] [Fatal Error] :1:1: Premature end of file.
2026-07-17 08:44:41,389 [ERROR] LogOutputStream:75 - [STDERR_REDIRECT] 
2026-07-17 08:44:42,399 [ERROR] LogOutputStream:75 - [STDERR_REDIRECT] [Fatal Error] :1:1: Premature end of file.
2026-07-17 08:44:42,399 [ERROR] LogOutputStream:75 - [STDERR_REDIRECT] 
2026-07-17 08:44:43,393 [ERROR] LogOutputStream:75 - [STDERR_REDIRECT] [Fatal Error] :1:1: Premature end of file.
2026-07-17 08:44:43,393 [ERROR] LogOutputStream:75 - [STDERR_REDIRECT] 
2026-07-17 08:44:44,394 [ERROR] LogOutputStream:75 - [STDERR_REDIRECT] [Fatal Error] :1:1: Premature end of file.
2026-07-17 08:44:44,394 [ERROR] LogOutputStream:75 - [STDERR_REDIRECT] 
2026-07-17 08:44:45,409 [ERROR] LogOutputStream:75 - [STDERR_REDIRECT] [Fatal Error] :1:1: Premature end of file.
2026-07-17 08:44:45,409 [ERROR] LogOutputStream:75 - [STDERR_REDIRECT] 
2026-07-17 08:44:46,404 [ERROR] LogOutputStream:75 - [STDERR_REDIRECT] [Fatal Error] :1:1: Premature end of file.
2026-07-17 08:44:46,404 [ERROR] LogOutputStream:75 - [STDERR_REDIRECT] 
2026-07-17 08:44:47,394 [ERROR] LogOutputStream:75 - [STDERR_REDIRECT] [Fatal Error] :1:1: Premature end of file.
2026-07-17 08:44:47,394 [ERROR] LogOutputStream:75 - [STDERR_REDIRECT] 
2026-07-17 08:44:48,413 [ERROR] LogOutputStream:75 - [STDERR_REDIRECT] [Fatal Error] :1:1: Premature end of file.
2026-07-17 08:44:48,413 [ERROR] LogOutputStream:75 - [STDERR_REDIRECT] 
2026-07-17 08:44:49,374 [ERROR] LogOutputStream:75 - [STDERR_REDIRECT] [Fatal Error] :1:1: Premature end of file.
2026-07-17 08:44:49,374 [ERROR] LogOutputStream:75 - [STDERR_REDIRECT] 
2026-07-17 08:44:50,389 [ERROR] LogOutputStream:75 - [STDERR_REDIRECT] [Fatal Error] :1:1: Premature end of file.
2026-07-17 08:44:50,389 [ERROR] LogOutputStream:75 - [STDERR_REDIRECT] 
2026-07-17 08:44:51,422 [ERROR] LogOutputStream:75 - [STDERR_REDIRECT] [Fatal Error] :1:1: Premature end of file.
2026-07-17 08:44:51,422 [ERROR] LogOutputStream:75 - [STDERR_REDIRECT] 
2026-07-17 08:44:52,394 [ERROR] LogOutputStream:75 - [STDERR_REDIRECT] [Fatal Error] :1:1: Premature end of file.
2026-07-17 08:44:52,395 [ERROR] LogOutputStream:75 - [STDERR_REDIRECT] 
2026-07-17 08:44:53,410 [ERROR] LogOutputStream:75 - [STDERR_REDIRECT] [Fatal Error] :1:1: Premature end of file.
2026-07-17 08:44:53,411 [ERROR] LogOutputStream:75 - [STDERR_REDIRECT] 
2026-07-17 08:44:54,413 [ERROR] LogOutputStream:75 - [STDERR_REDIRECT] [Fatal Error] :1:1: Premature end of file.
2026-07-17 08:44:54,413 [ERROR] LogOutputStream:75 - [STDERR_REDIRECT] 
2026-07-17 08:44:55,388 [ERROR] LogOutputStream:75 - [STDERR_REDIRECT] [Fatal Error] :1:1: Premature end of file.
2026-07-17 08:44:55,388 [ERROR] LogOutputStream:75 - [STDERR_REDIRECT] 
2026-07-17 08:44:56,400 [ERROR] LogOutputStream:75 - [STDERR_REDIRECT] [Fatal Error] :1:1: Premature end of file.
2026-07-17 08:44:56,400 [ERROR] LogOutputStream:75 - [STDERR_REDIRECT] 
2026-07-17 08:44:57,409 [ERROR] LogOutputStream:75 - [STDERR_REDIRECT] [Fatal Error] :1:1: Premature end of file.
2026-07-17 08:44:57,409 [ERROR] LogOutputStream:75 - [STDERR_REDIRECT] 
2026-07-17 08:44:58,394 [ERROR] LogOutputStream:75 - [STDERR_REDIRECT] [Fatal Error] :1:1: Premature end of file.
2026-07-17 08:44:58,394 [ERROR] LogOutputStream:75 - [STDERR_REDIRECT] 
2026-07-17 08:44:59,393 [ERROR] LogOutputStream:75 - [STDERR_REDIRECT] [Fatal Error] :1:1: Premature end of file.
2026-07-17 08:44:59,393 [ERROR] LogOutputStream:75 - [STDERR_REDIRECT] 
2026-07-17 08:45:00,395 [ERROR] LogOutputStream:75 - [STDERR_REDIRECT] [Fatal Error] :1:1: Premature end of file.
2026-07-17 08:45:00,396 [ERROR] LogOutputStream:75 - [STDERR_REDIRECT] 
2026-07-17 08:45:01,395 [ERROR] LogOutputStream:75 - [STDERR_REDIRECT] [Fatal Error] :1:1: Premature end of file.
2026-07-17 08:45:01,395 [ERROR] LogOutputStream:75 - [STDERR_REDIRECT] 
2026-07-17 08:45:02,400 [ERROR] LogOutputStream:75 - [STDERR_REDIRECT] [Fatal Error] :1:1: Premature end of file.
2026-07-17 08:45:02,400 [ERROR] LogOutputStream:75 - [STDERR_REDIRECT] 
2026-07-17 08:45:03,396 [ERROR] LogOutputStream:75 - [STDERR_REDIRECT] [Fatal Error] :1:1: Premature end of file.
2026-07-17 08:45:03,396 [ERROR] LogOutputStream:75 - [STDERR_REDIRECT] 
2026-07-17 08:45:04,394 [ERROR] LogOutputStream:75 - [STDERR_REDIRECT] [Fatal Error] :1:1: Premature end of file.
2026-07-17 08:45:04,394 [ERROR] LogOutputStream:75 - [STDERR_REDIRECT] 
2026-07-17 08:45:05,381 [ERROR] LogOutputStream:75 - [STDERR_REDIRECT] [Fatal Error] :1:1: Premature end of file.
2026-07-17 08:45:05,381 [ERROR] LogOutputStream:75 - [STDERR_REDIRECT] 
2026-07-17 08:45:06,384 [ERROR] LogOutputStream:75 - [STDERR_REDIRECT] [Fatal Error] :1:1: Premature end of file.
2026-07-17 08:45:06,384 [ERROR] LogOutputStream:75 - [STDERR_REDIRECT] 
2026-07-17 08:45:07,386 [ERROR] LogOutputStream:75 - [STDERR_REDIRECT] [Fatal Error] :1:1: Premature end of file.
2026-07-17 08:45:07,387 [ERROR] LogOutputStream:75 - [STDERR_REDIRECT] 
2026-07-17 08:45:08,401 [ERROR] LogOutputStream:75 - [STDERR_REDIRECT] [Fatal Error] :1:1: Premature end of file.
2026-07-17 08:45:08,401 [ERROR] LogOutputStream:75 - [STDERR_REDIRECT] 
2026-07-17 08:45:09,385 [ERROR] LogOutputStream:75 - [STDERR_REDIRECT] [Fatal Error] :1:1: Premature end of file.
2026-07-17 08:45:09,385 [ERROR] LogOutputStream:75 - [STDERR_REDIRECT] 
2026-07-17 08:45:10,390 [ERROR] LogOutputStream:75 - [STDERR_REDIRECT] [Fatal Error] :1:1: Premature end of file.
2026-07-17 08:45:10,390 [ERROR] LogOutputStream:75 - [STDERR_REDIRECT] 
2026-07-17 08:45:11,384 [ERROR] LogOutputStream:75 - [STDERR_REDIRECT] [Fatal Error] :1:1: Premature end of file.
2026-07-17 08:45:11,384 [ERROR] LogOutputStream:75 - [STDERR_REDIRECT] 
2026-07-17 08:45:12,392 [ERROR] LogOutputStream:75 - [STDERR_REDIRECT] [Fatal Error] :1:1: Premature end of file.
2026-07-17 08:45:12,392 [ERROR] LogOutputStream:75 - [STDERR_REDIRECT] 
2026-07-17 08:45:13,380 [ERROR] LogOutputStream:75 - [STDERR_REDIRECT] [Fatal Error] :1:1: Premature end of file.
2026-07-17 08:45:13,380 [ERROR] LogOutputStream:75 - [STDERR_REDIRECT] 
2026-07-17 08:45:14,386 [ERROR] LogOutputStream:75 - [STDERR_REDIRECT] [Fatal Error] :1:1: Premature end of file.
2026-07-17 08:45:14,387 [ERROR] LogOutputStream:75 - [STDERR_REDIRECT] 
2026-07-17 08:45:15,387 [ERROR] LogOutputStream:75 - [STDERR_REDIRECT] [Fatal Error] :1:1: Premature end of file.
2026-07-17 08:45:15,387 [ERROR] LogOutputStream:75 - [STDERR_REDIRECT] 
2026-07-17 08:45:16,388 [ERROR] LogOutputStream:75 - [STDERR_REDIRECT] [Fatal Error] :1:1: Premature end of file.
2026-07-17 08:45:16,388 [ERROR] LogOutputStream:75 - [STDERR_REDIRECT] 
2026-07-17 08:45:17,386 [ERROR] LogOutputStream:75 - [STDERR_REDIRECT] [Fatal Error] :1:1: Premature end of file.
2026-07-17 08:45:17,386 [ERROR] LogOutputStream:75 - [STDERR_REDIRECT] 
2026-07-17 08:45:18,383 [ERROR] LogOutputStream:75 - [STDERR_REDIRECT] [Fatal Error] :1:1: Premature end of file.
2026-07-17 08:45:18,384 [ERROR] LogOutputStream:75 - [STDERR_REDIRECT] 
2026-07-17 08:45:19,384 [ERROR] LogOutputStream:75 - [STDERR_REDIRECT] [Fatal Error] :1:1: Premature end of file.
2026-07-17 08:45:19,384 [ERROR] LogOutputStream:75 - [STDERR_REDIRECT] 
2026-07-17 08:45:20,406 [ERROR] LogOutputStream:75 - [STDERR_REDIRECT] [Fatal Error] :1:1: Premature end of file.
2026-07-17 08:45:20,406 [ERROR] LogOutputStream:75 - [STDERR_REDIRECT] 
2026-07-17 08:45:21,380 [ERROR] LogOutputStream:75 - [STDERR_REDIRECT] [Fatal Error] :1:1: Premature end of file.
2026-07-17 08:45:21,380 [ERROR] LogOutputStream:75 - [STDERR_REDIRECT] 
2026-07-17 08:45:22,410 [ERROR] LogOutputStream:75 - [STDERR_REDIRECT] [Fatal Error] :1:1: Premature end of file.
2026-07-17 08:45:22,410 [ERROR] LogOutputStream:75 - [STDERR_REDIRECT] 
2026-07-17 08:45:23,419 [ERROR] LogOutputStream:75 - [STDERR_REDIRECT] [Fatal Error] :1:1: Premature end of file.
2026-07-17 08:45:23,420 [ERROR] LogOutputStream:75 - [STDERR_REDIRECT] 
2026-07-17 08:45:24,384 [ERROR] LogOutputStream:75 - [STDERR_REDIRECT] [Fatal Error] :1:1: Premature end of file.
2026-07-17 08:45:24,385 [ERROR] LogOutputStream:75 - [STDERR_REDIRECT] 
2026-07-17 08:45:25,376 [ERROR] LogOutputStream:75 - [STDERR_REDIRECT] [Fatal Error] :1:1: Premature end of file.
2026-07-17 08:45:25,376 [ERROR] LogOutputStream:75 - [STDERR_REDIRECT] 
2026-07-17 08:45:26,381 [ERROR] LogOutputStream:75 - [STDERR_REDIRECT] [Fatal Error] :1:1: Premature end of file.
2026-07-17 08:45:26,381 [ERROR] LogOutputStream:75 - [STDERR_REDIRECT] 
2026-07-17 08:45:27,379 [ERROR] LogOutputStream:75 - [STDERR_REDIRECT] [Fatal Error] :1:1: Premature end of file.
2026-07-17 08:45:27,379 [ERROR] LogOutputStream:75 - [STDERR_REDIRECT] 
2026-07-17 08:45:28,372 [ERROR] LogOutputStream:75 - [STDERR_REDIRECT] [Fatal Error] :1:1: Premature end of file.
2026-07-17 08:45:28,374 [ERROR] LogOutputStream:75 - [STDERR_REDIRECT] 
2026-07-17 08:45:29,374 [ERROR] LogOutputStream:75 - [STDERR_REDIRECT] [Fatal Error] :1:1: Premature end of file.
2026-07-17 08:45:29,375 [ERROR] LogOutputStream:75 - [STDERR_REDIRECT] 
2026-07-17 08:45:30,389 [ERROR] LogOutputStream:75 - [STDERR_REDIRECT] [Fatal Error] :1:1: Premature end of file.
2026-07-17 08:45:30,389 [ERROR] LogOutputStream:75 - [STDERR_REDIRECT] 
2026-07-17 08:45:31,380 [ERROR] LogOutputStream:75 - [STDERR_REDIRECT] [Fatal Error] :1:1: Premature end of file.
2026-07-17 08:45:31,380 [ERROR] LogOutputStream:75 - [STDERR_REDIRECT] 
2026-07-17 08:45:32,382 [ERROR] LogOutputStream:75 - [STDERR_REDIRECT] [Fatal Error] :1:1: Premature end of file.
2026-07-17 08:45:32,382 [ERROR] LogOutputStream:75 - [STDERR_REDIRECT] 
2026-07-17 08:45:33,376 [ERROR] LogOutputStream:75 - [STDERR_REDIRECT] [Fatal Error] :1:1: Premature end of file.
2026-07-17 08:45:33,376 [ERROR] LogOutputStream:75 - [STDERR_REDIRECT] 
2026-07-17 08:45:34,383 [ERROR] LogOutputStream:75 - [STDERR_REDIRECT] [Fatal Error] :1:1: Premature end of file.
2026-07-17 08:45:34,383 [ERROR] LogOutputStream:75 - [STDERR_REDIRECT] 
2026-07-17 08:45:35,377 [ERROR] LogOutputStream:75 - [STDERR_REDIRECT] [Fatal Error] :1:1: Premature end of file.
2026-07-17 08:45:35,377 [ERROR] LogOutputStream:75 - [STDERR_REDIRECT] 
2026-07-17 08:45:36,417 [ERROR] LogOutputStream:75 - [STDERR_REDIRECT] [Fatal Error] :1:1: Premature end of file.
2026-07-17 08:45:36,417 [ERROR] LogOutputStream:75 - [STDERR_REDIRECT] 
2026-07-17 08:45:37,377 [ERROR] LogOutputStream:75 - [STDERR_REDIRECT] [Fatal Error] :1:1: Premature end of file.
2026-07-17 08:45:37,378 [ERROR] LogOutputStream:75 - [STDERR_REDIRECT] 
2026-07-17 08:45:38,374 [ERROR] LogOutputStream:75 - [STDERR_REDIRECT] [Fatal Error] :1:1: Premature end of file.
2026-07-17 08:45:38,374 [ERROR] LogOutputStream:75 - [STDERR_REDIRECT] 
2026-07-17 08:45:39,380 [ERROR] LogOutputStream:75 - [STDERR_REDIRECT] [Fatal Error] :1:1: Premature end of file.
2026-07-17 08:45:39,380 [ERROR] LogOutputStream:75 - [STDERR_REDIRECT] 
2026-07-17 08:45:40,368 [ERROR] LogOutputStream:75 - [STDERR_REDIRECT] [Fatal Error] :1:1: Premature end of file.
2026-07-17 08:45:40,368 [ERROR] LogOutputStream:75 - [STDERR_REDIRECT] 
2026-07-17 08:45:41,377 [ERROR] LogOutputStream:75 - [STDERR_REDIRECT] [Fatal Error] :1:1: Premature end of file.
2026-07-17 08:45:41,377 [ERROR] LogOutputStream:75 - [STDERR_REDIRECT] 
2026-07-17 08:45:42,383 [ERROR] LogOutputStream:75 - [STDERR_REDIRECT] [Fatal Error] :1:1: Premature end of file.
2026-07-17 08:45:42,383 [ERROR] LogOutputStream:75 - [STDERR_REDIRECT] 
2026-07-17 08:45:43,389 [ERROR] LogOutputStream:75 - [STDERR_REDIRECT] [Fatal Error] :1:1: Premature end of file.
2026-07-17 08:45:43,389 [ERROR] LogOutputStream:75 - [STDERR_REDIRECT] 
2026-07-17 08:45:44,379 [ERROR] LogOutputStream:75 - [STDERR_REDIRECT] [Fatal Error] :1:1: Premature end of file.
2026-07-17 08:45:44,380 [ERROR] LogOutputStream:75 - [STDERR_REDIRECT] 
2026-07-17 08:45:45,372 [ERROR] LogOutputStream:75 - [STDERR_REDIRECT] [Fatal Error] :1:1: Premature end of file.
2026-07-17 08:45:45,372 [ERROR] LogOutputStream:75 - [STDERR_REDIRECT] 
2026-07-17 08:45:46,361 [ERROR] LogOutputStream:75 - [STDERR_REDIRECT] [Fatal Error] :1:1: Premature end of file.
2026-07-17 08:45:46,361 [ERROR] LogOutputStream:75 - [STDERR_REDIRECT] 
2026-07-17 08:45:47,371 [ERROR] LogOutputStream:75 - [STDERR_REDIRECT] [Fatal Error] :1:1: Premature end of file.
2026-07-17 08:45:47,371 [ERROR] LogOutputStream:75 - [STDERR_REDIRECT] 
2026-07-17 08:45:48,386 [ERROR] LogOutputStream:75 - [STDERR_REDIRECT] [Fatal Error] :1:1: Premature end of file.
2026-07-17 08:45:48,386 [ERROR] LogOutputStream:75 - [STDERR_REDIRECT] 
2026-07-17 08:45:49,383 [ERROR] LogOutputStream:75 - [STDERR_REDIRECT] [Fatal Error] :1:1: Premature end of file.
2026-07-17 08:45:49,383 [ERROR] LogOutputStream:75 - [STDERR_REDIRECT] 
2026-07-17 08:45:50,377 [ERROR] LogOutputStream:75 - [STDERR_REDIRECT] [Fatal Error] :1:1: Premature end of file.
2026-07-17 08:45:50,377 [ERROR] LogOutputStream:75 - [STDERR_REDIRECT] 
2026-07-17 08:45:51,373 [ERROR] LogOutputStream:75 - [STDERR_REDIRECT] [Fatal Error] :1:1: Premature end of file.
2026-07-17 08:45:51,373 [ERROR] LogOutputStream:75 - [STDERR_REDIRECT] 
2026-07-17 08:45:52,368 [ERROR] LogOutputStream:75 - [STDERR_REDIRECT] [Fatal Error] :1:1: Premature end of file.
2026-07-17 08:45:52,368 [ERROR] LogOutputStream:75 - [STDERR_REDIRECT] 
2026-07-17 08:45:53,378 [ERROR] LogOutputStream:75 - [STDERR_REDIRECT] [Fatal Error] :1:1: Premature end of file.
2026-07-17 08:45:53,378 [ERROR] LogOutputStream:75 - [STDERR_REDIRECT] 
2026-07-17 08:45:54,376 [ERROR] LogOutputStream:75 - [STDERR_REDIRECT] [Fatal Error] :1:1: Premature end of file.
2026-07-17 08:45:54,376 [ERROR] LogOutputStream:75 - [STDERR_REDIRECT] 
2026-07-17 08:45:55,385 [ERROR] LogOutputStream:75 - [STDERR_REDIRECT] [Fatal Error] :1:1: Premature end of file.
2026-07-17 08:45:55,385 [ERROR] LogOutputStream:75 - [STDERR_REDIRECT] 
2026-07-17 08:45:56,366 [ERROR] LogOutputStream:75 - [STDERR_REDIRECT] [Fatal Error] :1:1: Premature end of file.
2026-07-17 08:45:56,366 [ERROR] LogOutputStream:75 - [STDERR_REDIRECT] 
2026-07-17 08:45:57,382 [ERROR] LogOutputStream:75 - [STDERR_REDIRECT] [Fatal Error] :1:1: Premature end of file.
2026-07-17 08:45:57,383 [ERROR] LogOutputStream:75 - [STDERR_REDIRECT] 
2026-07-17 08:45:58,379 [ERROR] LogOutputStream:75 - [STDERR_REDIRECT] [Fatal Error] :1:1: Premature end of file.
2026-07-17 08:45:58,379 [ERROR] LogOutputStream:75 - [STDERR_REDIRECT] 
2026-07-17 08:45:59,379 [ERROR] LogOutputStream:75 - [STDERR_REDIRECT] [Fatal Error] :1:1: Premature end of file.
2026-07-17 08:45:59,381 [ERROR] LogOutputStream:75 - [STDERR_REDIRECT] 
2026-07-17 08:46:00,376 [ERROR] LogOutputStream:75 - [STDERR_REDIRECT] [Fatal Error] :1:1: Premature end of file.
2026-07-17 08:46:00,376 [ERROR] LogOutputStream:75 - [STDERR_REDIRECT] 
2026-07-17 08:46:01,397 [ERROR] LogOutputStream:75 - [STDERR_REDIRECT] [Fatal Error] :1:1: Premature end of file.
2026-07-17 08:46:01,397 [ERROR] LogOutputStream:75 - [STDERR_REDIRECT] 
2026-07-17 08:46:02,375 [ERROR] LogOutputStream:75 - [STDERR_REDIRECT] [Fatal Error] :1:1: Premature end of file.
2026-07-17 08:46:02,376 [ERROR] LogOutputStream:75 - [STDERR_REDIRECT] 
2026-07-17 08:46:03,377 [ERROR] LogOutputStream:75 - [STDERR_REDIRECT] [Fatal Error] :1:1: Premature end of file.
2026-07-17 08:46:03,377 [ERROR] LogOutputStream:75 - [STDERR_REDIRECT] 
2026-07-17 08:46:04,371 [ERROR] LogOutputStream:75 - [STDERR_REDIRECT] [Fatal Error] :1:1: Premature end of file.
2026-07-17 08:46:04,371 [ERROR] LogOutputStream:75 - [STDERR_REDIRECT] 
2026-07-17 08:46:05,390 [ERROR] LogOutputStream:75 - [STDERR_REDIRECT] [Fatal Error] :1:1: Premature end of file.
2026-07-17 08:46:05,390 [ERROR] LogOutputStream:75 - [STDERR_REDIRECT] 
2026-07-17 08:46:06,380 [ERROR] LogOutputStream:75 - [STDERR_REDIRECT] [Fatal Error] :1:1: Premature end of file.
2026-07-17 08:46:06,380 [ERROR] LogOutputStream:75 - [STDERR_REDIRECT] 
2026-07-17 08:46:07,372 [ERROR] LogOutputStream:75 - [STDERR_REDIRECT] [Fatal Error] :1:1: Premature end of file.
2026-07-17 08:46:07,372 [ERROR] LogOutputStream:75 - [STDERR_REDIRECT] 
2026-07-17 08:46:08,381 [ERROR] LogOutputStream:75 - [STDERR_REDIRECT] [Fatal Error] :1:1: Premature end of file.
2026-07-17 08:46:08,381 [ERROR] LogOutputStream:75 - [STDERR_REDIRECT] 
2026-07-17 08:46:09,367 [ERROR] LogOutputStream:75 - [STDERR_REDIRECT] [Fatal Error] :1:1: Premature end of file.
2026-07-17 08:46:09,367 [ERROR] LogOutputStream:75 - [STDERR_REDIRECT] 
2026-07-17 08:46:10,370 [ERROR] LogOutputStream:75 - [STDERR_REDIRECT] [Fatal Error] :1:1: Premature end of file.
2026-07-17 08:46:10,370 [ERROR] LogOutputStream:75 - [STDERR_REDIRECT] 
2026-07-17 08:46:11,379 [ERROR] LogOutputStream:75 - [STDERR_REDIRECT] [Fatal Error] :1:1: Premature end of file.
2026-07-17 08:46:11,379 [ERROR] LogOutputStream:75 - [STDERR_REDIRECT] 
2026-07-17 08:46:12,378 [ERROR] LogOutputStream:75 - [STDERR_REDIRECT] [Fatal Error] :1:1: Premature end of file.
2026-07-17 08:46:12,378 [ERROR] LogOutputStream:75 - [STDERR_REDIRECT] 
2026-07-17 08:46:13,372 [ERROR] LogOutputStream:75 - [STDERR_REDIRECT] [Fatal Error] :1:1: Premature end of file.
2026-07-17 08:46:13,372 [ERROR] LogOutputStream:75 - [STDERR_REDIRECT] 
2026-07-17 08:46:14,376 [ERROR] LogOutputStream:75 - [STDERR_REDIRECT] [Fatal Error] :1:1: Premature end of file.
2026-07-17 08:46:14,376 [ERROR] LogOutputStream:75 - [STDERR_REDIRECT] 
2026-07-17 08:46:15,392 [ERROR] LogOutputStream:75 - [STDERR_REDIRECT] [Fatal Error] :1:1: Premature end of file.
2026-07-17 08:46:15,392 [ERROR] LogOutputStream:75 - [STDERR_REDIRECT] 
2026-07-17 08:46:16,364 [ERROR] LogOutputStream:75 - [STDERR_REDIRECT] [Fatal Error] :1:1: Premature end of file.
2026-07-17 08:46:16,364 [ERROR] LogOutputStream:75 - [STDERR_REDIRECT] 
2026-07-17 08:46:17,378 [ERROR] LogOutputStream:75 - [STDERR_REDIRECT] [Fatal Error] :1:1: Premature end of file.
2026-07-17 08:46:17,379 [ERROR] LogOutputStream:75 - [STDERR_REDIRECT] 
2026-07-17 08:46:18,379 [ERROR] LogOutputStream:75 - [STDERR_REDIRECT] [Fatal Error] :1:1: Premature end of file.
2026-07-17 08:46:18,379 [ERROR] LogOutputStream:75 - [STDERR_REDIRECT] 
2026-07-17 08:46:19,389 [ERROR] LogOutputStream:75 - [STDERR_REDIRECT] [Fatal Error] :1:1: Premature end of file.
2026-07-17 08:46:19,389 [ERROR] LogOutputStream:75 - [STDERR_REDIRECT] 
2026-07-17 08:46:20,385 [ERROR] LogOutputStream:75 - [STDERR_REDIRECT] [Fatal Error] :1:1: Premature end of file.
2026-07-17 08:46:20,386 [ERROR] LogOutputStream:75 - [STDERR_REDIRECT] 
2026-07-17 08:46:21,370 [ERROR] LogOutputStream:75 - [STDERR_REDIRECT] [Fatal Error] :1:1: Premature end of file.
2026-07-17 08:46:21,370 [ERROR] LogOutputStream:75 - [STDERR_REDIRECT] 
2026-07-17 08:46:22,393 [ERROR] LogOutputStream:75 - [STDERR_REDIRECT] [Fatal Error] :1:1: Premature end of file.
2026-07-17 08:46:22,393 [ERROR] LogOutputStream:75 - [STDERR_REDIRECT] 
2026-07-17 08:46:23,407 [ERROR] LogOutputStream:75 - [STDERR_REDIRECT] [Fatal Error] :1:1: Premature end of file.
2026-07-17 08:46:23,408 [ERROR] LogOutputStream:75 - [STDERR_REDIRECT] 
2026-07-17 08:46:24,378 [ERROR] LogOutputStream:75 - [STDERR_REDIRECT] [Fatal Error] :1:1: Premature end of file.
2026-07-17 08:46:24,378 [ERROR] LogOutputStream:75 - [STDERR_REDIRECT] 
2026-07-17 08:46:25,378 [ERROR] LogOutputStream:75 - [STDERR_REDIRECT] [Fatal Error] :1:1: Premature end of file.
2026-07-17 08:46:25,378 [ERROR] LogOutputStream:75 - [STDERR_REDIRECT] 
2026-07-17 08:46:26,383 [ERROR] LogOutputStream:75 - [STDERR_REDIRECT] [Fatal Error] :1:1: Premature end of file.
2026-07-17 08:46:26,383 [ERROR] LogOutputStream:75 - [STDERR_REDIRECT] 
2026-07-17 08:46:27,394 [ERROR] LogOutputStream:75 - [STDERR_REDIRECT] [Fatal Error] :1:1: Premature end of file.
2026-07-17 08:46:27,394 [ERROR] LogOutputStream:75 - [STDERR_REDIRECT] 
2026-07-17 08:46:28,387 [ERROR] LogOutputStream:75 - [STDERR_REDIRECT] [Fatal Error] :1:1: Premature end of file.
2026-07-17 08:46:28,387 [ERROR] LogOutputStream:75 - [STDERR_REDIRECT] 
2026-07-17 08:46:29,385 [ERROR] LogOutputStream:75 - [STDERR_REDIRECT] [Fatal Error] :1:1: Premature end of file.
2026-07-17 08:46:29,385 [ERROR] LogOutputStream:75 - [STDERR_REDIRECT] 
2026-07-17 08:46:30,379 [ERROR] LogOutputStream:75 - [STDERR_REDIRECT] [Fatal Error] :1:1: Premature end of file.
2026-07-17 08:46:30,379 [ERROR] LogOutputStream:75 - [STDERR_REDIRECT] 
2026-07-17 08:46:31,378 [ERROR] LogOutputStream:75 - [STDERR_REDIRECT] [Fatal Error] :1:1: Premature end of file.
2026-07-17 08:46:31,378 [ERROR] LogOutputStream:75 - [STDERR_REDIRECT] 
2026-07-17 08:46:32,379 [ERROR] LogOutputStream:75 - [STDERR_REDIRECT] [Fatal Error] :1:1: Premature end of file.
2026-07-17 08:46:32,379 [ERROR] LogOutputStream:75 - [STDERR_REDIRECT] 
2026-07-17 08:46:33,372 [ERROR] LogOutputStream:75 - [STDERR_REDIRECT] [Fatal Error] :1:1: Premature end of file.
2026-07-17 08:46:33,372 [ERROR] LogOutputStream:75 - [STDERR_REDIRECT] 
2026-07-17 08:46:34,377 [ERROR] LogOutputStream:75 - [STDERR_REDIRECT] [Fatal Error] :1:1: Premature end of file.
2026-07-17 08:46:34,377 [ERROR] LogOutputStream:75 - [STDERR_REDIRECT] 
2026-07-17 08:46:35,378 [ERROR] LogOutputStream:75 - [STDERR_REDIRECT] [Fatal Error] :1:1: Premature end of file.
2026-07-17 08:46:35,378 [ERROR] LogOutputStream:75 - [STDERR_REDIRECT] 
2026-07-17 08:46:36,379 [ERROR] LogOutputStream:75 - [STDERR_REDIRECT] [Fatal Error] :1:1: Premature end of file.
2026-07-17 08:46:36,379 [ERROR] LogOutputStream:75 - [STDERR_REDIRECT] 
2026-07-17 08:46:37,376 [ERROR] LogOutputStream:75 - [STDERR_REDIRECT] [Fatal Error] :1:1: Premature end of file.
2026-07-17 08:46:37,376 [ERROR] LogOutputStream:75 - [STDERR_REDIRECT] 
2026-07-17 08:46:38,382 [ERROR] LogOutputStream:75 - [STDERR_REDIRECT] [Fatal Error] :1:1: Premature end of file.
2026-07-17 08:46:38,382 [ERROR] LogOutputStream:75 - [STDERR_REDIRECT] 
2026-07-17 08:46:39,378 [ERROR] LogOutputStream:75 - [STDERR_REDIRECT] [Fatal Error] :1:1: Premature end of file.
2026-07-17 08:46:39,378 [ERROR] LogOutputStream:75 - [STDERR_REDIRECT] 
2026-07-17 08:46:40,387 [ERROR] LogOutputStream:75 - [STDERR_REDIRECT] [Fatal Error] :1:1: Premature end of file.
2026-07-17 08:46:40,387 [ERROR] LogOutputStream:75 - [STDERR_REDIRECT] 
2026-07-17 08:46:41,367 [ERROR] LogOutputStream:75 - [STDERR_REDIRECT] [Fatal Error] :1:1: Premature end of file.
2026-07-17 08:46:41,367 [ERROR] LogOutputStream:75 - [STDERR_REDIRECT] 
2026-07-17 08:46:42,377 [ERROR] LogOutputStream:75 - [STDERR_REDIRECT] [Fatal Error] :1:1: Premature end of file.
2026-07-17 08:46:42,378 [ERROR] LogOutputStream:75 - [STDERR_REDIRECT] 
2026-07-17 08:46:43,379 [ERROR] LogOutputStream:75 - [STDERR_REDIRECT] [Fatal Error] :1:1: Premature end of file.
2026-07-17 08:46:43,379 [ERROR] LogOutputStream:75 - [STDERR_REDIRECT] 
2026-07-17 08:46:44,373 [ERROR] LogOutputStream:75 - [STDERR_REDIRECT] [Fatal Error] :1:1: Premature end of file.
2026-07-17 08:46:44,373 [ERROR] LogOutputStream:75 - [STDERR_REDIRECT] 
2026-07-17 08:46:45,375 [ERROR] LogOutputStream:75 - [STDERR_REDIRECT] [Fatal Error] :1:1: Premature end of file.
2026-07-17 08:46:45,375 [ERROR] LogOutputStream:75 - [STDERR_REDIRECT] 
2026-07-17 08:46:46,383 [ERROR] LogOutputStream:75 - [STDERR_REDIRECT] [Fatal Error] :1:1: Premature end of file.
2026-07-17 08:46:46,383 [ERROR] LogOutputStream:75 - [STDERR_REDIRECT] 
2026-07-17 08:46:47,382 [ERROR] LogOutputStream:75 - [STDERR_REDIRECT] [Fatal Error] :1:1: Premature end of file.
2026-07-17 08:46:47,382 [ERROR] LogOutputStream:75 - [STDERR_REDIRECT] 
2026-07-17 08:46:48,374 [ERROR] LogOutputStream:75 - [STDERR_REDIRECT] [Fatal Error] :1:1: Premature end of file.
2026-07-17 08:46:48,374 [ERROR] LogOutputStream:75 - [STDERR_REDIRECT] 
2026-07-17 08:46:49,372 [ERROR] LogOutputStream:75 - [STDERR_REDIRECT] [Fatal Error] :1:1: Premature end of file.
2026-07-17 08:46:49,372 [ERROR] LogOutputStream:75 - [STDERR_REDIRECT] 
2026-07-17 08:46:50,377 [ERROR] LogOutputStream:75 - [STDERR_REDIRECT] [Fatal Error] :1:1: Premature end of file.
2026-07-17 08:46:50,377 [ERROR] LogOutputStream:75 - [STDERR_REDIRECT] 
2026-07-17 08:46:51,374 [ERROR] LogOutputStream:75 - [STDERR_REDIRECT] [Fatal Error] :1:1: Premature end of file.
2026-07-17 08:46:51,374 [ERROR] LogOutputStream:75 - [STDERR_REDIRECT] 
2026-07-17 08:46:52,380 [ERROR] LogOutputStream:75 - [STDERR_REDIRECT] [Fatal Error] :1:1: Premature end of file.
2026-07-17 08:46:52,380 [ERROR] LogOutputStream:75 - [STDERR_REDIRECT] 
2026-07-17 08:46:53,378 [ERROR] LogOutputStream:75 - [STDERR_REDIRECT] [Fatal Error] :1:1: Premature end of file.
2026-07-17 08:46:53,378 [ERROR] LogOutputStream:75 - [STDERR_REDIRECT] 
2026-07-17 08:46:54,381 [ERROR] LogOutputStream:75 - [STDERR_REDIRECT] [Fatal Error] :1:1: Premature end of file.
2026-07-17 08:46:54,381 [ERROR] LogOutputStream:75 - [STDERR_REDIRECT] 
2026-07-17 08:46:55,386 [ERROR] LogOutputStream:75 - [STDERR_REDIRECT] [Fatal Error] :1:1: Premature end of file.
2026-07-17 08:46:55,386 [ERROR] LogOutputStream:75 - [STDERR_REDIRECT] 
2026-07-17 08:46:56,385 [ERROR] LogOutputStream:75 - [STDERR_REDIRECT] [Fatal Error] :1:1: Premature end of file.
2026-07-17 08:46:56,386 [ERROR] LogOutputStream:75 - [STDERR_REDIRECT] 
2026-07-17 08:46:57,382 [ERROR] LogOutputStream:75 - [STDERR_REDIRECT] [Fatal Error] :1:1: Premature end of file.
2026-07-17 08:46:57,382 [ERROR] LogOutputStream:75 - [STDERR_REDIRECT] 
2026-07-17 08:46:58,381 [ERROR] LogOutputStream:75 - [STDERR_REDIRECT] [Fatal Error] :1:1: Premature end of file.
2026-07-17 08:46:58,381 [ERROR] LogOutputStream:75 - [STDERR_REDIRECT] 
2026-07-17 08:46:59,379 [ERROR] LogOutputStream:75 - [STDERR_REDIRECT] [Fatal Error] :1:1: Premature end of file.
2026-07-17 08:46:59,379 [ERROR] LogOutputStream:75 - [STDERR_REDIRECT] 
2026-07-17 08:47:00,373 [ERROR] LogOutputStream:75 - [STDERR_REDIRECT] [Fatal Error] :1:1: Premature end of file.
2026-07-17 08:47:00,373 [ERROR] LogOutputStream:75 - [STDERR_REDIRECT] 
2026-07-17 08:47:01,378 [ERROR] LogOutputStream:75 - [STDERR_REDIRECT] [Fatal Error] :1:1: Premature end of file.
2026-07-17 08:47:01,378 [ERROR] LogOutputStream:75 - [STDERR_REDIRECT] 
2026-07-17 08:47:02,376 [ERROR] LogOutputStream:75 - [STDERR_REDIRECT] [Fatal Error] :1:1: Premature end of file.
2026-07-17 08:47:02,376 [ERROR] LogOutputStream:75 - [STDERR_REDIRECT] 
2026-07-17 08:47:03,382 [ERROR] LogOutputStream:75 - [STDERR_REDIRECT] [Fatal Error] :1:1: Premature end of file.
2026-07-17 08:47:03,382 [ERROR] LogOutputStream:75 - [STDERR_REDIRECT] 
2026-07-17 08:47:04,380 [ERROR] LogOutputStream:75 - [STDERR_REDIRECT] [Fatal Error] :1:1: Premature end of file.
2026-07-17 08:47:04,380 [ERROR] LogOutputStream:75 - [STDERR_REDIRECT] 
2026-07-17 08:47:05,381 [ERROR] LogOutputStream:75 - [STDERR_REDIRECT] [Fatal Error] :1:1: Premature end of file.
2026-07-17 08:47:05,381 [ERROR] LogOutputStream:75 - [STDERR_REDIRECT] 
2026-07-17 08:47:06,391 [ERROR] LogOutputStream:75 - [STDERR_REDIRECT] [Fatal Error] :1:1: Premature end of file.
2026-07-17 08:47:06,391 [ERROR] LogOutputStream:75 - [STDERR_REDIRECT] 
2026-07-17 08:47:07,377 [ERROR] LogOutputStream:75 - [STDERR_REDIRECT] [Fatal Error] :1:1: Premature end of file.
2026-07-17 08:47:07,377 [ERROR] LogOutputStream:75 - [STDERR_REDIRECT] 
2026-07-17 08:47:08,377 [ERROR] LogOutputStream:75 - [STDERR_REDIRECT] [Fatal Error] :1:1: Premature end of file.
2026-07-17 08:47:08,377 [ERROR] LogOutputStream:75 - [STDERR_REDIRECT] 
2026-07-17 08:47:09,384 [ERROR] LogOutputStream:75 - [STDERR_REDIRECT] [Fatal Error] :1:1: Premature end of file.
2026-07-17 08:47:09,385 [ERROR] LogOutputStream:75 - [STDERR_REDIRECT] 
2026-07-17 08:47:10,384 [ERROR] LogOutputStream:75 - [STDERR_REDIRECT] [Fatal Error] :1:1: Premature end of file.
2026-07-17 08:47:10,384 [ERROR] LogOutputStream:75 - [STDERR_REDIRECT] 
2026-07-17 08:47:11,387 [ERROR] LogOutputStream:75 - [STDERR_REDIRECT] [Fatal Error] :1:1: Premature end of file.
2026-07-17 08:47:11,387 [ERROR] LogOutputStream:75 - [STDERR_REDIRECT] 
2026-07-17 08:47:12,376 [ERROR] LogOutputStream:75 - [STDERR_REDIRECT] [Fatal Error] :1:1: Premature end of file.
2026-07-17 08:47:12,376 [ERROR] LogOutputStream:75 - [STDERR_REDIRECT] 
2026-07-17 08:47:13,382 [ERROR] LogOutputStream:75 - [STDERR_REDIRECT] [Fatal Error] :1:1: Premature end of file.
2026-07-17 08:47:13,382 [ERROR] LogOutputStream:75 - [STDERR_REDIRECT] 
2026-07-17 08:47:14,379 [ERROR] LogOutputStream:75 - [STDERR_REDIRECT] [Fatal Error] :1:1: Premature end of file.
2026-07-17 08:47:14,379 [ERROR] LogOutputStream:75 - [STDERR_REDIRECT] 
2026-07-17 08:47:15,380 [ERROR] LogOutputStream:75 - [STDERR_REDIRECT] [Fatal Error] :1:1: Premature end of file.
2026-07-17 08:47:15,381 [ERROR] LogOutputStream:75 - [STDERR_REDIRECT] 
2026-07-17 08:47:16,379 [ERROR] LogOutputStream:75 - [STDERR_REDIRECT] [Fatal Error] :1:1: Premature end of file.
2026-07-17 08:47:16,379 [ERROR] LogOutputStream:75 - [STDERR_REDIRECT] 
2026-07-17 08:47:17,389 [ERROR] LogOutputStream:75 - [STDERR_REDIRECT] [Fatal Error] :1:1: Premature end of file.
2026-07-17 08:47:17,389 [ERROR] LogOutputStream:75 - [STDERR_REDIRECT] 
2026-07-17 08:47:18,381 [ERROR] LogOutputStream:75 - [STDERR_REDIRECT] [Fatal Error] :1:1: Premature end of file.
2026-07-17 08:47:18,381 [ERROR] LogOutputStream:75 - [STDERR_REDIRECT] 
2026-07-17 08:47:19,401 [ERROR] LogOutputStream:75 - [STDERR_REDIRECT] [Fatal Error] :1:1: Premature end of file.
2026-07-17 08:47:19,401 [ERROR] LogOutputStream:75 - [STDERR_REDIRECT] 
2026-07-17 08:47:20,382 [ERROR] LogOutputStream:75 - [STDERR_REDIRECT] [Fatal Error] :1:1: Premature end of file.
2026-07-17 08:47:20,382 [ERROR] LogOutputStream:75 - [STDERR_REDIRECT] 
2026-07-17 08:47:21,373 [ERROR] LogOutputStream:75 - [STDERR_REDIRECT] [Fatal Error] :1:1: Premature end of file.
2026-07-17 08:47:21,373 [ERROR] LogOutputStream:75 - [STDERR_REDIRECT] 
2026-07-17 08:47:22,379 [ERROR] LogOutputStream:75 - [STDERR_REDIRECT] [Fatal Error] :1:1: Premature end of file.
2026-07-17 08:47:22,380 [ERROR] LogOutputStream:75 - [STDERR_REDIRECT] 
2026-07-17 08:47:23,383 [ERROR] LogOutputStream:75 - [STDERR_REDIRECT] [Fatal Error] :1:1: Premature end of file.
2026-07-17 08:47:23,383 [ERROR] LogOutputStream:75 - [STDERR_REDIRECT] 
2026-07-17 08:47:24,391 [ERROR] LogOutputStream:75 - [STDERR_REDIRECT] [Fatal Error] :1:1: Premature end of file.
2026-07-17 08:47:24,391 [ERROR] LogOutputStream:75 - [STDERR_REDIRECT] 
2026-07-17 08:47:25,377 [ERROR] LogOutputStream:75 - [STDERR_REDIRECT] [Fatal Error] :1:1: Premature end of file.
2026-07-17 08:47:25,378 [ERROR] LogOutputStream:75 - [STDERR_REDIRECT] 
2026-07-17 08:47:26,367 [ERROR] LogOutputStream:75 - [STDERR_REDIRECT] [Fatal Error] :1:1: Premature end of file.
2026-07-17 08:47:26,368 [ERROR] LogOutputStream:75 - [STDERR_REDIRECT] 
2026-07-17 08:47:27,385 [ERROR] LogOutputStream:75 - [STDERR_REDIRECT] [Fatal Error] :1:1: Premature end of file.
2026-07-17 08:47:27,385 [ERROR] LogOutputStream:75 - [STDERR_REDIRECT] 
2026-07-17 08:47:28,380 [ERROR] LogOutputStream:75 - [STDERR_REDIRECT] [Fatal Error] :1:1: Premature end of file.
2026-07-17 08:47:28,380 [ERROR] LogOutputStream:75 - [STDERR_REDIRECT] 
2026-07-17 08:47:29,371 [ERROR] LogOutputStream:75 - [STDERR_REDIRECT] [Fatal Error] :1:1: Premature end of file.
2026-07-17 08:47:29,371 [ERROR] LogOutputStream:75 - [STDERR_REDIRECT] 
2026-07-17 08:47:30,386 [ERROR] LogOutputStream:75 - [STDERR_REDIRECT] [Fatal Error] :1:1: Premature end of file.
2026-07-17 08:47:30,386 [ERROR] LogOutputStream:75 - [STDERR_REDIRECT] 
2026-07-17 08:47:31,394 [ERROR] LogOutputStream:75 - [STDERR_REDIRECT] [Fatal Error] :1:1: Premature end of file.
2026-07-17 08:47:31,394 [ERROR] LogOutputStream:75 - [STDERR_REDIRECT] 
2026-07-17 08:47:32,384 [ERROR] LogOutputStream:75 - [STDERR_REDIRECT] [Fatal Error] :1:1: Premature end of file.
2026-07-17 08:47:32,384 [ERROR] LogOutputStream:75 - [STDERR_REDIRECT] 
2026-07-17 08:47:33,395 [ERROR] LogOutputStream:75 - [STDERR_REDIRECT] [Fatal Error] :1:1: Premature end of file.
2026-07-17 08:47:33,395 [ERROR] LogOutputStream:75 - [STDERR_REDIRECT] 
2026-07-17 08:47:34,403 [ERROR] LogOutputStream:75 - [STDERR_REDIRECT] [Fatal Error] :1:1: Premature end of file.
2026-07-17 08:47:34,403 [ERROR] LogOutputStream:75 - [STDERR_REDIRECT] 
2026-07-17 08:47:35,388 [ERROR] LogOutputStream:75 - [STDERR_REDIRECT] [Fatal Error] :1:1: Premature end of file.
2026-07-17 08:47:35,389 [ERROR] LogOutputStream:75 - [STDERR_REDIRECT] 
2026-07-17 08:47:36,384 [ERROR] LogOutputStream:75 - [STDERR_REDIRECT] [Fatal Error] :1:1: Premature end of file.
2026-07-17 08:47:36,384 [ERROR] LogOutputStream:75 - [STDERR_REDIRECT] 
2026-07-17 08:47:37,376 [ERROR] LogOutputStream:75 - [STDERR_REDIRECT] [Fatal Error] :1:1: Premature end of file.
2026-07-17 08:47:37,376 [ERROR] LogOutputStream:75 - [STDERR_REDIRECT] 
2026-07-17 08:47:38,378 [ERROR] LogOutputStream:75 - [STDERR_REDIRECT] [Fatal Error] :1:1: Premature end of file.
2026-07-17 08:47:38,378 [ERROR] LogOutputStream:75 - [STDERR_REDIRECT] 
2026-07-17 08:47:39,387 [ERROR] LogOutputStream:75 - [STDERR_REDIRECT] [Fatal Error] :1:1: Premature end of file.
2026-07-17 08:47:39,387 [ERROR] LogOutputStream:75 - [STDERR_REDIRECT] 
2026-07-17 08:47:40,383 [ERROR] LogOutputStream:75 - [STDERR_REDIRECT] [Fatal Error] :1:1: Premature end of file.
2026-07-17 08:47:40,383 [ERROR] LogOutputStream:75 - [STDERR_REDIRECT] 
2026-07-17 08:47:41,375 [ERROR] LogOutputStream:75 - [STDERR_REDIRECT] [Fatal Error] :1:1: Premature end of file.
2026-07-17 08:47:41,375 [ERROR] LogOutputStream:75 - [STDERR_REDIRECT] 
2026-07-17 08:47:42,382 [ERROR] LogOutputStream:75 - [STDERR_REDIRECT] [Fatal Error] :1:1: Premature end of file.
2026-07-17 08:47:42,383 [ERROR] LogOutputStream:75 - [STDERR_REDIRECT] 
2026-07-17 08:47:43,383 [ERROR] LogOutputStream:75 - [STDERR_REDIRECT] [Fatal Error] :1:1: Premature end of file.
2026-07-17 08:47:43,383 [ERROR] LogOutputStream:75 - [STDERR_REDIRECT] 
2026-07-17 08:47:44,376 [ERROR] LogOutputStream:75 - [STDERR_REDIRECT] [Fatal Error] :1:1: Premature end of file.
2026-07-17 08:47:44,376 [ERROR] LogOutputStream:75 - [STDERR_REDIRECT] 
2026-07-17 08:47:45,391 [ERROR] LogOutputStream:75 - [STDERR_REDIRECT] [Fatal Error] :1:1: Premature end of file.
2026-07-17 08:47:45,391 [ERROR] LogOutputStream:75 - [STDERR_REDIRECT] 
2026-07-17 08:47:46,380 [ERROR] LogOutputStream:75 - [STDERR_REDIRECT] [Fatal Error] :1:1: Premature end of file.
2026-07-17 08:47:46,380 [ERROR] LogOutputStream:75 - [STDERR_REDIRECT] 
2026-07-17 08:47:47,385 [ERROR] LogOutputStream:75 - [STDERR_REDIRECT] [Fatal Error] :1:1: Premature end of file.
2026-07-17 08:47:47,386 [ERROR] LogOutputStream:75 - [STDERR_REDIRECT] 
2026-07-17 08:47:48,378 [ERROR] LogOutputStream:75 - [STDERR_REDIRECT] [Fatal Error] :1:1: Premature end of file.
2026-07-17 08:47:48,378 [ERROR] LogOutputStream:75 - [STDERR_REDIRECT] 
2026-07-17 08:47:49,383 [ERROR] LogOutputStream:75 - [STDERR_REDIRECT] [Fatal Error] :1:1: Premature end of file.
2026-07-17 08:47:49,384 [ERROR] LogOutputStream:75 - [STDERR_REDIRECT] 
2026-07-17 08:47:50,383 [ERROR] LogOutputStream:75 - [STDERR_REDIRECT] [Fatal Error] :1:1: Premature end of file.
2026-07-17 08:47:50,383 [ERROR] LogOutputStream:75 - [STDERR_REDIRECT] 
2026-07-17 08:47:51,386 [ERROR] LogOutputStream:75 - [STDERR_REDIRECT] [Fatal Error] :1:1: Premature end of file.
2026-07-17 08:47:51,386 [ERROR] LogOutputStream:75 - [STDERR_REDIRECT] 
2026-07-17 08:47:52,380 [ERROR] LogOutputStream:75 - [STDERR_REDIRECT] [Fatal Error] :1:1: Premature end of file.
2026-07-17 08:47:52,380 [ERROR] LogOutputStream:75 - [STDERR_REDIRECT] 
2026-07-17 08:47:53,383 [ERROR] LogOutputStream:75 - [STDERR_REDIRECT] [Fatal Error] :1:1: Premature end of file.
2026-07-17 08:47:53,383 [ERROR] LogOutputStream:75 - [STDERR_REDIRECT] 
2026-07-17 08:47:54,385 [ERROR] LogOutputStream:75 - [STDERR_REDIRECT] [Fatal Error] :1:1: Premature end of file.
2026-07-17 08:47:54,385 [ERROR] LogOutputStream:75 - [STDERR_REDIRECT] 
2026-07-17 08:47:55,403 [ERROR] LogOutputStream:75 - [STDERR_REDIRECT] [Fatal Error] :1:1: Premature end of file.
2026-07-17 08:47:55,403 [ERROR] LogOutputStream:75 - [STDERR_REDIRECT] 
2026-07-17 08:47:56,380 [ERROR] LogOutputStream:75 - [STDERR_REDIRECT] [Fatal Error] :1:1: Premature end of file.
2026-07-17 08:47:56,381 [ERROR] LogOutputStream:75 - [STDERR_REDIRECT] 
2026-07-17 08:47:57,383 [ERROR] LogOutputStream:75 - [STDERR_REDIRECT] [Fatal Error] :1:1: Premature end of file.
2026-07-17 08:47:57,383 [ERROR] LogOutputStream:75 - [STDERR_REDIRECT] 
2026-07-17 08:47:58,378 [ERROR] LogOutputStream:75 - [STDERR_REDIRECT] [Fatal Error] :1:1: Premature end of file.
2026-07-17 08:47:58,378 [ERROR] LogOutputStream:75 - [STDERR_REDIRECT] 
2026-07-17 08:47:59,390 [ERROR] LogOutputStream:75 - [STDERR_REDIRECT] [Fatal Error] :1:1: Premature end of file.
2026-07-17 08:47:59,390 [ERROR] LogOutputStream:75 - [STDERR_REDIRECT] 
2026-07-17 08:48:00,380 [ERROR] LogOutputStream:75 - [STDERR_REDIRECT] [Fatal Error] :1:1: Premature end of file.
2026-07-17 08:48:00,381 [ERROR] LogOutputStream:75 - [STDERR_REDIRECT] 
2026-07-17 08:48:01,377 [ERROR] LogOutputStream:75 - [STDERR_REDIRECT] [Fatal Error] :1:1: Premature end of file.
2026-07-17 08:48:01,378 [ERROR] LogOutputStream:75 - [STDERR_REDIRECT] 
2026-07-17 08:48:02,384 [ERROR] LogOutputStream:75 - [STDERR_REDIRECT] [Fatal Error] :1:1: Premature end of file.
2026-07-17 08:48:02,384 [ERROR] LogOutputStream:75 - [STDERR_REDIRECT] 
2026-07-17 08:48:03,405 [ERROR] LogOutputStream:75 - [STDERR_REDIRECT] [Fatal Error] :1:1: Premature end of file.
2026-07-17 08:48:03,405 [ERROR] LogOutputStream:75 - [STDERR_REDIRECT] 
2026-07-17 08:48:04,390 [ERROR] LogOutputStream:75 - [STDERR_REDIRECT] [Fatal Error] :1:1: Premature end of file.
2026-07-17 08:48:04,390 [ERROR] LogOutputStream:75 - [STDERR_REDIRECT] 
2026-07-17 08:48:05,390 [ERROR] LogOutputStream:75 - [STDERR_REDIRECT] [Fatal Error] :1:1: Premature end of file.
2026-07-17 08:48:05,390 [ERROR] LogOutputStream:75 - [STDERR_REDIRECT] 
2026-07-17 08:48:06,389 [ERROR] LogOutputStream:75 - [STDERR_REDIRECT] [Fatal Error] :1:1: Premature end of file.
2026-07-17 08:48:06,389 [ERROR] LogOutputStream:75 - [STDERR_REDIRECT] 
2026-07-17 08:48:07,381 [ERROR] LogOutputStream:75 - [STDERR_REDIRECT] [Fatal Error] :1:1: Premature end of file.
2026-07-17 08:48:07,381 [ERROR] LogOutputStream:75 - [STDERR_REDIRECT] 
2026-07-17 08:48:08,392 [ERROR] LogOutputStream:75 - [STDERR_REDIRECT] [Fatal Error] :1:1: Premature end of file.
2026-07-17 08:48:08,393 [ERROR] LogOutputStream:75 - [STDERR_REDIRECT] 
2026-07-17 08:48:09,418 [ERROR] LogOutputStream:75 - [STDERR_REDIRECT] [Fatal Error] :1:1: Premature end of file.
2026-07-17 08:48:09,418 [ERROR] LogOutputStream:75 - [STDERR_REDIRECT] 
2026-07-17 08:48:10,434 [ERROR] LogOutputStream:75 - [STDERR_REDIRECT] [Fatal Error] :1:1: Premature end of file.
2026-07-17 08:48:10,434 [ERROR] LogOutputStream:75 - [STDERR_REDIRECT] 
2026-07-17 08:48:11,408 [ERROR] LogOutputStream:75 - [STDERR_REDIRECT] [Fatal Error] :1:1: Premature end of file.
2026-07-17 08:48:11,408 [ERROR] LogOutputStream:75 - [STDERR_REDIRECT] 
2026-07-17 08:48:12,401 [ERROR] LogOutputStream:75 - [STDERR_REDIRECT] [Fatal Error] :1:1: Premature end of file.
2026-07-17 08:48:12,401 [ERROR] LogOutputStream:75 - [STDERR_REDIRECT] 
2026-07-17 08:48:13,388 [ERROR] LogOutputStream:75 - [STDERR_REDIRECT] [Fatal Error] :1:1: Premature end of file.
2026-07-17 08:48:13,388 [ERROR] LogOutputStream:75 - [STDERR_REDIRECT] 
2026-07-17 08:48:14,420 [ERROR] LogOutputStream:75 - [STDERR_REDIRECT] [Fatal Error] :1:1: Premature end of file.
2026-07-17 08:48:14,420 [ERROR] LogOutputStream:75 - [STDERR_REDIRECT] 
2026-07-17 08:48:15,375 [ERROR] LogOutputStream:75 - [STDERR_REDIRECT] [Fatal Error] :1:1: Premature end of file.
2026-07-17 08:48:15,376 [ERROR] LogOutputStream:75 - [STDERR_REDIRECT] 
2026-07-17 08:48:16,395 [ERROR] LogOutputStream:75 - [STDERR_REDIRECT] [Fatal Error] :1:1: Premature end of file.
2026-07-17 08:48:16,395 [ERROR] LogOutputStream:75 - [STDERR_REDIRECT] 
2026-07-17 08:48:17,388 [ERROR] LogOutputStream:75 - [STDERR_REDIRECT] [Fatal Error] :1:1: Premature end of file.
2026-07-17 08:48:17,388 [ERROR] LogOutputStream:75 - [STDERR_REDIRECT] 
2026-07-17 08:48:18,384 [ERROR] LogOutputStream:75 - [STDERR_REDIRECT] [Fatal Error] :1:1: Premature end of file.
2026-07-17 08:48:18,384 [ERROR] LogOutputStream:75 - [STDERR_REDIRECT] 
2026-07-17 08:48:19,397 [ERROR] LogOutputStream:75 - [STDERR_REDIRECT] [Fatal Error] :1:1: Premature end of file.
2026-07-17 08:48:19,397 [ERROR] LogOutputStream:75 - [STDERR_REDIRECT] 
2026-07-17 08:48:20,404 [ERROR] LogOutputStream:75 - [STDERR_REDIRECT] [Fatal Error] :1:1: Premature end of file.
2026-07-17 08:48:20,405 [ERROR] LogOutputStream:75 - [STDERR_REDIRECT] 
2026-07-17 08:48:21,407 [ERROR] LogOutputStream:75 - [STDERR_REDIRECT] [Fatal Error] :1:1: Premature end of file.
2026-07-17 08:48:21,407 [ERROR] LogOutputStream:75 - [STDERR_REDIRECT] 
2026-07-17 08:48:22,416 [ERROR] LogOutputStream:75 - [STDERR_REDIRECT] [Fatal Error] :1:1: Premature end of file.
2026-07-17 08:48:22,416 [ERROR] LogOutputStream:75 - [STDERR_REDIRECT] 
2026-07-17 08:48:23,415 [ERROR] LogOutputStream:75 - [STDERR_REDIRECT] [Fatal Error] :1:1: Premature end of file.
2026-07-17 08:48:23,415 [ERROR] LogOutputStream:75 - [STDERR_REDIRECT] 
2026-07-17 08:48:24,396 [ERROR] LogOutputStream:75 - [STDERR_REDIRECT] [Fatal Error] :1:1: Premature end of file.
2026-07-17 08:48:24,396 [ERROR] LogOutputStream:75 - [STDERR_REDIRECT] 
2026-07-17 08:48:25,408 [ERROR] LogOutputStream:75 - [STDERR_REDIRECT] [Fatal Error] :1:1: Premature end of file.
2026-07-17 08:48:25,408 [ERROR] LogOutputStream:75 - [STDERR_REDIRECT] 
2026-07-17 08:48:26,457 [ERROR] LogOutputStream:75 - [STDERR_REDIRECT] [Fatal Error] :1:1: Premature end of file.
2026-07-17 08:48:26,459 [ERROR] LogOutputStream:75 - [STDERR_REDIRECT] 
2026-07-17 08:48:27,399 [ERROR] LogOutputStream:75 - [STDERR_REDIRECT] [Fatal Error] :1:1: Premature end of file.
2026-07-17 08:48:27,399 [ERROR] LogOutputStream:75 - [STDERR_REDIRECT] 
2026-07-17 08:48:28,394 [ERROR] LogOutputStream:75 - [STDERR_REDIRECT] [Fatal Error] :1:1: Premature end of file.
2026-07-17 08:48:28,394 [ERROR] LogOutputStream:75 - [STDERR_REDIRECT] 
2026-07-17 08:48:29,392 [ERROR] LogOutputStream:75 - [STDERR_REDIRECT] [Fatal Error] :1:1: Premature end of file.
2026-07-17 08:48:29,392 [ERROR] LogOutputStream:75 - [STDERR_REDIRECT] 
2026-07-17 08:48:30,396 [ERROR] LogOutputStream:75 - [STDERR_REDIRECT] [Fatal Error] :1:1: Premature end of file.
2026-07-17 08:48:30,396 [ERROR] LogOutputStream:75 - [STDERR_REDIRECT] 
2026-07-17 08:48:31,403 [ERROR] LogOutputStream:75 - [STDERR_REDIRECT] [Fatal Error] :1:1: Premature end of file.
2026-07-17 08:48:31,404 [ERROR] LogOutputStream:75 - [STDERR_REDIRECT] 
2026-07-17 08:48:32,410 [ERROR] LogOutputStream:75 - [STDERR_REDIRECT] [Fatal Error] :1:1: Premature end of file.
2026-07-17 08:48:32,410 [ERROR] LogOutputStream:75 - [STDERR_REDIRECT] 
2026-07-17 08:48:33,374 [ERROR] LogOutputStream:75 - [STDERR_REDIRECT] [Fatal Error] :1:1: Premature end of file.
2026-07-17 08:48:33,374 [ERROR] LogOutputStream:75 - [STDERR_REDIRECT] 
2026-07-17 08:48:34,396 [ERROR] LogOutputStream:75 - [STDERR_REDIRECT] [Fatal Error] :1:1: Premature end of file.
2026-07-17 08:48:34,397 [ERROR] LogOutputStream:75 - [STDERR_REDIRECT] 
2026-07-17 08:48:35,398 [ERROR] LogOutputStream:75 - [STDERR_REDIRECT] [Fatal Error] :1:1: Premature end of file.
2026-07-17 08:48:35,398 [ERROR] LogOutputStream:75 - [STDERR_REDIRECT] 
2026-07-17 08:48:36,428 [ERROR] LogOutputStream:75 - [STDERR_REDIRECT] [Fatal Error] :1:1: Premature end of file.
2026-07-17 08:48:36,428 [ERROR] LogOutputStream:75 - [STDERR_REDIRECT] 
2026-07-17 08:48:37,409 [ERROR] LogOutputStream:75 - [STDERR_REDIRECT] [Fatal Error] :1:1: Premature end of file.
2026-07-17 08:48:37,409 [ERROR] LogOutputStream:75 - [STDERR_REDIRECT] 
2026-07-17 08:48:38,422 [ERROR] LogOutputStream:75 - [STDERR_REDIRECT] [Fatal Error] :1:1: Premature end of file.
2026-07-17 08:48:38,423 [ERROR] LogOutputStream:75 - [STDERR_REDIRECT] 
2026-07-17 08:48:39,386 [ERROR] LogOutputStream:75 - [STDERR_REDIRECT] [Fatal Error] :1:1: Premature end of file.
2026-07-17 08:48:39,386 [ERROR] LogOutputStream:75 - [STDERR_REDIRECT] 
2026-07-17 08:48:40,388 [ERROR] LogOutputStream:75 - [STDERR_REDIRECT] [Fatal Error] :1:1: Premature end of file.
2026-07-17 08:48:40,388 [ERROR] LogOutputStream:75 - [STDERR_REDIRECT] 
2026-07-17 08:48:41,394 [ERROR] LogOutputStream:75 - [STDERR_REDIRECT] [Fatal Error] :1:1: Premature end of file.
2026-07-17 08:48:41,394 [ERROR] LogOutputStream:75 - [STDERR_REDIRECT] 
2026-07-17 08:48:42,389 [ERROR] LogOutputStream:75 - [STDERR_REDIRECT] [Fatal Error] :1:1: Premature end of file.
2026-07-17 08:48:42,389 [ERROR] LogOutputStream:75 - [STDERR_REDIRECT] 
2026-07-17 08:48:43,396 [ERROR] LogOutputStream:75 - [STDERR_REDIRECT] [Fatal Error] :1:1: Premature end of file.
2026-07-17 08:48:43,396 [ERROR] LogOutputStream:75 - [STDERR_REDIRECT] 
2026-07-17 08:48:44,375 [ERROR] LogOutputStream:75 - [STDERR_REDIRECT] [Fatal Error] :1:1: Premature end of file.
2026-07-17 08:48:44,375 [ERROR] LogOutputStream:75 - [STDERR_REDIRECT] 
2026-07-17 08:48:45,381 [ERROR] LogOutputStream:75 - [STDERR_REDIRECT] [Fatal Error] :1:1: Premature end of file.
2026-07-17 08:48:45,381 [ERROR] LogOutputStream:75 - [STDERR_REDIRECT] 
2026-07-17 08:48:46,416 [ERROR] LogOutputStream:75 - [STDERR_REDIRECT] [Fatal Error] :1:1: Premature end of file.
2026-07-17 08:48:46,416 [ERROR] LogOutputStream:75 - [STDERR_REDIRECT] 
2026-07-17 08:48:47,408 [ERROR] LogOutputStream:75 - [STDERR_REDIRECT] [Fatal Error] :1:1: Premature end of file.
2026-07-17 08:48:47,408 [ERROR] LogOutputStream:75 - [STDERR_REDIRECT] 
2026-07-17 08:48:48,402 [ERROR] LogOutputStream:75 - [STDERR_REDIRECT] [Fatal Error] :1:1: Premature end of file.
2026-07-17 08:48:48,402 [ERROR] LogOutputStream:75 - [STDERR_REDIRECT] 
2026-07-17 08:48:49,425 [ERROR] LogOutputStream:75 - [STDERR_REDIRECT] [Fatal Error] :1:1: Premature end of file.
2026-07-17 08:48:49,425 [ERROR] LogOutputStream:75 - [STDERR_REDIRECT] 
2026-07-17 08:48:50,387 [ERROR] LogOutputStream:75 - [STDERR_REDIRECT] [Fatal Error] :1:1: Premature end of file.
2026-07-17 08:48:50,387 [ERROR] LogOutputStream:75 - [STDERR_REDIRECT] 
2026-07-17 08:48:51,423 [ERROR] LogOutputStream:75 - [STDERR_REDIRECT] [Fatal Error] :1:1: Premature end of file.
2026-07-17 08:48:51,424 [ERROR] LogOutputStream:75 - [STDERR_REDIRECT] 
2026-07-17 08:48:52,394 [ERROR] LogOutputStream:75 - [STDERR_REDIRECT] [Fatal Error] :1:1: Premature end of file.
2026-07-17 08:48:52,394 [ERROR] LogOutputStream:75 - [STDERR_REDIRECT] 
2026-07-17 08:48:53,414 [ERROR] LogOutputStream:75 - [STDERR_REDIRECT] [Fatal Error] :1:1: Premature end of file.
2026-07-17 08:48:53,414 [ERROR] LogOutputStream:75 - [STDERR_REDIRECT] 
2026-07-17 08:48:54,406 [ERROR] LogOutputStream:75 - [STDERR_REDIRECT] [Fatal Error] :1:1: Premature end of file.
2026-07-17 08:48:54,406 [ERROR] LogOutputStream:75 - [STDERR_REDIRECT] 
2026-07-17 08:48:55,408 [ERROR] LogOutputStream:75 - [STDERR_REDIRECT] [Fatal Error] :1:1: Premature end of file.
2026-07-17 08:48:55,408 [ERROR] LogOutputStream:75 - [STDERR_REDIRECT] 
2026-07-17 08:48:56,382 [ERROR] LogOutputStream:75 - [STDERR_REDIRECT] [Fatal Error] :1:1: Premature end of file.
2026-07-17 08:48:56,382 [ERROR] LogOutputStream:75 - [STDERR_REDIRECT] 
2026-07-17 08:48:57,409 [ERROR] LogOutputStream:75 - [STDERR_REDIRECT] [Fatal Error] :1:1: Premature end of file.
2026-07-17 08:48:57,409 [ERROR] LogOutputStream:75 - [STDERR_REDIRECT] 
2026-07-17 08:48:58,392 [ERROR] LogOutputStream:75 - [STDERR_REDIRECT] [Fatal Error] :1:1: Premature end of file.
2026-07-17 08:48:58,392 [ERROR] LogOutputStream:75 - [STDERR_REDIRECT] 
2026-07-17 08:48:59,385 [ERROR] LogOutputStream:75 - [STDERR_REDIRECT] [Fatal Error] :1:1: Premature end of file.
2026-07-17 08:48:59,385 [ERROR] LogOutputStream:75 - [STDERR_REDIRECT] 
2026-07-17 08:49:00,403 [ERROR] LogOutputStream:75 - [STDERR_REDIRECT] [Fatal Error] :1:1: Premature end of file.
2026-07-17 08:49:00,403 [ERROR] LogOutputStream:75 - [STDERR_REDIRECT] 
2026-07-17 08:49:01,430 [ERROR] LogOutputStream:75 - [STDERR_REDIRECT] [Fatal Error] :1:1: Premature end of file.
2026-07-17 08:49:01,431 [ERROR] LogOutputStream:75 - [STDERR_REDIRECT] 
2026-07-17 08:49:02,399 [ERROR] LogOutputStream:75 - [STDERR_REDIRECT] [Fatal Error] :1:1: Premature end of file.
2026-07-17 08:49:02,399 [ERROR] LogOutputStream:75 - [STDERR_REDIRECT] 
2026-07-17 08:49:03,391 [ERROR] LogOutputStream:75 - [STDERR_REDIRECT] [Fatal Error] :1:1: Premature end of file.
2026-07-17 08:49:03,391 [ERROR] LogOutputStream:75 - [STDERR_REDIRECT] 
2026-07-17 08:49:04,394 [ERROR] LogOutputStream:75 - [STDERR_REDIRECT] [Fatal Error] :1:1: Premature end of file.
2026-07-17 08:49:04,394 [ERROR] LogOutputStream:75 - [STDERR_REDIRECT] 
2026-07-17 08:49:05,409 [ERROR] LogOutputStream:75 - [STDERR_REDIRECT] [Fatal Error] :1:1: Premature end of file.
2026-07-17 08:49:05,409 [ERROR] LogOutputStream:75 - [STDERR_REDIRECT] 
2026-07-17 08:49:06,379 [ERROR] LogOutputStream:75 - [STDERR_REDIRECT] [Fatal Error] :1:1: Premature end of file.
2026-07-17 08:49:06,379 [ERROR] LogOutputStream:75 - [STDERR_REDIRECT] 
2026-07-17 08:49:07,390 [ERROR] LogOutputStream:75 - [STDERR_REDIRECT] [Fatal Error] :1:1: Premature end of file.
2026-07-17 08:49:07,390 [ERROR] LogOutputStream:75 - [STDERR_REDIRECT] 
2026-07-17 08:49:08,390 [ERROR] LogOutputStream:75 - [STDERR_REDIRECT] [Fatal Error] :1:1: Premature end of file.
2026-07-17 08:49:08,390 [ERROR] LogOutputStream:75 - [STDERR_REDIRECT] 
2026-07-17 08:49:09,405 [ERROR] LogOutputStream:75 - [STDERR_REDIRECT] [Fatal Error] :1:1: Premature end of file.
2026-07-17 08:49:09,405 [ERROR] LogOutputStream:75 - [STDERR_REDIRECT] 
2026-07-17 08:49:10,418 [ERROR] LogOutputStream:75 - [STDERR_REDIRECT] [Fatal Error] :1:1: Premature end of file.
2026-07-17 08:49:10,418 [ERROR] LogOutputStream:75 - [STDERR_REDIRECT] 
2026-07-17 08:49:11,384 [ERROR] LogOutputStream:75 - [STDERR_REDIRECT] [Fatal Error] :1:1: Premature end of file.
2026-07-17 08:49:11,384 [ERROR] LogOutputStream:75 - [STDERR_REDIRECT] 
2026-07-17 08:49:12,388 [ERROR] LogOutputStream:75 - [STDERR_REDIRECT] [Fatal Error] :1:1: Premature end of file.
2026-07-17 08:49:12,388 [ERROR] LogOutputStream:75 - [STDERR_REDIRECT] 
2026-07-17 08:49:13,407 [ERROR] LogOutputStream:75 - [STDERR_REDIRECT] [Fatal Error] :1:1: Premature end of file.
2026-07-17 08:49:13,407 [ERROR] LogOutputStream:75 - [STDERR_REDIRECT] 
2026-07-17 08:49:14,422 [ERROR] LogOutputStream:75 - [STDERR_REDIRECT] [Fatal Error] :1:1: Premature end of file.
2026-07-17 08:49:14,423 [ERROR] LogOutputStream:75 - [STDERR_REDIRECT] 
2026-07-17 08:49:15,389 [ERROR] LogOutputStream:75 - [STDERR_REDIRECT] [Fatal Error] :1:1: Premature end of file.
2026-07-17 08:49:15,389 [ERROR] LogOutputStream:75 - [STDERR_REDIRECT] 
2026-07-17 08:49:16,404 [ERROR] LogOutputStream:75 - [STDERR_REDIRECT] [Fatal Error] :1:1: Premature end of file.
2026-07-17 08:49:16,405 [ERROR] LogOutputStream:75 - [STDERR_REDIRECT] 
2026-07-17 08:49:17,395 [ERROR] LogOutputStream:75 - [STDERR_REDIRECT] [Fatal Error] :1:1: Premature end of file.
2026-07-17 08:49:17,395 [ERROR] LogOutputStream:75 - [STDERR_REDIRECT] 
2026-07-17 08:49:18,384 [ERROR] LogOutputStream:75 - [STDERR_REDIRECT] [Fatal Error] :1:1: Premature end of file.
2026-07-17 08:49:18,385 [ERROR] LogOutputStream:75 - [STDERR_REDIRECT] 
2026-07-17 08:49:19,399 [ERROR] LogOutputStream:75 - [STDERR_REDIRECT] [Fatal Error] :1:1: Premature end of file.
2026-07-17 08:49:19,400 [ERROR] LogOutputStream:75 - [STDERR_REDIRECT] 
2026-07-17 08:49:20,395 [ERROR] LogOutputStream:75 - [STDERR_REDIRECT] [Fatal Error] :1:1: Premature end of file.
2026-07-17 08:49:20,395 [ERROR] LogOutputStream:75 - [STDERR_REDIRECT] 
2026-07-17 08:49:21,374 [ERROR] LogOutputStream:75 - [STDERR_REDIRECT] [Fatal Error] :1:1: Premature end of file.
2026-07-17 08:49:21,374 [ERROR] LogOutputStream:75 - [STDERR_REDIRECT] 
2026-07-17 08:49:22,394 [ERROR] LogOutputStream:75 - [STDERR_REDIRECT] [Fatal Error] :1:1: Premature end of file.
2026-07-17 08:49:22,394 [ERROR] LogOutputStream:75 - [STDERR_REDIRECT] 
2026-07-17 08:49:23,397 [ERROR] LogOutputStream:75 - [STDERR_REDIRECT] [Fatal Error] :1:1: Premature end of file.
2026-07-17 08:49:23,397 [ERROR] LogOutputStream:75 - [STDERR_REDIRECT] 
2026-07-17 08:49:24,396 [ERROR] LogOutputStream:75 - [STDERR_REDIRECT] [Fatal Error] :1:1: Premature end of file.
2026-07-17 08:49:24,397 [ERROR] LogOutputStream:75 - [STDERR_REDIRECT] 
2026-07-17 08:49:25,424 [ERROR] LogOutputStream:75 - [STDERR_REDIRECT] [Fatal Error] :1:1: Premature end of file.
2026-07-17 08:49:25,425 [ERROR] LogOutputStream:75 - [STDERR_REDIRECT] 
2026-07-17 08:49:26,400 [ERROR] LogOutputStream:75 - [STDERR_REDIRECT] [Fatal Error] :1:1: Premature end of file.
2026-07-17 08:49:26,400 [ERROR] LogOutputStream:75 - [STDERR_REDIRECT] 
2026-07-17 08:49:27,385 [ERROR] LogOutputStream:75 - [STDERR_REDIRECT] [Fatal Error] :1:1: Premature end of file.
2026-07-17 08:49:27,385 [ERROR] LogOutputStream:75 - [STDERR_REDIRECT] 
2026-07-17 08:49:28,385 [ERROR] LogOutputStream:75 - [STDERR_REDIRECT] [Fatal Error] :1:1: Premature end of file.
2026-07-17 08:49:28,385 [ERROR] LogOutputStream:75 - [STDERR_REDIRECT] 
2026-07-17 08:49:29,380 [ERROR] LogOutputStream:75 - [STDERR_REDIRECT] [Fatal Error] :1:1: Premature end of file.
2026-07-17 08:49:29,380 [ERROR] LogOutputStream:75 - [STDERR_REDIRECT] 
2026-07-17 08:49:30,383 [ERROR] LogOutputStream:75 - [STDERR_REDIRECT] [Fatal Error] :1:1: Premature end of file.
2026-07-17 08:49:30,383 [ERROR] LogOutputStream:75 - [STDERR_REDIRECT] 
2026-07-17 08:49:31,387 [ERROR] LogOutputStream:75 - [STDERR_REDIRECT] [Fatal Error] :1:1: Premature end of file.
2026-07-17 08:49:31,387 [ERROR] LogOutputStream:75 - [STDERR_REDIRECT] 
2026-07-17 08:49:32,396 [ERROR] LogOutputStream:75 - [STDERR_REDIRECT] [Fatal Error] :1:1: Premature end of file.
2026-07-17 08:49:32,396 [ERROR] LogOutputStream:75 - [STDERR_REDIRECT] 
2026-07-17 08:49:33,411 [ERROR] LogOutputStream:75 - [STDERR_REDIRECT] [Fatal Error] :1:1: Premature end of file.
2026-07-17 08:49:33,411 [ERROR] LogOutputStream:75 - [STDERR_REDIRECT] 
2026-07-17 08:49:34,398 [ERROR] LogOutputStream:75 - [STDERR_REDIRECT] [Fatal Error] :1:1: Premature end of file.
2026-07-17 08:49:34,398 [ERROR] LogOutputStream:75 - [STDERR_REDIRECT] 
2026-07-17 08:49:35,401 [ERROR] LogOutputStream:75 - [STDERR_REDIRECT] [Fatal Error] :1:1: Premature end of file.
2026-07-17 08:49:35,401 [ERROR] LogOutputStream:75 - [STDERR_REDIRECT] 
2026-07-17 08:49:36,397 [ERROR] LogOutputStream:75 - [STDERR_REDIRECT] [Fatal Error] :1:1: Premature end of file.
2026-07-17 08:49:36,397 [ERROR] LogOutputStream:75 - [STDERR_REDIRECT] 
2026-07-17 08:49:37,392 [ERROR] LogOutputStream:75 - [STDERR_REDIRECT] [Fatal Error] :1:1: Premature end of file.
2026-07-17 08:49:37,392 [ERROR] LogOutputStream:75 - [STDERR_REDIRECT] 
2026-07-17 08:49:38,388 [ERROR] LogOutputStream:75 - [STDERR_REDIRECT] [Fatal Error] :1:1: Premature end of file.
2026-07-17 08:49:38,388 [ERROR] LogOutputStream:75 - [STDERR_REDIRECT] 
2026-07-17 08:49:39,403 [ERROR] LogOutputStream:75 - [STDERR_REDIRECT] [Fatal Error] :1:1: Premature end of file.
2026-07-17 08:49:39,403 [ERROR] LogOutputStream:75 - [STDERR_REDIRECT] 
2026-07-17 08:49:40,405 [ERROR] LogOutputStream:75 - [STDERR_REDIRECT] [Fatal Error] :1:1: Premature end of file.
2026-07-17 08:49:40,406 [ERROR] LogOutputStream:75 - [STDERR_REDIRECT] 
2026-07-17 08:49:41,390 [ERROR] LogOutputStream:75 - [STDERR_REDIRECT] [Fatal Error] :1:1: Premature end of file.
2026-07-17 08:49:41,391 [ERROR] LogOutputStream:75 - [STDERR_REDIRECT] 
2026-07-17 08:49:42,395 [ERROR] LogOutputStream:75 - [STDERR_REDIRECT] [Fatal Error] :1:1: Premature end of file.
2026-07-17 08:49:42,395 [ERROR] LogOutputStream:75 - [STDERR_REDIRECT] 
2026-07-17 08:49:43,410 [ERROR] LogOutputStream:75 - [STDERR_REDIRECT] [Fatal Error] :1:1: Premature end of file.
2026-07-17 08:49:43,410 [ERROR] LogOutputStream:75 - [STDERR_REDIRECT] 
2026-07-17 08:49:44,393 [ERROR] LogOutputStream:75 - [STDERR_REDIRECT] [Fatal Error] :1:1: Premature end of file.
2026-07-17 08:49:44,393 [ERROR] LogOutputStream:75 - [STDERR_REDIRECT] 
2026-07-17 08:49:45,386 [ERROR] LogOutputStream:75 - [STDERR_REDIRECT] [Fatal Error] :1:1: Premature end of file.
2026-07-17 08:49:45,386 [ERROR] LogOutputStream:75 - [STDERR_REDIRECT] 
2026-07-17 08:49:46,395 [ERROR] LogOutputStream:75 - [STDERR_REDIRECT] [Fatal Error] :1:1: Premature end of file.
2026-07-17 08:49:46,395 [ERROR] LogOutputStream:75 - [STDERR_REDIRECT] 
2026-07-17 08:49:47,391 [ERROR] LogOutputStream:75 - [STDERR_REDIRECT] [Fatal Error] :1:1: Premature end of file.
2026-07-17 08:49:47,392 [ERROR] LogOutputStream:75 - [STDERR_REDIRECT] 
2026-07-17 08:49:48,387 [ERROR] LogOutputStream:75 - [STDERR_REDIRECT] [Fatal Error] :1:1: Premature end of file.
2026-07-17 08:49:48,387 [ERROR] LogOutputStream:75 - [STDERR_REDIRECT] 
2026-07-17 08:49:49,395 [ERROR] LogOutputStream:75 - [STDERR_REDIRECT] [Fatal Error] :1:1: Premature end of file.
2026-07-17 08:49:49,395 [ERROR] LogOutputStream:75 - [STDERR_REDIRECT] 
2026-07-17 08:49:50,427 [ERROR] LogOutputStream:75 - [STDERR_REDIRECT] [Fatal Error] :1:1: Premature end of file.
2026-07-17 08:49:50,428 [ERROR] LogOutputStream:75 - [STDERR_REDIRECT] 
2026-07-17 08:49:51,399 [ERROR] LogOutputStream:75 - [STDERR_REDIRECT] [Fatal Error] :1:1: Premature end of file.
2026-07-17 08:49:51,399 [ERROR] LogOutputStream:75 - [STDERR_REDIRECT] 
2026-07-17 08:49:52,387 [ERROR] LogOutputStream:75 - [STDERR_REDIRECT] [Fatal Error] :1:1: Premature end of file.
2026-07-17 08:49:52,387 [ERROR] LogOutputStream:75 - [STDERR_REDIRECT] 
2026-07-17 08:49:53,401 [ERROR] LogOutputStream:75 - [STDERR_REDIRECT] [Fatal Error] :1:1: Premature end of file.
2026-07-17 08:49:53,402 [ERROR] LogOutputStream:75 - [STDERR_REDIRECT] 
2026-07-17 08:49:54,394 [ERROR] LogOutputStream:75 - [STDERR_REDIRECT] [Fatal Error] :1:1: Premature end of file.
2026-07-17 08:49:54,394 [ERROR] LogOutputStream:75 - [STDERR_REDIRECT] 
2026-07-17 08:49:55,392 [ERROR] LogOutputStream:75 - [STDERR_REDIRECT] [Fatal Error] :1:1: Premature end of file.
2026-07-17 08:49:55,392 [ERROR] LogOutputStream:75 - [STDERR_REDIRECT] 
2026-07-17 08:49:56,393 [ERROR] LogOutputStream:75 - [STDERR_REDIRECT] [Fatal Error] :1:1: Premature end of file.
2026-07-17 08:49:56,393 [ERROR] LogOutputStream:75 - [STDERR_REDIRECT] 
2026-07-17 08:49:57,450 [ERROR] LogOutputStream:75 - [STDERR_REDIRECT] [Fatal Error] :1:1: Premature end of file.
2026-07-17 08:49:57,450 [ERROR] LogOutputStream:75 - [STDERR_REDIRECT] 
2026-07-17 08:49:58,388 [ERROR] LogOutputStream:75 - [STDERR_REDIRECT] [Fatal Error] :1:1: Premature end of file.
2026-07-17 08:49:58,388 [ERROR] LogOutputStream:75 - [STDERR_REDIRECT] 
2026-07-17 08:49:59,406 [ERROR] LogOutputStream:75 - [STDERR_REDIRECT] [Fatal Error] :1:1: Premature end of file.
2026-07-17 08:49:59,406 [ERROR] LogOutputStream:75 - [STDERR_REDIRECT] 
2026-07-17 08:50:00,392 [ERROR] LogOutputStream:75 - [STDERR_REDIRECT] [Fatal Error] :1:1: Premature end of file.
2026-07-17 08:50:00,392 [ERROR] LogOutputStream:75 - [STDERR_REDIRECT] 
2026-07-17 08:50:01,410 [ERROR] LogOutputStream:75 - [STDERR_REDIRECT] [Fatal Error] :1:1: Premature end of file.
2026-07-17 08:50:01,410 [ERROR] LogOutputStream:75 - [STDERR_REDIRECT] 
2026-07-17 08:50:02,412 [ERROR] LogOutputStream:75 - [STDERR_REDIRECT] [Fatal Error] :1:1: Premature end of file.
2026-07-17 08:50:02,412 [ERROR] LogOutputStream:75 - [STDERR_REDIRECT] 
2026-07-17 08:50:03,385 [ERROR] LogOutputStream:75 - [STDERR_REDIRECT] [Fatal Error] :1:1: Premature end of file.
2026-07-17 08:50:03,385 [ERROR] LogOutputStream:75 - [STDERR_REDIRECT] 
2026-07-17 08:50:04,414 [ERROR] LogOutputStream:75 - [STDERR_REDIRECT] [Fatal Error] :1:1: Premature end of file.
2026-07-17 08:50:04,415 [ERROR] LogOutputStream:75 - [STDERR_REDIRECT] 
2026-07-17 08:50:05,398 [ERROR] LogOutputStream:75 - [STDERR_REDIRECT] [Fatal Error] :1:1: Premature end of file.
2026-07-17 08:50:05,398 [ERROR] LogOutputStream:75 - [STDERR_REDIRECT] 
2026-07-17 08:50:06,428 [ERROR] LogOutputStream:75 - [STDERR_REDIRECT] [Fatal Error] :1:1: Premature end of file.
2026-07-17 08:50:06,429 [ERROR] LogOutputStream:75 - [STDERR_REDIRECT] 
2026-07-17 08:50:07,419 [ERROR] LogOutputStream:75 - [STDERR_REDIRECT] [Fatal Error] :1:1: Premature end of file.
2026-07-17 08:50:07,419 [ERROR] LogOutputStream:75 - [STDERR_REDIRECT] 
2026-07-17 08:50:08,424 [ERROR] LogOutputStream:75 - [STDERR_REDIRECT] [Fatal Error] :1:1: Premature end of file.
2026-07-17 08:50:08,424 [ERROR] LogOutputStream:75 - [STDERR_REDIRECT] 
2026-07-17 08:50:09,386 [ERROR] LogOutputStream:75 - [STDERR_REDIRECT] [Fatal Error] :1:1: Premature end of file.
2026-07-17 08:50:09,386 [ERROR] LogOutputStream:75 - [STDERR_REDIRECT] 
2026-07-17 08:50:10,401 [ERROR] LogOutputStream:75 - [STDERR_REDIRECT] [Fatal Error] :1:1: Premature end of file.
2026-07-17 08:50:10,401 [ERROR] LogOutputStream:75 - [STDERR_REDIRECT] 
2026-07-17 08:50:11,406 [ERROR] LogOutputStream:75 - [STDERR_REDIRECT] [Fatal Error] :1:1: Premature end of file.
2026-07-17 08:50:11,406 [ERROR] LogOutputStream:75 - [STDERR_REDIRECT] 
2026-07-17 08:50:12,409 [ERROR] LogOutputStream:75 - [STDERR_REDIRECT] [Fatal Error] :1:1: Premature end of file.
2026-07-17 08:50:12,409 [ERROR] LogOutputStream:75 - [STDERR_REDIRECT] 
2026-07-17 08:50:13,385 [ERROR] LogOutputStream:75 - [STDERR_REDIRECT] [Fatal Error] :1:1: Premature end of file.
2026-07-17 08:50:13,385 [ERROR] LogOutputStream:75 - [STDERR_REDIRECT] 
2026-07-17 08:50:14,386 [ERROR] LogOutputStream:75 - [STDERR_REDIRECT] [Fatal Error] :1:1: Premature end of file.
2026-07-17 08:50:14,387 [ERROR] LogOutputStream:75 - [STDERR_REDIRECT] 
2026-07-17 08:50:15,374 [ERROR] LogOutputStream:75 - [STDERR_REDIRECT] [Fatal Error] :1:1: Premature end of file.
2026-07-17 08:50:15,374 [ERROR] LogOutputStream:75 - [STDERR_REDIRECT] 
2026-07-17 08:50:16,424 [ERROR] LogOutputStream:75 - [STDERR_REDIRECT] [Fatal Error] :1:1: Premature end of file.
2026-07-17 08:50:16,424 [ERROR] LogOutputStream:75 - [STDERR_REDIRECT] 
2026-07-17 08:50:17,403 [ERROR] LogOutputStream:75 - [STDERR_REDIRECT] [Fatal Error] :1:1: Premature end of file.
2026-07-17 08:50:17,403 [ERROR] LogOutputStream:75 - [STDERR_REDIRECT] 
2026-07-17 08:50:18,393 [ERROR] LogOutputStream:75 - [STDERR_REDIRECT] [Fatal Error] :1:1: Premature end of file.
2026-07-17 08:50:18,393 [ERROR] LogOutputStream:75 - [STDERR_REDIRECT] 
2026-07-17 08:50:19,388 [ERROR] LogOutputStream:75 - [STDERR_REDIRECT] [Fatal Error] :1:1: Premature end of file.
2026-07-17 08:50:19,388 [ERROR] LogOutputStream:75 - [STDERR_REDIRECT] 
2026-07-17 08:50:20,408 [ERROR] LogOutputStream:75 - [STDERR_REDIRECT] [Fatal Error] :1:1: Premature end of file.
2026-07-17 08:50:20,408 [ERROR] LogOutputStream:75 - [STDERR_REDIRECT] 
2026-07-17 08:50:21,385 [ERROR] LogOutputStream:75 - [STDERR_REDIRECT] [Fatal Error] :1:1: Premature end of file.
2026-07-17 08:50:21,386 [ERROR] LogOutputStream:75 - [STDERR_REDIRECT] 
2026-07-17 08:50:22,411 [ERROR] LogOutputStream:75 - [STDERR_REDIRECT] [Fatal Error] :1:1: Premature end of file.
2026-07-17 08:50:22,411 [ERROR] LogOutputStream:75 - [STDERR_REDIRECT] 
2026-07-17 08:50:23,389 [ERROR] LogOutputStream:75 - [STDERR_REDIRECT] [Fatal Error] :1:1: Premature end of file.
2026-07-17 08:50:23,389 [ERROR] LogOutputStream:75 - [STDERR_REDIRECT] 
2026-07-17 08:50:24,372 [ERROR] LogOutputStream:75 - [STDERR_REDIRECT] [Fatal Error] :1:1: Premature end of file.
2026-07-17 08:50:24,372 [ERROR] LogOutputStream:75 - [STDERR_REDIRECT] 
2026-07-17 08:50:25,389 [ERROR] LogOutputStream:75 - [STDERR_REDIRECT] [Fatal Error] :1:1: Premature end of file.
2026-07-17 08:50:25,390 [ERROR] LogOutputStream:75 - [STDERR_REDIRECT] 
2026-07-17 08:50:26,399 [ERROR] LogOutputStream:75 - [STDERR_REDIRECT] [Fatal Error] :1:1: Premature end of file.
2026-07-17 08:50:26,400 [ERROR] LogOutputStream:75 - [STDERR_REDIRECT] 
2026-07-17 08:50:27,444 [ERROR] LogOutputStream:75 - [STDERR_REDIRECT] [Fatal Error] :1:1: Premature end of file.
2026-07-17 08:50:27,444 [ERROR] LogOutputStream:75 - [STDERR_REDIRECT] 
2026-07-17 08:50:28,455 [ERROR] LogOutputStream:75 - [STDERR_REDIRECT] [Fatal Error] :1:1: Premature end of file.
2026-07-17 08:50:28,455 [ERROR] LogOutputStream:75 - [STDERR_REDIRECT] 
2026-07-17 08:50:29,418 [ERROR] LogOutputStream:75 - [STDERR_REDIRECT] [Fatal Error] :1:1: Premature end of file.
2026-07-17 08:50:29,418 [ERROR] LogOutputStream:75 - [STDERR_REDIRECT] 
2026-07-17 08:50:30,399 [ERROR] LogOutputStream:75 - [STDERR_REDIRECT] [Fatal Error] :1:1: Premature end of file.
2026-07-17 08:50:30,399 [ERROR] LogOutputStream:75 - [STDERR_REDIRECT] 
2026-07-17 08:50:31,419 [ERROR] LogOutputStream:75 - [STDERR_REDIRECT] [Fatal Error] :1:1: Premature end of file.
2026-07-17 08:50:31,421 [ERROR] LogOutputStream:75 - [STDERR_REDIRECT] 
2026-07-17 08:50:32,395 [ERROR] LogOutputStream:75 - [STDERR_REDIRECT] [Fatal Error] :1:1: Premature end of file.
2026-07-17 08:50:32,395 [ERROR] LogOutputStream:75 - [STDERR_REDIRECT] 
2026-07-17 08:50:33,414 [ERROR] LogOutputStream:75 - [STDERR_REDIRECT] [Fatal Error] :1:1: Premature end of file.
2026-07-17 08:50:33,415 [ERROR] LogOutputStream:75 - [STDERR_REDIRECT] 
2026-07-17 08:50:34,399 [ERROR] LogOutputStream:75 - [STDERR_REDIRECT] [Fatal Error] :1:1: Premature end of file.
2026-07-17 08:50:34,399 [ERROR] LogOutputStream:75 - [STDERR_REDIRECT] 
2026-07-17 08:50:35,398 [ERROR] LogOutputStream:75 - [STDERR_REDIRECT] [Fatal Error] :1:1: Premature end of file.
2026-07-17 08:50:35,399 [ERROR] LogOutputStream:75 - [STDERR_REDIRECT] 
2026-07-17 08:50:36,404 [ERROR] LogOutputStream:75 - [STDERR_REDIRECT] [Fatal Error] :1:1: Premature end of file.
2026-07-17 08:50:36,404 [ERROR] LogOutputStream:75 - [STDERR_REDIRECT] 
2026-07-17 08:50:37,380 [ERROR] LogOutputStream:75 - [STDERR_REDIRECT] [Fatal Error] :1:1: Premature end of file.
2026-07-17 08:50:37,380 [ERROR] LogOutputStream:75 - [STDERR_REDIRECT] 
2026-07-17 08:50:38,402 [ERROR] LogOutputStream:75 - [STDERR_REDIRECT] [Fatal Error] :1:1: Premature end of file.
2026-07-17 08:50:38,402 [ERROR] LogOutputStream:75 - [STDERR_REDIRECT] 
2026-07-17 08:50:39,386 [ERROR] LogOutputStream:75 - [STDERR_REDIRECT] [Fatal Error] :1:1: Premature end of file.
2026-07-17 08:50:39,387 [ERROR] LogOutputStream:75 - [STDERR_REDIRECT] 
2026-07-17 08:50:40,376 [ERROR] LogOutputStream:75 - [STDERR_REDIRECT] [Fatal Error] :1:1: Premature end of file.
2026-07-17 08:50:40,376 [ERROR] LogOutputStream:75 - [STDERR_REDIRECT] 
2026-07-17 08:50:41,410 [ERROR] LogOutputStream:75 - [STDERR_REDIRECT] [Fatal Error] :1:1: Premature end of file.
2026-07-17 08:50:41,412 [ERROR] LogOutputStream:75 - [STDERR_REDIRECT] 
2026-07-17 08:50:42,423 [ERROR] LogOutputStream:75 - [STDERR_REDIRECT] [Fatal Error] :1:1: Premature end of file.
2026-07-17 08:50:42,423 [ERROR] LogOutputStream:75 - [STDERR_REDIRECT] 
2026-07-17 08:50:43,386 [ERROR] LogOutputStream:75 - [STDERR_REDIRECT] [Fatal Error] :1:1: Premature end of file.
2026-07-17 08:50:43,387 [ERROR] LogOutputStream:75 - [STDERR_REDIRECT] 
2026-07-17 08:50:44,387 [ERROR] LogOutputStream:75 - [STDERR_REDIRECT] [Fatal Error] :1:1: Premature end of file.
2026-07-17 08:50:44,387 [ERROR] LogOutputStream:75 - [STDERR_REDIRECT] 
2026-07-17 08:50:45,421 [ERROR] LogOutputStream:75 - [STDERR_REDIRECT] [Fatal Error] :1:1: Premature end of file.
2026-07-17 08:50:45,421 [ERROR] LogOutputStream:75 - [STDERR_REDIRECT] 
2026-07-17 08:50:46,405 [ERROR] LogOutputStream:75 - [STDERR_REDIRECT] [Fatal Error] :1:1: Premature end of file.
2026-07-17 08:50:46,405 [ERROR] LogOutputStream:75 - [STDERR_REDIRECT] 
2026-07-17 08:50:47,405 [ERROR] LogOutputStream:75 - [STDERR_REDIRECT] [Fatal Error] :1:1: Premature end of file.
2026-07-17 08:50:47,405 [ERROR] LogOutputStream:75 - [STDERR_REDIRECT] 
2026-07-17 08:50:48,386 [ERROR] LogOutputStream:75 - [STDERR_REDIRECT] [Fatal Error] :1:1: Premature end of file.
2026-07-17 08:50:48,386 [ERROR] LogOutputStream:75 - [STDERR_REDIRECT] 
2026-07-17 08:50:49,424 [ERROR] LogOutputStream:75 - [STDERR_REDIRECT] [Fatal Error] :1:1: Premature end of file.
2026-07-17 08:50:49,424 [ERROR] LogOutputStream:75 - [STDERR_REDIRECT] 
2026-07-17 08:50:50,422 [ERROR] LogOutputStream:75 - [STDERR_REDIRECT] [Fatal Error] :1:1: Premature end of file.
2026-07-17 08:50:50,423 [ERROR] LogOutputStream:75 - [STDERR_REDIRECT] 
2026-07-17 08:50:51,379 [ERROR] LogOutputStream:75 - [STDERR_REDIRECT] [Fatal Error] :1:1: Premature end of file.
2026-07-17 08:50:51,379 [ERROR] LogOutputStream:75 - [STDERR_REDIRECT] 
2026-07-17 08:50:52,384 [ERROR] LogOutputStream:75 - [STDERR_REDIRECT] [Fatal Error] :1:1: Premature end of file.
2026-07-17 08:50:52,384 [ERROR] LogOutputStream:75 - [STDERR_REDIRECT] 
2026-07-17 08:50:53,399 [ERROR] LogOutputStream:75 - [STDERR_REDIRECT] [Fatal Error] :1:1: Premature end of file.
2026-07-17 08:50:53,399 [ERROR] LogOutputStream:75 - [STDERR_REDIRECT] 
2026-07-17 08:50:54,382 [ERROR] LogOutputStream:75 - [STDERR_REDIRECT] [Fatal Error] :1:1: Premature end of file.
2026-07-17 08:50:54,382 [ERROR] LogOutputStream:75 - [STDERR_REDIRECT] 
2026-07-17 08:50:55,389 [ERROR] LogOutputStream:75 - [STDERR_REDIRECT] [Fatal Error] :1:1: Premature end of file.
2026-07-17 08:50:55,389 [ERROR] LogOutputStream:75 - [STDERR_REDIRECT] 
2026-07-17 08:50:56,381 [ERROR] LogOutputStream:75 - [STDERR_REDIRECT] [Fatal Error] :1:1: Premature end of file.
2026-07-17 08:50:56,381 [ERROR] LogOutputStream:75 - [STDERR_REDIRECT] 
2026-07-17 08:50:57,392 [ERROR] LogOutputStream:75 - [STDERR_REDIRECT] [Fatal Error] :1:1: Premature end of file.
2026-07-17 08:50:57,392 [ERROR] LogOutputStream:75 - [STDERR_REDIRECT] 
2026-07-17 08:50:58,390 [ERROR] LogOutputStream:75 - [STDERR_REDIRECT] [Fatal Error] :1:1: Premature end of file.
2026-07-17 08:50:58,390 [ERROR] LogOutputStream:75 - [STDERR_REDIRECT] 
2026-07-17 08:50:59,386 [ERROR] LogOutputStream:75 - [STDERR_REDIRECT] [Fatal Error] :1:1: Premature end of file.
2026-07-17 08:50:59,386 [ERROR] LogOutputStream:75 - [STDERR_REDIRECT] 
2026-07-17 08:51:00,414 [ERROR] LogOutputStream:75 - [STDERR_REDIRECT] [Fatal Error] :1:1: Premature end of file.
2026-07-17 08:51:00,414 [ERROR] LogOutputStream:75 - [STDERR_REDIRECT] 
2026-07-17 08:51:01,397 [ERROR] LogOutputStream:75 - [STDERR_REDIRECT] [Fatal Error] :1:1: Premature end of file.
2026-07-17 08:51:01,397 [ERROR] LogOutputStream:75 - [STDERR_REDIRECT] 
2026-07-17 08:51:02,380 [ERROR] LogOutputStream:75 - [STDERR_REDIRECT] [Fatal Error] :1:1: Premature end of file.
2026-07-17 08:51:02,380 [ERROR] LogOutputStream:75 - [STDERR_REDIRECT] 
2026-07-17 08:51:03,385 [ERROR] LogOutputStream:75 - [STDERR_REDIRECT] [Fatal Error] :1:1: Premature end of file.
2026-07-17 08:51:03,385 [ERROR] LogOutputStream:75 - [STDERR_REDIRECT] 
2026-07-17 08:51:04,383 [ERROR] LogOutputStream:75 - [STDERR_REDIRECT] [Fatal Error] :1:1: Premature end of file.
2026-07-17 08:51:04,383 [ERROR] LogOutputStream:75 - [STDERR_REDIRECT] 
2026-07-17 08:51:05,388 [ERROR] LogOutputStream:75 - [STDERR_REDIRECT] [Fatal Error] :1:1: Premature end of file.
2026-07-17 08:51:05,389 [ERROR] LogOutputStream:75 - [STDERR_REDIRECT] 
2026-07-17 08:51:06,391 [ERROR] LogOutputStream:75 - [STDERR_REDIRECT] [Fatal Error] :1:1: Premature end of file.
2026-07-17 08:51:06,391 [ERROR] LogOutputStream:75 - [STDERR_REDIRECT] 
2026-07-17 08:51:07,382 [ERROR] LogOutputStream:75 - [STDERR_REDIRECT] [Fatal Error] :1:1: Premature end of file.
2026-07-17 08:51:07,382 [ERROR] LogOutputStream:75 - [STDERR_REDIRECT] 
2026-07-17 08:51:08,388 [ERROR] LogOutputStream:75 - [STDERR_REDIRECT] [Fatal Error] :1:1: Premature end of file.
2026-07-17 08:51:08,388 [ERROR] LogOutputStream:75 - [STDERR_REDIRECT] 
2026-07-17 08:51:09,398 [ERROR] LogOutputStream:75 - [STDERR_REDIRECT] [Fatal Error] :1:1: Premature end of file.
2026-07-17 08:51:09,398 [ERROR] LogOutputStream:75 - [STDERR_REDIRECT] 
2026-07-17 08:51:10,422 [ERROR] LogOutputStream:75 - [STDERR_REDIRECT] [Fatal Error] :1:1: Premature end of file.
2026-07-17 08:51:10,422 [ERROR] LogOutputStream:75 - [STDERR_REDIRECT] 
2026-07-17 08:51:11,394 [ERROR] LogOutputStream:75 - [STDERR_REDIRECT] [Fatal Error] :1:1: Premature end of file.
2026-07-17 08:51:11,394 [ERROR] LogOutputStream:75 - [STDERR_REDIRECT] 
2026-07-17 08:51:12,392 [ERROR] LogOutputStream:75 - [STDERR_REDIRECT] [Fatal Error] :1:1: Premature end of file.
2026-07-17 08:51:12,392 [ERROR] LogOutputStream:75 - [STDERR_REDIRECT] 
2026-07-17 08:51:13,394 [ERROR] LogOutputStream:75 - [STDERR_REDIRECT] [Fatal Error] :1:1: Premature end of file.
2026-07-17 08:51:13,394 [ERROR] LogOutputStream:75 - [STDERR_REDIRECT] 
2026-07-17 08:51:14,397 [ERROR] LogOutputStream:75 - [STDERR_REDIRECT] [Fatal Error] :1:1: Premature end of file.
2026-07-17 08:51:14,398 [ERROR] LogOutputStream:75 - [STDERR_REDIRECT] 
2026-07-17 08:51:15,385 [ERROR] LogOutputStream:75 - [STDERR_REDIRECT] [Fatal Error] :1:1: Premature end of file.
2026-07-17 08:51:15,387 [ERROR] LogOutputStream:75 - [STDERR_REDIRECT] 
2026-07-17 08:51:16,398 [ERROR] LogOutputStream:75 - [STDERR_REDIRECT] [Fatal Error] :1:1: Premature end of file.
2026-07-17 08:51:16,398 [ERROR] LogOutputStream:75 - [STDERR_REDIRECT] 
2026-07-17 08:51:17,402 [ERROR] LogOutputStream:75 - [STDERR_REDIRECT] [Fatal Error] :1:1: Premature end of file.
2026-07-17 08:51:17,402 [ERROR] LogOutputStream:75 - [STDERR_REDIRECT] 
2026-07-17 08:51:18,384 [ERROR] LogOutputStream:75 - [STDERR_REDIRECT] [Fatal Error] :1:1: Premature end of file.
2026-07-17 08:51:18,384 [ERROR] LogOutputStream:75 - [STDERR_REDIRECT] 
2026-07-17 08:51:19,386 [ERROR] LogOutputStream:75 - [STDERR_REDIRECT] [Fatal Error] :1:1: Premature end of file.
2026-07-17 08:51:19,386 [ERROR] LogOutputStream:75 - [STDERR_REDIRECT] 
2026-07-17 08:51:20,373 [ERROR] LogOutputStream:75 - [STDERR_REDIRECT] [Fatal Error] :1:1: Premature end of file.
2026-07-17 08:51:20,373 [ERROR] LogOutputStream:75 - [STDERR_REDIRECT] 
2026-07-17 08:51:21,388 [ERROR] LogOutputStream:75 - [STDERR_REDIRECT] [Fatal Error] :1:1: Premature end of file.
2026-07-17 08:51:21,388 [ERROR] LogOutputStream:75 - [STDERR_REDIRECT] 
2026-07-17 08:51:22,380 [ERROR] LogOutputStream:75 - [STDERR_REDIRECT] [Fatal Error] :1:1: Premature end of file.
2026-07-17 08:51:22,380 [ERROR] LogOutputStream:75 - [STDERR_REDIRECT] 
2026-07-17 08:51:23,384 [ERROR] LogOutputStream:75 - [STDERR_REDIRECT] [Fatal Error] :1:1: Premature end of file.
2026-07-17 08:51:23,384 [ERROR] LogOutputStream:75 - [STDERR_REDIRECT] 
2026-07-17 08:51:24,393 [ERROR] LogOutputStream:75 - [STDERR_REDIRECT] [Fatal Error] :1:1: Premature end of file.
2026-07-17 08:51:24,393 [ERROR] LogOutputStream:75 - [STDERR_REDIRECT] 
2026-07-17 08:51:25,378 [ERROR] LogOutputStream:75 - [STDERR_REDIRECT] [Fatal Error] :1:1: Premature end of file.
2026-07-17 08:51:25,378 [ERROR] LogOutputStream:75 - [STDERR_REDIRECT] 
2026-07-17 08:51:26,405 [ERROR] LogOutputStream:75 - [STDERR_REDIRECT] [Fatal Error] :1:1: Premature end of file.
2026-07-17 08:51:26,405 [ERROR] LogOutputStream:75 - [STDERR_REDIRECT] 
2026-07-17 08:51:27,386 [ERROR] LogOutputStream:75 - [STDERR_REDIRECT] [Fatal Error] :1:1: Premature end of file.
2026-07-17 08:51:27,386 [ERROR] LogOutputStream:75 - [STDERR_REDIRECT] 
2026-07-17 08:51:28,387 [ERROR] LogOutputStream:75 - [STDERR_REDIRECT] [Fatal Error] :1:1: Premature end of file.
2026-07-17 08:51:28,387 [ERROR] LogOutputStream:75 - [STDERR_REDIRECT] 
2026-07-17 08:51:29,380 [ERROR] LogOutputStream:75 - [STDERR_REDIRECT] [Fatal Error] :1:1: Premature end of file.
2026-07-17 08:51:29,380 [ERROR] LogOutputStream:75 - [STDERR_REDIRECT] 
2026-07-17 08:51:30,390 [ERROR] LogOutputStream:75 - [STDERR_REDIRECT] [Fatal Error] :1:1: Premature end of file.
2026-07-17 08:51:30,390 [ERROR] LogOutputStream:75 - [STDERR_REDIRECT] 
2026-07-17 08:51:31,380 [ERROR] LogOutputStream:75 - [STDERR_REDIRECT] [Fatal Error] :1:1: Premature end of file.
2026-07-17 08:51:31,380 [ERROR] LogOutputStream:75 - [STDERR_REDIRECT] 
2026-07-17 08:51:32,385 [ERROR] LogOutputStream:75 - [STDERR_REDIRECT] [Fatal Error] :1:1: Premature end of file.
2026-07-17 08:51:32,385 [ERROR] LogOutputStream:75 - [STDERR_REDIRECT] 
2026-07-17 08:51:33,387 [ERROR] LogOutputStream:75 - [STDERR_REDIRECT] [Fatal Error] :1:1: Premature end of file.
2026-07-17 08:51:33,387 [ERROR] LogOutputStream:75 - [STDERR_REDIRECT] 
2026-07-17 08:51:34,373 [ERROR] LogOutputStream:75 - [STDERR_REDIRECT] [Fatal Error] :1:1: Premature end of file.
2026-07-17 08:51:34,373 [ERROR] LogOutputStream:75 - [STDERR_REDIRECT] 
2026-07-17 08:51:35,397 [ERROR] LogOutputStream:75 - [STDERR_REDIRECT] [Fatal Error] :1:1: Premature end of file.
2026-07-17 08:51:35,397 [ERROR] LogOutputStream:75 - [STDERR_REDIRECT] 
2026-07-17 08:51:36,377 [ERROR] LogOutputStream:75 - [STDERR_REDIRECT] [Fatal Error] :1:1: Premature end of file.
2026-07-17 08:51:36,377 [ERROR] LogOutputStream:75 - [STDERR_REDIRECT] 
2026-07-17 08:51:37,391 [ERROR] LogOutputStream:75 - [STDERR_REDIRECT] [Fatal Error] :1:1: Premature end of file.
2026-07-17 08:51:37,391 [ERROR] LogOutputStream:75 - [STDERR_REDIRECT] 
2026-07-17 08:51:38,409 [ERROR] LogOutputStream:75 - [STDERR_REDIRECT] [Fatal Error] :1:1: Premature end of file.
2026-07-17 08:51:38,409 [ERROR] LogOutputStream:75 - [STDERR_REDIRECT] 
2026-07-17 08:51:39,391 [ERROR] LogOutputStream:75 - [STDERR_REDIRECT] [Fatal Error] :1:1: Premature end of file.
2026-07-17 08:51:39,391 [ERROR] LogOutputStream:75 - [STDERR_REDIRECT] 
2026-07-17 08:51:40,398 [ERROR] LogOutputStream:75 - [STDERR_REDIRECT] [Fatal Error] :1:1: Premature end of file.
2026-07-17 08:51:40,398 [ERROR] LogOutputStream:75 - [STDERR_REDIRECT] 
2026-07-17 08:51:41,391 [ERROR] LogOutputStream:75 - [STDERR_REDIRECT] [Fatal Error] :1:1: Premature end of file.
2026-07-17 08:51:41,392 [ERROR] LogOutputStream:75 - [STDERR_REDIRECT] 
2026-07-17 08:51:42,394 [ERROR] LogOutputStream:75 - [STDERR_REDIRECT] [Fatal Error] :1:1: Premature end of file.
2026-07-17 08:51:42,394 [ERROR] LogOutputStream:75 - [STDERR_REDIRECT] 
2026-07-17 08:51:43,407 [ERROR] LogOutputStream:75 - [STDERR_REDIRECT] [Fatal Error] :1:1: Premature end of file.
2026-07-17 08:51:43,407 [ERROR] LogOutputStream:75 - [STDERR_REDIRECT] 
2026-07-17 08:51:44,388 [ERROR] LogOutputStream:75 - [STDERR_REDIRECT] [Fatal Error] :1:1: Premature end of file.
2026-07-17 08:51:44,389 [ERROR] LogOutputStream:75 - [STDERR_REDIRECT] 
2026-07-17 08:51:45,467 [ERROR] LogOutputStream:75 - [STDERR_REDIRECT] [Fatal Error] :1:1: Premature end of file.
2026-07-17 08:51:45,467 [ERROR] LogOutputStream:75 - [STDERR_REDIRECT] 
2026-07-17 08:51:46,403 [ERROR] LogOutputStream:75 - [STDERR_REDIRECT] [Fatal Error] :1:1: Premature end of file.
2026-07-17 08:51:46,403 [ERROR] LogOutputStream:75 - [STDERR_REDIRECT] 
2026-07-17 08:51:47,417 [ERROR] LogOutputStream:75 - [STDERR_REDIRECT] [Fatal Error] :1:1: Premature end of file.
2026-07-17 08:51:47,417 [ERROR] LogOutputStream:75 - [STDERR_REDIRECT] 
2026-07-17 08:51:48,415 [ERROR] LogOutputStream:75 - [STDERR_REDIRECT] [Fatal Error] :1:1: Premature end of file.
2026-07-17 08:51:48,415 [ERROR] LogOutputStream:75 - [STDERR_REDIRECT] 
2026-07-17 08:51:49,388 [ERROR] LogOutputStream:75 - [STDERR_REDIRECT] [Fatal Error] :1:1: Premature end of file.
2026-07-17 08:51:49,388 [ERROR] LogOutputStream:75 - [STDERR_REDIRECT] 
2026-07-17 08:51:50,392 [ERROR] LogOutputStream:75 - [STDERR_REDIRECT] [Fatal Error] :1:1: Premature end of file.
2026-07-17 08:51:50,392 [ERROR] LogOutputStream:75 - [STDERR_REDIRECT] 
2026-07-17 08:51:51,392 [ERROR] LogOutputStream:75 - [STDERR_REDIRECT] [Fatal Error] :1:1: Premature end of file.
2026-07-17 08:51:51,393 [ERROR] LogOutputStream:75 - [STDERR_REDIRECT] 
2026-07-17 08:51:52,380 [ERROR] LogOutputStream:75 - [STDERR_REDIRECT] [Fatal Error] :1:1: Premature end of file.
2026-07-17 08:51:52,381 [ERROR] LogOutputStream:75 - [STDERR_REDIRECT] 
2026-07-17 08:51:53,389 [ERROR] LogOutputStream:75 - [STDERR_REDIRECT] [Fatal Error] :1:1: Premature end of file.
2026-07-17 08:51:53,389 [ERROR] LogOutputStream:75 - [STDERR_REDIRECT] 
2026-07-17 08:51:54,389 [ERROR] LogOutputStream:75 - [STDERR_REDIRECT] [Fatal Error] :1:1: Premature end of file.
2026-07-17 08:51:54,389 [ERROR] LogOutputStream:75 - [STDERR_REDIRECT] 
2026-07-17 08:51:55,396 [ERROR] LogOutputStream:75 - [STDERR_REDIRECT] [Fatal Error] :1:1: Premature end of file.
2026-07-17 08:51:55,397 [ERROR] LogOutputStream:75 - [STDERR_REDIRECT] 
2026-07-17 08:51:56,390 [ERROR] LogOutputStream:75 - [STDERR_REDIRECT] [Fatal Error] :1:1: Premature end of file.
2026-07-17 08:51:56,390 [ERROR] LogOutputStream:75 - [STDERR_REDIRECT] 
2026-07-17 08:51:57,415 [ERROR] LogOutputStream:75 - [STDERR_REDIRECT] [Fatal Error] :1:1: Premature end of file.
2026-07-17 08:51:57,415 [ERROR] LogOutputStream:75 - [STDERR_REDIRECT] 
2026-07-17 08:51:58,408 [ERROR] LogOutputStream:75 - [STDERR_REDIRECT] [Fatal Error] :1:1: Premature end of file.
2026-07-17 08:51:58,408 [ERROR] LogOutputStream:75 - [STDERR_REDIRECT] 
2026-07-17 08:51:59,379 [ERROR] LogOutputStream:75 - [STDERR_REDIRECT] [Fatal Error] :1:1: Premature end of file.
2026-07-17 08:51:59,379 [ERROR] LogOutputStream:75 - [STDERR_REDIRECT] 
2026-07-17 08:52:00,385 [ERROR] LogOutputStream:75 - [STDERR_REDIRECT] [Fatal Error] :1:1: Premature end of file.
2026-07-17 08:52:00,385 [ERROR] LogOutputStream:75 - [STDERR_REDIRECT] 
2026-07-17 08:52:01,400 [ERROR] LogOutputStream:75 - [STDERR_REDIRECT] [Fatal Error] :1:1: Premature end of file.
2026-07-17 08:52:01,400 [ERROR] LogOutputStream:75 - [STDERR_REDIRECT] 
2026-07-17 08:52:02,385 [ERROR] LogOutputStream:75 - [STDERR_REDIRECT] [Fatal Error] :1:1: Premature end of file.
2026-07-17 08:52:02,385 [ERROR] LogOutputStream:75 - [STDERR_REDIRECT] 
2026-07-17 08:52:03,391 [ERROR] LogOutputStream:75 - [STDERR_REDIRECT] [Fatal Error] :1:1: Premature end of file.
2026-07-17 08:52:03,391 [ERROR] LogOutputStream:75 - [STDERR_REDIRECT] 
2026-07-17 08:52:04,384 [ERROR] LogOutputStream:75 - [STDERR_REDIRECT] [Fatal Error] :1:1: Premature end of file.
2026-07-17 08:52:04,384 [ERROR] LogOutputStream:75 - [STDERR_REDIRECT] 
2026-07-17 08:52:05,374 [ERROR] LogOutputStream:75 - [STDERR_REDIRECT] [Fatal Error] :1:1: Premature end of file.
2026-07-17 08:52:05,374 [ERROR] LogOutputStream:75 - [STDERR_REDIRECT] 
2026-07-17 08:52:06,398 [ERROR] LogOutputStream:75 - [STDERR_REDIRECT] [Fatal Error] :1:1: Premature end of file.
2026-07-17 08:52:06,398 [ERROR] LogOutputStream:75 - [STDERR_REDIRECT] 
2026-07-17 08:52:07,441 [ERROR] LogOutputStream:75 - [STDERR_REDIRECT] [Fatal Error] :1:1: Premature end of file.
2026-07-17 08:52:07,441 [ERROR] LogOutputStream:75 - [STDERR_REDIRECT] 
2026-07-17 08:52:08,376 [ERROR] LogOutputStream:75 - [STDERR_REDIRECT] [Fatal Error] :1:1: Premature end of file.
2026-07-17 08:52:08,376 [ERROR] LogOutputStream:75 - [STDERR_REDIRECT] 
2026-07-17 08:52:09,388 [ERROR] LogOutputStream:75 - [STDERR_REDIRECT] [Fatal Error] :1:1: Premature end of file.
2026-07-17 08:52:09,388 [ERROR] LogOutputStream:75 - [STDERR_REDIRECT] 
2026-07-17 08:52:10,407 [ERROR] LogOutputStream:75 - [STDERR_REDIRECT] [Fatal Error] :1:1: Premature end of file.
2026-07-17 08:52:10,407 [ERROR] LogOutputStream:75 - [STDERR_REDIRECT] 
2026-07-17 08:52:11,432 [ERROR] LogOutputStream:75 - [STDERR_REDIRECT] [Fatal Error] :1:1: Premature end of file.
2026-07-17 08:52:11,432 [ERROR] LogOutputStream:75 - [STDERR_REDIRECT] 
2026-07-17 08:52:12,391 [ERROR] LogOutputStream:75 - [STDERR_REDIRECT] [Fatal Error] :1:1: Premature end of file.
2026-07-17 08:52:12,391 [ERROR] LogOutputStream:75 - [STDERR_REDIRECT] 
2026-07-17 08:52:13,435 [ERROR] LogOutputStream:75 - [STDERR_REDIRECT] [Fatal Error] :1:1: Premature end of file.
2026-07-17 08:52:13,437 [ERROR] LogOutputStream:75 - [STDERR_REDIRECT] 
2026-07-17 08:52:14,386 [ERROR] LogOutputStream:75 - [STDERR_REDIRECT] [Fatal Error] :1:1: Premature end of file.
2026-07-17 08:52:14,386 [ERROR] LogOutputStream:75 - [STDERR_REDIRECT] 
2026-07-17 08:52:15,415 [ERROR] LogOutputStream:75 - [STDERR_REDIRECT] [Fatal Error] :1:1: Premature end of file.
2026-07-17 08:52:15,415 [ERROR] LogOutputStream:75 - [STDERR_REDIRECT] 
2026-07-17 08:52:16,394 [ERROR] LogOutputStream:75 - [STDERR_REDIRECT] [Fatal Error] :1:1: Premature end of file.
2026-07-17 08:52:16,394 [ERROR] LogOutputStream:75 - [STDERR_REDIRECT] 
2026-07-17 08:52:17,432 [ERROR] LogOutputStream:75 - [STDERR_REDIRECT] [Fatal Error] :1:1: Premature end of file.
2026-07-17 08:52:17,433 [ERROR] LogOutputStream:75 - [STDERR_REDIRECT] 
2026-07-17 08:52:18,406 [ERROR] LogOutputStream:75 - [STDERR_REDIRECT] [Fatal Error] :1:1: Premature end of file.
2026-07-17 08:52:18,406 [ERROR] LogOutputStream:75 - [STDERR_REDIRECT] 
2026-07-17 08:52:19,421 [ERROR] LogOutputStream:75 - [STDERR_REDIRECT] [Fatal Error] :1:1: Premature end of file.
2026-07-17 08:52:19,421 [ERROR] LogOutputStream:75 - [STDERR_REDIRECT] 
2026-07-17 08:52:20,424 [ERROR] LogOutputStream:75 - [STDERR_REDIRECT] [Fatal Error] :1:1: Premature end of file.
2026-07-17 08:52:20,424 [ERROR] LogOutputStream:75 - [STDERR_REDIRECT] 
2026-07-17 08:52:21,397 [ERROR] LogOutputStream:75 - [STDERR_REDIRECT] [Fatal Error] :1:1: Premature end of file.
2026-07-17 08:52:21,397 [ERROR] LogOutputStream:75 - [STDERR_REDIRECT] 
2026-07-17 08:52:22,392 [ERROR] LogOutputStream:75 - [STDERR_REDIRECT] [Fatal Error] :1:1: Premature end of file.
2026-07-17 08:52:22,392 [ERROR] LogOutputStream:75 - [STDERR_REDIRECT] 
2026-07-17 08:52:23,399 [ERROR] LogOutputStream:75 - [STDERR_REDIRECT] [Fatal Error] :1:1: Premature end of file.
2026-07-17 08:52:23,399 [ERROR] LogOutputStream:75 - [STDERR_REDIRECT] 
2026-07-17 08:52:24,389 [ERROR] LogOutputStream:75 - [STDERR_REDIRECT] [Fatal Error] :1:1: Premature end of file.
2026-07-17 08:52:24,389 [ERROR] LogOutputStream:75 - [STDERR_REDIRECT] 
2026-07-17 08:52:25,390 [ERROR] LogOutputStream:75 - [STDERR_REDIRECT] [Fatal Error] :1:1: Premature end of file.
2026-07-17 08:52:25,390 [ERROR] LogOutputStream:75 - [STDERR_REDIRECT] 
2026-07-17 08:52:26,385 [ERROR] LogOutputStream:75 - [STDERR_REDIRECT] [Fatal Error] :1:1: Premature end of file.
2026-07-17 08:52:26,385 [ERROR] LogOutputStream:75 - [STDERR_REDIRECT] 
2026-07-17 08:52:27,390 [ERROR] LogOutputStream:75 - [STDERR_REDIRECT] [Fatal Error] :1:1: Premature end of file.
2026-07-17 08:52:27,392 [ERROR] LogOutputStream:75 - [STDERR_REDIRECT] 
2026-07-17 08:52:28,425 [ERROR] LogOutputStream:75 - [STDERR_REDIRECT] [Fatal Error] :1:1: Premature end of file.
2026-07-17 08:52:28,425 [ERROR] LogOutputStream:75 - [STDERR_REDIRECT] 
2026-07-17 08:52:29,392 [ERROR] LogOutputStream:75 - [STDERR_REDIRECT] [Fatal Error] :1:1: Premature end of file.
2026-07-17 08:52:29,393 [ERROR] LogOutputStream:75 - [STDERR_REDIRECT] 
2026-07-17 08:52:30,393 [ERROR] LogOutputStream:75 - [STDERR_REDIRECT] [Fatal Error] :1:1: Premature end of file.
2026-07-17 08:52:30,393 [ERROR] LogOutputStream:75 - [STDERR_REDIRECT] 
2026-07-17 08:52:31,389 [ERROR] LogOutputStream:75 - [STDERR_REDIRECT] [Fatal Error] :1:1: Premature end of file.
2026-07-17 08:52:31,389 [ERROR] LogOutputStream:75 - [STDERR_REDIRECT] 
2026-07-17 08:52:32,386 [ERROR] LogOutputStream:75 - [STDERR_REDIRECT] [Fatal Error] :1:1: Premature end of file.
2026-07-17 08:52:32,386 [ERROR] LogOutputStream:75 - [STDERR_REDIRECT] 
2026-07-17 08:52:33,384 [ERROR] LogOutputStream:75 - [STDERR_REDIRECT] [Fatal Error] :1:1: Premature end of file.
2026-07-17 08:52:33,384 [ERROR] LogOutputStream:75 - [STDERR_REDIRECT] 
2026-07-17 08:52:34,383 [ERROR] LogOutputStream:75 - [STDERR_REDIRECT] [Fatal Error] :1:1: Premature end of file.
2026-07-17 08:52:34,383 [ERROR] LogOutputStream:75 - [STDERR_REDIRECT] 
2026-07-17 08:52:35,395 [ERROR] LogOutputStream:75 - [STDERR_REDIRECT] [Fatal Error] :1:1: Premature end of file.
2026-07-17 08:52:35,395 [ERROR] LogOutputStream:75 - [STDERR_REDIRECT] 
2026-07-17 08:52:36,380 [ERROR] LogOutputStream:75 - [STDERR_REDIRECT] [Fatal Error] :1:1: Premature end of file.
2026-07-17 08:52:36,380 [ERROR] LogOutputStream:75 - [STDERR_REDIRECT] 
2026-07-17 08:52:37,389 [ERROR] LogOutputStream:75 - [STDERR_REDIRECT] [Fatal Error] :1:1: Premature end of file.
2026-07-17 08:52:37,389 [ERROR] LogOutputStream:75 - [STDERR_REDIRECT] 
2026-07-17 08:52:38,393 [ERROR] LogOutputStream:75 - [STDERR_REDIRECT] [Fatal Error] :1:1: Premature end of file.
2026-07-17 08:52:38,393 [ERROR] LogOutputStream:75 - [STDERR_REDIRECT] 
2026-07-17 08:52:39,393 [ERROR] LogOutputStream:75 - [STDERR_REDIRECT] [Fatal Error] :1:1: Premature end of file.
2026-07-17 08:52:39,394 [ERROR] LogOutputStream:75 - [STDERR_REDIRECT] 
2026-07-17 08:52:40,394 [ERROR] LogOutputStream:75 - [STDERR_REDIRECT] [Fatal Error] :1:1: Premature end of file.
2026-07-17 08:52:40,394 [ERROR] LogOutputStream:75 - [STDERR_REDIRECT] 
2026-07-17 08:52:41,383 [ERROR] LogOutputStream:75 - [STDERR_REDIRECT] [Fatal Error] :1:1: Premature end of file.
2026-07-17 08:52:41,383 [ERROR] LogOutputStream:75 - [STDERR_REDIRECT] 
2026-07-17 08:52:42,388 [ERROR] LogOutputStream:75 - [STDERR_REDIRECT] [Fatal Error] :1:1: Premature end of file.
2026-07-17 08:52:42,389 [ERROR] LogOutputStream:75 - [STDERR_REDIRECT] 
2026-07-17 08:52:43,405 [ERROR] LogOutputStream:75 - [STDERR_REDIRECT] [Fatal Error] :1:1: Premature end of file.
2026-07-17 08:52:43,406 [ERROR] LogOutputStream:75 - [STDERR_REDIRECT] 
2026-07-17 08:52:44,383 [ERROR] LogOutputStream:75 - [STDERR_REDIRECT] [Fatal Error] :1:1: Premature end of file.
2026-07-17 08:52:44,383 [ERROR] LogOutputStream:75 - [STDERR_REDIRECT] 
2026-07-17 08:52:45,383 [ERROR] LogOutputStream:75 - [STDERR_REDIRECT] [Fatal Error] :1:1: Premature end of file.
2026-07-17 08:52:45,384 [ERROR] LogOutputStream:75 - [STDERR_REDIRECT] 
2026-07-17 08:52:46,380 [ERROR] LogOutputStream:75 - [STDERR_REDIRECT] [Fatal Error] :1:1: Premature end of file.
2026-07-17 08:52:46,380 [ERROR] LogOutputStream:75 - [STDERR_REDIRECT] 
2026-07-17 08:52:47,388 [ERROR] LogOutputStream:75 - [STDERR_REDIRECT] [Fatal Error] :1:1: Premature end of file.
2026-07-17 08:52:47,388 [ERROR] LogOutputStream:75 - [STDERR_REDIRECT] 
2026-07-17 08:52:48,388 [ERROR] LogOutputStream:75 - [STDERR_REDIRECT] [Fatal Error] :1:1: Premature end of file.
2026-07-17 08:52:48,388 [ERROR] LogOutputStream:75 - [STDERR_REDIRECT] 
2026-07-17 08:52:49,387 [ERROR] LogOutputStream:75 - [STDERR_REDIRECT] [Fatal Error] :1:1: Premature end of file.
2026-07-17 08:52:49,387 [ERROR] LogOutputStream:75 - [STDERR_REDIRECT] 
2026-07-17 08:52:50,385 [ERROR] LogOutputStream:75 - [STDERR_REDIRECT] [Fatal Error] :1:1: Premature end of file.
2026-07-17 08:52:50,385 [ERROR] LogOutputStream:75 - [STDERR_REDIRECT] 
2026-07-17 08:52:51,393 [ERROR] LogOutputStream:75 - [STDERR_REDIRECT] [Fatal Error] :1:1: Premature end of file.
2026-07-17 08:52:51,393 [ERROR] LogOutputStream:75 - [STDERR_REDIRECT] 
2026-07-17 08:52:52,384 [ERROR] LogOutputStream:75 - [STDERR_REDIRECT] [Fatal Error] :1:1: Premature end of file.
2026-07-17 08:52:52,384 [ERROR] LogOutputStream:75 - [STDERR_REDIRECT] 
2026-07-17 08:52:53,384 [ERROR] LogOutputStream:75 - [STDERR_REDIRECT] [Fatal Error] :1:1: Premature end of file.
2026-07-17 08:52:53,384 [ERROR] LogOutputStream:75 - [STDERR_REDIRECT] 
2026-07-17 08:52:54,386 [ERROR] LogOutputStream:75 - [STDERR_REDIRECT] [Fatal Error] :1:1: Premature end of file.
2026-07-17 08:52:54,386 [ERROR] LogOutputStream:75 - [STDERR_REDIRECT] 
2026-07-17 08:52:55,393 [ERROR] LogOutputStream:75 - [STDERR_REDIRECT] [Fatal Error] :1:1: Premature end of file.
2026-07-17 08:52:55,394 [ERROR] LogOutputStream:75 - [STDERR_REDIRECT] 
2026-07-17 08:52:56,398 [ERROR] LogOutputStream:75 - [STDERR_REDIRECT] [Fatal Error] :1:1: Premature end of file.
2026-07-17 08:52:56,398 [ERROR] LogOutputStream:75 - [STDERR_REDIRECT] 
2026-07-17 08:52:57,386 [ERROR] LogOutputStream:75 - [STDERR_REDIRECT] [Fatal Error] :1:1: Premature end of file.
2026-07-17 08:52:57,386 [ERROR] LogOutputStream:75 - [STDERR_REDIRECT] 
2026-07-17 08:52:58,393 [ERROR] LogOutputStream:75 - [STDERR_REDIRECT] [Fatal Error] :1:1: Premature end of file.
2026-07-17 08:52:58,393 [ERROR] LogOutputStream:75 - [STDERR_REDIRECT] 
2026-07-17 08:52:59,388 [ERROR] LogOutputStream:75 - [STDERR_REDIRECT] [Fatal Error] :1:1: Premature end of file.
2026-07-17 08:52:59,388 [ERROR] LogOutputStream:75 - [STDERR_REDIRECT] 
2026-07-17 08:53:00,380 [ERROR] LogOutputStream:75 - [STDERR_REDIRECT] [Fatal Error] :1:1: Premature end of file.
2026-07-17 08:53:00,380 [ERROR] LogOutputStream:75 - [STDERR_REDIRECT] 
2026-07-17 08:53:01,381 [ERROR] LogOutputStream:75 - [STDERR_REDIRECT] [Fatal Error] :1:1: Premature end of file.
2026-07-17 08:53:01,382 [ERROR] LogOutputStream:75 - [STDERR_REDIRECT] 
2026-07-17 08:53:02,379 [ERROR] LogOutputStream:75 - [STDERR_REDIRECT] [Fatal Error] :1:1: Premature end of file.
2026-07-17 08:53:02,379 [ERROR] LogOutputStream:75 - [STDERR_REDIRECT] 
2026-07-17 08:53:03,386 [ERROR] LogOutputStream:75 - [STDERR_REDIRECT] [Fatal Error] :1:1: Premature end of file.
2026-07-17 08:53:03,386 [ERROR] LogOutputStream:75 - [STDERR_REDIRECT] 
2026-07-17 08:53:04,387 [ERROR] LogOutputStream:75 - [STDERR_REDIRECT] [Fatal Error] :1:1: Premature end of file.
2026-07-17 08:53:04,387 [ERROR] LogOutputStream:75 - [STDERR_REDIRECT] 
2026-07-17 08:53:05,385 [ERROR] LogOutputStream:75 - [STDERR_REDIRECT] [Fatal Error] :1:1: Premature end of file.
2026-07-17 08:53:05,385 [ERROR] LogOutputStream:75 - [STDERR_REDIRECT] 
2026-07-17 08:53:06,382 [ERROR] LogOutputStream:75 - [STDERR_REDIRECT] [Fatal Error] :1:1: Premature end of file.
2026-07-17 08:53:06,382 [ERROR] LogOutputStream:75 - [STDERR_REDIRECT] 
2026-07-17 08:53:07,394 [ERROR] LogOutputStream:75 - [STDERR_REDIRECT] [Fatal Error] :1:1: Premature end of file.
2026-07-17 08:53:07,394 [ERROR] LogOutputStream:75 - [STDERR_REDIRECT] 
2026-07-17 08:53:08,407 [ERROR] LogOutputStream:75 - [STDERR_REDIRECT] [Fatal Error] :1:1: Premature end of file.
2026-07-17 08:53:08,407 [ERROR] LogOutputStream:75 - [STDERR_REDIRECT] 
2026-07-17 08:53:09,384 [ERROR] LogOutputStream:75 - [STDERR_REDIRECT] [Fatal Error] :1:1: Premature end of file.
2026-07-17 08:53:09,384 [ERROR] LogOutputStream:75 - [STDERR_REDIRECT] 
2026-07-17 08:53:10,395 [ERROR] LogOutputStream:75 - [STDERR_REDIRECT] [Fatal Error] :1:1: Premature end of file.
2026-07-17 08:53:10,395 [ERROR] LogOutputStream:75 - [STDERR_REDIRECT] 
2026-07-17 08:53:11,389 [ERROR] LogOutputStream:75 - [STDERR_REDIRECT] [Fatal Error] :1:1: Premature end of file.
2026-07-17 08:53:11,390 [ERROR] LogOutputStream:75 - [STDERR_REDIRECT] 
2026-07-17 08:53:12,409 [ERROR] LogOutputStream:75 - [STDERR_REDIRECT] [Fatal Error] :1:1: Premature end of file.
2026-07-17 08:53:12,409 [ERROR] LogOutputStream:75 - [STDERR_REDIRECT] 
2026-07-17 08:53:13,390 [ERROR] LogOutputStream:75 - [STDERR_REDIRECT] [Fatal Error] :1:1: Premature end of file.
2026-07-17 08:53:13,390 [ERROR] LogOutputStream:75 - [STDERR_REDIRECT] 
2026-07-17 08:53:14,388 [ERROR] LogOutputStream:75 - [STDERR_REDIRECT] [Fatal Error] :1:1: Premature end of file.
2026-07-17 08:53:14,388 [ERROR] LogOutputStream:75 - [STDERR_REDIRECT] 
2026-07-17 08:53:15,383 [ERROR] LogOutputStream:75 - [STDERR_REDIRECT] [Fatal Error] :1:1: Premature end of file.
2026-07-17 08:53:15,383 [ERROR] LogOutputStream:75 - [STDERR_REDIRECT] 
2026-07-17 08:53:16,385 [ERROR] LogOutputStream:75 - [STDERR_REDIRECT] [Fatal Error] :1:1: Premature end of file.
2026-07-17 08:53:16,385 [ERROR] LogOutputStream:75 - [STDERR_REDIRECT] 
2026-07-17 08:53:17,385 [ERROR] LogOutputStream:75 - [STDERR_REDIRECT] [Fatal Error] :1:1: Premature end of file.
2026-07-17 08:53:17,385 [ERROR] LogOutputStream:75 - [STDERR_REDIRECT] 
2026-07-17 08:53:18,387 [ERROR] LogOutputStream:75 - [STDERR_REDIRECT] [Fatal Error] :1:1: Premature end of file.
2026-07-17 08:53:18,388 [ERROR] LogOutputStream:75 - [STDERR_REDIRECT] 
2026-07-17 08:53:19,393 [ERROR] LogOutputStream:75 - [STDERR_REDIRECT] [Fatal Error] :1:1: Premature end of file.
2026-07-17 08:53:19,393 [ERROR] LogOutputStream:75 - [STDERR_REDIRECT] 
2026-07-17 08:53:20,387 [ERROR] LogOutputStream:75 - [STDERR_REDIRECT] [Fatal Error] :1:1: Premature end of file.
2026-07-17 08:53:20,387 [ERROR] LogOutputStream:75 - [STDERR_REDIRECT] 
2026-07-17 08:53:21,387 [ERROR] LogOutputStream:75 - [STDERR_REDIRECT] [Fatal Error] :1:1: Premature end of file.
2026-07-17 08:53:21,387 [ERROR] LogOutputStream:75 - [STDERR_REDIRECT] 
2026-07-17 08:53:22,381 [ERROR] LogOutputStream:75 - [STDERR_REDIRECT] [Fatal Error] :1:1: Premature end of file.
2026-07-17 08:53:22,382 [ERROR] LogOutputStream:75 - [STDERR_REDIRECT] 
2026-07-17 08:53:23,389 [ERROR] LogOutputStream:75 - [STDERR_REDIRECT] [Fatal Error] :1:1: Premature end of file.
2026-07-17 08:53:23,390 [ERROR] LogOutputStream:75 - [STDERR_REDIRECT] 
2026-07-17 08:53:24,389 [ERROR] LogOutputStream:75 - [STDERR_REDIRECT] [Fatal Error] :1:1: Premature end of file.
2026-07-17 08:53:24,390 [ERROR] LogOutputStream:75 - [STDERR_REDIRECT] 
2026-07-17 08:53:25,388 [ERROR] LogOutputStream:75 - [STDERR_REDIRECT] [Fatal Error] :1:1: Premature end of file.
2026-07-17 08:53:25,388 [ERROR] LogOutputStream:75 - [STDERR_REDIRECT] 
2026-07-17 08:53:26,397 [ERROR] LogOutputStream:75 - [STDERR_REDIRECT] [Fatal Error] :1:1: Premature end of file.
2026-07-17 08:53:26,397 [ERROR] LogOutputStream:75 - [STDERR_REDIRECT] 
2026-07-17 08:53:27,383 [ERROR] LogOutputStream:75 - [STDERR_REDIRECT] [Fatal Error] :1:1: Premature end of file.
2026-07-17 08:53:27,383 [ERROR] LogOutputStream:75 - [STDERR_REDIRECT] 
2026-07-17 08:53:28,385 [ERROR] LogOutputStream:75 - [STDERR_REDIRECT] [Fatal Error] :1:1: Premature end of file.
2026-07-17 08:53:28,386 [ERROR] LogOutputStream:75 - [STDERR_REDIRECT] 
2026-07-17 08:53:29,397 [ERROR] LogOutputStream:75 - [STDERR_REDIRECT] [Fatal Error] :1:1: Premature end of file.
2026-07-17 08:53:29,397 [ERROR] LogOutputStream:75 - [STDERR_REDIRECT] 
2026-07-17 08:53:30,392 [ERROR] LogOutputStream:75 - [STDERR_REDIRECT] [Fatal Error] :1:1: Premature end of file.
2026-07-17 08:53:30,392 [ERROR] LogOutputStream:75 - [STDERR_REDIRECT] 
2026-07-17 08:53:31,385 [ERROR] LogOutputStream:75 - [STDERR_REDIRECT] [Fatal Error] :1:1: Premature end of file.
2026-07-17 08:53:31,385 [ERROR] LogOutputStream:75 - [STDERR_REDIRECT] 
2026-07-17 08:53:32,390 [ERROR] LogOutputStream:75 - [STDERR_REDIRECT] [Fatal Error] :1:1: Premature end of file.
2026-07-17 08:53:32,390 [ERROR] LogOutputStream:75 - [STDERR_REDIRECT] 
2026-07-17 08:53:33,395 [ERROR] LogOutputStream:75 - [STDERR_REDIRECT] [Fatal Error] :1:1: Premature end of file.
2026-07-17 08:53:33,395 [ERROR] LogOutputStream:75 - [STDERR_REDIRECT] 
2026-07-17 08:53:34,404 [ERROR] LogOutputStream:75 - [STDERR_REDIRECT] [Fatal Error] :1:1: Premature end of file.
2026-07-17 08:53:34,404 [ERROR] LogOutputStream:75 - [STDERR_REDIRECT] 
2026-07-17 08:53:35,390 [ERROR] LogOutputStream:75 - [STDERR_REDIRECT] [Fatal Error] :1:1: Premature end of file.
2026-07-17 08:53:35,390 [ERROR] LogOutputStream:75 - [STDERR_REDIRECT] 
2026-07-17 08:53:36,385 [ERROR] LogOutputStream:75 - [STDERR_REDIRECT] [Fatal Error] :1:1: Premature end of file.
2026-07-17 08:53:36,386 [ERROR] LogOutputStream:75 - [STDERR_REDIRECT] 
2026-07-17 08:53:37,386 [ERROR] LogOutputStream:75 - [STDERR_REDIRECT] [Fatal Error] :1:1: Premature end of file.
2026-07-17 08:53:37,387 [ERROR] LogOutputStream:75 - [STDERR_REDIRECT] 
2026-07-17 08:53:38,386 [ERROR] LogOutputStream:75 - [STDERR_REDIRECT] [Fatal Error] :1:1: Premature end of file.
2026-07-17 08:53:38,387 [ERROR] LogOutputStream:75 - [STDERR_REDIRECT] 
2026-07-17 08:53:39,394 [ERROR] LogOutputStream:75 - [STDERR_REDIRECT] [Fatal Error] :1:1: Premature end of file.
2026-07-17 08:53:39,394 [ERROR] LogOutputStream:75 - [STDERR_REDIRECT] 
2026-07-17 08:53:40,385 [ERROR] LogOutputStream:75 - [STDERR_REDIRECT] [Fatal Error] :1:1: Premature end of file.
2026-07-17 08:53:40,385 [ERROR] LogOutputStream:75 - [STDERR_REDIRECT] 
2026-07-17 08:53:41,380 [ERROR] LogOutputStream:75 - [STDERR_REDIRECT] [Fatal Error] :1:1: Premature end of file.
2026-07-17 08:53:41,380 [ERROR] LogOutputStream:75 - [STDERR_REDIRECT] 
2026-07-17 08:53:42,393 [ERROR] LogOutputStream:75 - [STDERR_REDIRECT] [Fatal Error] :1:1: Premature end of file.
2026-07-17 08:53:42,393 [ERROR] LogOutputStream:75 - [STDERR_REDIRECT] 
2026-07-17 08:53:43,385 [ERROR] LogOutputStream:75 - [STDERR_REDIRECT] [Fatal Error] :1:1: Premature end of file.
2026-07-17 08:53:43,385 [ERROR] LogOutputStream:75 - [STDERR_REDIRECT] 
2026-07-17 08:53:44,382 [ERROR] LogOutputStream:75 - [STDERR_REDIRECT] [Fatal Error] :1:1: Premature end of file.
2026-07-17 08:53:44,382 [ERROR] LogOutputStream:75 - [STDERR_REDIRECT] 
2026-07-17 08:53:45,387 [ERROR] LogOutputStream:75 - [STDERR_REDIRECT] [Fatal Error] :1:1: Premature end of file.
2026-07-17 08:53:45,387 [ERROR] LogOutputStream:75 - [STDERR_REDIRECT] 
2026-07-17 08:53:46,386 [ERROR] LogOutputStream:75 - [STDERR_REDIRECT] [Fatal Error] :1:1: Premature end of file.
2026-07-17 08:53:46,386 [ERROR] LogOutputStream:75 - [STDERR_REDIRECT] 
2026-07-17 08:53:47,385 [ERROR] LogOutputStream:75 - [STDERR_REDIRECT] [Fatal Error] :1:1: Premature end of file.
2026-07-17 08:53:47,385 [ERROR] LogOutputStream:75 - [STDERR_REDIRECT] 
2026-07-17 08:53:48,395 [ERROR] LogOutputStream:75 - [STDERR_REDIRECT] [Fatal Error] :1:1: Premature end of file.
2026-07-17 08:53:48,395 [ERROR] LogOutputStream:75 - [STDERR_REDIRECT] 
2026-07-17 08:53:49,379 [ERROR] LogOutputStream:75 - [STDERR_REDIRECT] [Fatal Error] :1:1: Premature end of file.
2026-07-17 08:53:49,380 [ERROR] LogOutputStream:75 - [STDERR_REDIRECT] 
2026-07-17 08:53:50,389 [ERROR] LogOutputStream:75 - [STDERR_REDIRECT] [Fatal Error] :1:1: Premature end of file.
2026-07-17 08:53:50,389 [ERROR] LogOutputStream:75 - [STDERR_REDIRECT] 
2026-07-17 08:53:51,396 [ERROR] LogOutputStream:75 - [STDERR_REDIRECT] [Fatal Error] :1:1: Premature end of file.
2026-07-17 08:53:51,396 [ERROR] LogOutputStream:75 - [STDERR_REDIRECT] 
2026-07-17 08:53:52,386 [ERROR] LogOutputStream:75 - [STDERR_REDIRECT] [Fatal Error] :1:1: Premature end of file.
2026-07-17 08:53:52,386 [ERROR] LogOutputStream:75 - [STDERR_REDIRECT] 
2026-07-17 08:53:53,383 [ERROR] LogOutputStream:75 - [STDERR_REDIRECT] [Fatal Error] :1:1: Premature end of file.
2026-07-17 08:53:53,383 [ERROR] LogOutputStream:75 - [STDERR_REDIRECT] 
2026-07-17 08:53:54,382 [ERROR] LogOutputStream:75 - [STDERR_REDIRECT] [Fatal Error] :1:1: Premature end of file.
2026-07-17 08:53:54,382 [ERROR] LogOutputStream:75 - [STDERR_REDIRECT] 
2026-07-17 08:53:55,387 [ERROR] LogOutputStream:75 - [STDERR_REDIRECT] [Fatal Error] :1:1: Premature end of file.
2026-07-17 08:53:55,387 [ERROR] LogOutputStream:75 - [STDERR_REDIRECT] 
2026-07-17 08:53:56,392 [ERROR] LogOutputStream:75 - [STDERR_REDIRECT] [Fatal Error] :1:1: Premature end of file.
2026-07-17 08:53:56,392 [ERROR] LogOutputStream:75 - [STDERR_REDIRECT] 
2026-07-17 08:53:57,383 [ERROR] LogOutputStream:75 - [STDERR_REDIRECT] [Fatal Error] :1:1: Premature end of file.
2026-07-17 08:53:57,383 [ERROR] LogOutputStream:75 - [STDERR_REDIRECT] 
2026-07-17 08:53:58,392 [ERROR] LogOutputStream:75 - [STDERR_REDIRECT] [Fatal Error] :1:1: Premature end of file.
2026-07-17 08:53:58,393 [ERROR] LogOutputStream:75 - [STDERR_REDIRECT] 
2026-07-17 08:53:59,394 [ERROR] LogOutputStream:75 - [STDERR_REDIRECT] [Fatal Error] :1:1: Premature end of file.
2026-07-17 08:53:59,394 [ERROR] LogOutputStream:75 - [STDERR_REDIRECT] 
2026-07-17 08:54:00,394 [ERROR] LogOutputStream:75 - [STDERR_REDIRECT] [Fatal Error] :1:1: Premature end of file.
2026-07-17 08:54:00,394 [ERROR] LogOutputStream:75 - [STDERR_REDIRECT] 
2026-07-17 08:54:01,403 [ERROR] LogOutputStream:75 - [STDERR_REDIRECT] [Fatal Error] :1:1: Premature end of file.
2026-07-17 08:54:01,403 [ERROR] LogOutputStream:75 - [STDERR_REDIRECT] 
2026-07-17 08:54:02,389 [ERROR] LogOutputStream:75 - [STDERR_REDIRECT] [Fatal Error] :1:1: Premature end of file.
2026-07-17 08:54:02,389 [ERROR] LogOutputStream:75 - [STDERR_REDIRECT] 
2026-07-17 08:54:03,393 [ERROR] LogOutputStream:75 - [STDERR_REDIRECT] [Fatal Error] :1:1: Premature end of file.
2026-07-17 08:54:03,393 [ERROR] LogOutputStream:75 - [STDERR_REDIRECT] 
2026-07-17 08:54:04,393 [ERROR] LogOutputStream:75 - [STDERR_REDIRECT] [Fatal Error] :1:1: Premature end of file.
2026-07-17 08:54:04,394 [ERROR] LogOutputStream:75 - [STDERR_REDIRECT] 
2026-07-17 08:54:05,389 [ERROR] LogOutputStream:75 - [STDERR_REDIRECT] [Fatal Error] :1:1: Premature end of file.
2026-07-17 08:54:05,389 [ERROR] LogOutputStream:75 - [STDERR_REDIRECT] 
2026-07-17 08:54:06,383 [ERROR] LogOutputStream:75 - [STDERR_REDIRECT] [Fatal Error] :1:1: Premature end of file.
2026-07-17 08:54:06,383 [ERROR] LogOutputStream:75 - [STDERR_REDIRECT] 
2026-07-17 08:54:07,386 [ERROR] LogOutputStream:75 - [STDERR_REDIRECT] [Fatal Error] :1:1: Premature end of file.
2026-07-17 08:54:07,386 [ERROR] LogOutputStream:75 - [STDERR_REDIRECT] 
2026-07-17 08:54:08,396 [ERROR] LogOutputStream:75 - [STDERR_REDIRECT] [Fatal Error] :1:1: Premature end of file.
2026-07-17 08:54:08,396 [ERROR] LogOutputStream:75 - [STDERR_REDIRECT] 
2026-07-17 08:54:09,383 [ERROR] LogOutputStream:75 - [STDERR_REDIRECT] [Fatal Error] :1:1: Premature end of file.
2026-07-17 08:54:09,383 [ERROR] LogOutputStream:75 - [STDERR_REDIRECT] 
2026-07-17 08:54:10,389 [ERROR] LogOutputStream:75 - [STDERR_REDIRECT] [Fatal Error] :1:1: Premature end of file.
2026-07-17 08:54:10,389 [ERROR] LogOutputStream:75 - [STDERR_REDIRECT] 
2026-07-17 08:54:11,411 [ERROR] LogOutputStream:75 - [STDERR_REDIRECT] [Fatal Error] :1:1: Premature end of file.
2026-07-17 08:54:11,412 [ERROR] LogOutputStream:75 - [STDERR_REDIRECT] 
2026-07-17 08:54:12,393 [ERROR] LogOutputStream:75 - [STDERR_REDIRECT] [Fatal Error] :1:1: Premature end of file.
2026-07-17 08:54:12,394 [ERROR] LogOutputStream:75 - [STDERR_REDIRECT] 
2026-07-17 08:54:13,387 [ERROR] LogOutputStream:75 - [STDERR_REDIRECT] [Fatal Error] :1:1: Premature end of file.
2026-07-17 08:54:13,388 [ERROR] LogOutputStream:75 - [STDERR_REDIRECT] 
2026-07-17 08:54:14,389 [ERROR] LogOutputStream:75 - [STDERR_REDIRECT] [Fatal Error] :1:1: Premature end of file.
2026-07-17 08:54:14,389 [ERROR] LogOutputStream:75 - [STDERR_REDIRECT] 
2026-07-17 08:54:15,391 [ERROR] LogOutputStream:75 - [STDERR_REDIRECT] [Fatal Error] :1:1: Premature end of file.
2026-07-17 08:54:15,392 [ERROR] LogOutputStream:75 - [STDERR_REDIRECT] 
2026-07-17 08:54:16,394 [ERROR] LogOutputStream:75 - [STDERR_REDIRECT] [Fatal Error] :1:1: Premature end of file.
2026-07-17 08:54:16,394 [ERROR] LogOutputStream:75 - [STDERR_REDIRECT] 
2026-07-17 08:54:17,387 [ERROR] LogOutputStream:75 - [STDERR_REDIRECT] [Fatal Error] :1:1: Premature end of file.
2026-07-17 08:54:17,387 [ERROR] LogOutputStream:75 - [STDERR_REDIRECT] 
2026-07-17 08:54:18,391 [ERROR] LogOutputStream:75 - [STDERR_REDIRECT] [Fatal Error] :1:1: Premature end of file.
2026-07-17 08:54:18,392 [ERROR] LogOutputStream:75 - [STDERR_REDIRECT] 
2026-07-17 08:54:19,380 [ERROR] LogOutputStream:75 - [STDERR_REDIRECT] [Fatal Error] :1:1: Premature end of file.
2026-07-17 08:54:19,382 [ERROR] LogOutputStream:75 - [STDERR_REDIRECT] 
2026-07-17 08:54:20,398 [ERROR] LogOutputStream:75 - [STDERR_REDIRECT] [Fatal Error] :1:1: Premature end of file.
2026-07-17 08:54:20,398 [ERROR] LogOutputStream:75 - [STDERR_REDIRECT] 
2026-07-17 08:54:21,393 [ERROR] LogOutputStream:75 - [STDERR_REDIRECT] [Fatal Error] :1:1: Premature end of file.
2026-07-17 08:54:21,393 [ERROR] LogOutputStream:75 - [STDERR_REDIRECT] 
2026-07-17 08:54:22,387 [ERROR] LogOutputStream:75 - [STDERR_REDIRECT] [Fatal Error] :1:1: Premature end of file.
2026-07-17 08:54:22,387 [ERROR] LogOutputStream:75 - [STDERR_REDIRECT] 
2026-07-17 08:54:23,399 [ERROR] LogOutputStream:75 - [STDERR_REDIRECT] [Fatal Error] :1:1: Premature end of file.
2026-07-17 08:54:23,399 [ERROR] LogOutputStream:75 - [STDERR_REDIRECT] 
2026-07-17 08:54:24,394 [ERROR] LogOutputStream:75 - [STDERR_REDIRECT] [Fatal Error] :1:1: Premature end of file.
2026-07-17 08:54:24,394 [ERROR] LogOutputStream:75 - [STDERR_REDIRECT] 
2026-07-17 08:54:25,403 [ERROR] LogOutputStream:75 - [STDERR_REDIRECT] [Fatal Error] :1:1: Premature end of file.
2026-07-17 08:54:25,403 [ERROR] LogOutputStream:75 - [STDERR_REDIRECT] 
2026-07-17 08:54:26,402 [ERROR] LogOutputStream:75 - [STDERR_REDIRECT] [Fatal Error] :1:1: Premature end of file.
2026-07-17 08:54:26,402 [ERROR] LogOutputStream:75 - [STDERR_REDIRECT] 
2026-07-17 08:54:27,415 [ERROR] LogOutputStream:75 - [STDERR_REDIRECT] [Fatal Error] :1:1: Premature end of file.
2026-07-17 08:54:27,415 [ERROR] LogOutputStream:75 - [STDERR_REDIRECT] 
2026-07-17 08:54:28,394 [ERROR] LogOutputStream:75 - [STDERR_REDIRECT] [Fatal Error] :1:1: Premature end of file.
2026-07-17 08:54:28,394 [ERROR] LogOutputStream:75 - [STDERR_REDIRECT] 
2026-07-17 08:54:29,399 [ERROR] LogOutputStream:75 - [STDERR_REDIRECT] [Fatal Error] :1:1: Premature end of file.
2026-07-17 08:54:29,399 [ERROR] LogOutputStream:75 - [STDERR_REDIRECT] 
2026-07-17 08:54:30,390 [ERROR] LogOutputStream:75 - [STDERR_REDIRECT] [Fatal Error] :1:1: Premature end of file.
2026-07-17 08:54:30,390 [ERROR] LogOutputStream:75 - [STDERR_REDIRECT] 
2026-07-17 08:54:31,396 [ERROR] LogOutputStream:75 - [STDERR_REDIRECT] [Fatal Error] :1:1: Premature end of file.
2026-07-17 08:54:31,396 [ERROR] LogOutputStream:75 - [STDERR_REDIRECT] 
2026-07-17 08:54:32,389 [ERROR] LogOutputStream:75 - [STDERR_REDIRECT] [Fatal Error] :1:1: Premature end of file.
2026-07-17 08:54:32,389 [ERROR] LogOutputStream:75 - [STDERR_REDIRECT] 
2026-07-17 08:54:33,385 [ERROR] LogOutputStream:75 - [STDERR_REDIRECT] [Fatal Error] :1:1: Premature end of file.
2026-07-17 08:54:33,385 [ERROR] LogOutputStream:75 - [STDERR_REDIRECT] 
2026-07-17 08:54:34,390 [ERROR] LogOutputStream:75 - [STDERR_REDIRECT] [Fatal Error] :1:1: Premature end of file.
2026-07-17 08:54:34,391 [ERROR] LogOutputStream:75 - [STDERR_REDIRECT] 
2026-07-17 08:54:35,398 [ERROR] LogOutputStream:75 - [STDERR_REDIRECT] [Fatal Error] :1:1: Premature end of file.
2026-07-17 08:54:35,398 [ERROR] LogOutputStream:75 - [STDERR_REDIRECT] 
2026-07-17 08:54:36,395 [ERROR] LogOutputStream:75 - [STDERR_REDIRECT] [Fatal Error] :1:1: Premature end of file.
2026-07-17 08:54:36,395 [ERROR] LogOutputStream:75 - [STDERR_REDIRECT] 
2026-07-17 08:54:37,394 [ERROR] LogOutputStream:75 - [STDERR_REDIRECT] [Fatal Error] :1:1: Premature end of file.
2026-07-17 08:54:37,394 [ERROR] LogOutputStream:75 - [STDERR_REDIRECT] 
2026-07-17 08:54:38,390 [ERROR] LogOutputStream:75 - [STDERR_REDIRECT] [Fatal Error] :1:1: Premature end of file.
2026-07-17 08:54:38,390 [ERROR] LogOutputStream:75 - [STDERR_REDIRECT] 
2026-07-17 08:54:39,381 [ERROR] LogOutputStream:75 - [STDERR_REDIRECT] [Fatal Error] :1:1: Premature end of file.
2026-07-17 08:54:39,381 [ERROR] LogOutputStream:75 - [STDERR_REDIRECT] 
2026-07-17 08:54:40,396 [ERROR] LogOutputStream:75 - [STDERR_REDIRECT] [Fatal Error] :1:1: Premature end of file.
2026-07-17 08:54:40,396 [ERROR] LogOutputStream:75 - [STDERR_REDIRECT] 
2026-07-17 08:54:41,394 [ERROR] LogOutputStream:75 - [STDERR_REDIRECT] [Fatal Error] :1:1: Premature end of file.
2026-07-17 08:54:41,394 [ERROR] LogOutputStream:75 - [STDERR_REDIRECT] 
2026-07-17 08:54:42,398 [ERROR] LogOutputStream:75 - [STDERR_REDIRECT] [Fatal Error] :1:1: Premature end of file.
2026-07-17 08:54:42,398 [ERROR] LogOutputStream:75 - [STDERR_REDIRECT] 
2026-07-17 08:54:43,395 [ERROR] LogOutputStream:75 - [STDERR_REDIRECT] [Fatal Error] :1:1: Premature end of file.
2026-07-17 08:54:43,395 [ERROR] LogOutputStream:75 - [STDERR_REDIRECT] 
2026-07-17 08:54:44,389 [ERROR] LogOutputStream:75 - [STDERR_REDIRECT] [Fatal Error] :1:1: Premature end of file.
2026-07-17 08:54:44,389 [ERROR] LogOutputStream:75 - [STDERR_REDIRECT] 
2026-07-17 08:54:45,391 [ERROR] LogOutputStream:75 - [STDERR_REDIRECT] [Fatal Error] :1:1: Premature end of file.
2026-07-17 08:54:45,391 [ERROR] LogOutputStream:75 - [STDERR_REDIRECT] 
2026-07-17 08:54:46,390 [ERROR] LogOutputStream:75 - [STDERR_REDIRECT] [Fatal Error] :1:1: Premature end of file.
2026-07-17 08:54:46,390 [ERROR] LogOutputStream:75 - [STDERR_REDIRECT] 
2026-07-17 08:54:47,390 [ERROR] LogOutputStream:75 - [STDERR_REDIRECT] [Fatal Error] :1:1: Premature end of file.
2026-07-17 08:54:47,390 [ERROR] LogOutputStream:75 - [STDERR_REDIRECT] 
2026-07-17 08:54:48,399 [ERROR] LogOutputStream:75 - [STDERR_REDIRECT] [Fatal Error] :1:1: Premature end of file.
2026-07-17 08:54:48,399 [ERROR] LogOutputStream:75 - [STDERR_REDIRECT] 
2026-07-17 08:54:49,409 [ERROR] LogOutputStream:75 - [STDERR_REDIRECT] [Fatal Error] :1:1: Premature end of file.
2026-07-17 08:54:49,409 [ERROR] LogOutputStream:75 - [STDERR_REDIRECT] 
2026-07-17 08:54:50,393 [ERROR] LogOutputStream:75 - [STDERR_REDIRECT] [Fatal Error] :1:1: Premature end of file.
2026-07-17 08:54:50,393 [ERROR] LogOutputStream:75 - [STDERR_REDIRECT] 
2026-07-17 08:54:51,395 [ERROR] LogOutputStream:75 - [STDERR_REDIRECT] [Fatal Error] :1:1: Premature end of file.
2026-07-17 08:54:51,395 [ERROR] LogOutputStream:75 - [STDERR_REDIRECT] 
2026-07-17 08:54:52,392 [ERROR] LogOutputStream:75 - [STDERR_REDIRECT] [Fatal Error] :1:1: Premature end of file.
2026-07-17 08:54:52,392 [ERROR] LogOutputStream:75 - [STDERR_REDIRECT] 
2026-07-17 08:54:53,393 [ERROR] LogOutputStream:75 - [STDERR_REDIRECT] [Fatal Error] :1:1: Premature end of file.
2026-07-17 08:54:53,393 [ERROR] LogOutputStream:75 - [STDERR_REDIRECT] 
2026-07-17 08:54:54,388 [ERROR] LogOutputStream:75 - [STDERR_REDIRECT] [Fatal Error] :1:1: Premature end of file.
2026-07-17 08:54:54,388 [ERROR] LogOutputStream:75 - [STDERR_REDIRECT] 
2026-07-17 08:54:55,385 [ERROR] LogOutputStream:75 - [STDERR_REDIRECT] [Fatal Error] :1:1: Premature end of file.
2026-07-17 08:54:55,386 [ERROR] LogOutputStream:75 - [STDERR_REDIRECT] 
2026-07-17 08:54:56,393 [ERROR] LogOutputStream:75 - [STDERR_REDIRECT] [Fatal Error] :1:1: Premature end of file.
2026-07-17 08:54:56,393 [ERROR] LogOutputStream:75 - [STDERR_REDIRECT] 
2026-07-17 08:54:57,392 [ERROR] LogOutputStream:75 - [STDERR_REDIRECT] [Fatal Error] :1:1: Premature end of file.
2026-07-17 08:54:57,393 [ERROR] LogOutputStream:75 - [STDERR_REDIRECT] 
2026-07-17 08:54:58,386 [ERROR] LogOutputStream:75 - [STDERR_REDIRECT] [Fatal Error] :1:1: Premature end of file.
2026-07-17 08:54:58,386 [ERROR] LogOutputStream:75 - [STDERR_REDIRECT] 
2026-07-17 08:54:59,392 [ERROR] LogOutputStream:75 - [STDERR_REDIRECT] [Fatal Error] :1:1: Premature end of file.
2026-07-17 08:54:59,392 [ERROR] LogOutputStream:75 - [STDERR_REDIRECT] 
2026-07-17 08:55:00,396 [ERROR] LogOutputStream:75 - [STDERR_REDIRECT] [Fatal Error] :1:1: Premature end of file.
2026-07-17 08:55:00,396 [ERROR] LogOutputStream:75 - [STDERR_REDIRECT] 
2026-07-17 08:55:01,392 [ERROR] LogOutputStream:75 - [STDERR_REDIRECT] [Fatal Error] :1:1: Premature end of file.
2026-07-17 08:55:01,392 [ERROR] LogOutputStream:75 - [STDERR_REDIRECT] 
2026-07-17 08:55:02,391 [ERROR] LogOutputStream:75 - [STDERR_REDIRECT] [Fatal Error] :1:1: Premature end of file.
2026-07-17 08:55:02,391 [ERROR] LogOutputStream:75 - [STDERR_REDIRECT] 
2026-07-17 08:55:03,409 [ERROR] LogOutputStream:75 - [STDERR_REDIRECT] [Fatal Error] :1:1: Premature end of file.
2026-07-17 08:55:03,409 [ERROR] LogOutputStream:75 - [STDERR_REDIRECT] 
2026-07-17 08:55:04,389 [ERROR] LogOutputStream:75 - [STDERR_REDIRECT] [Fatal Error] :1:1: Premature end of file.
2026-07-17 08:55:04,389 [ERROR] LogOutputStream:75 - [STDERR_REDIRECT] 
2026-07-17 08:55:05,394 [ERROR] LogOutputStream:75 - [STDERR_REDIRECT] [Fatal Error] :1:1: Premature end of file.
2026-07-17 08:55:05,394 [ERROR] LogOutputStream:75 - [STDERR_REDIRECT] 
2026-07-17 08:55:06,383 [ERROR] LogOutputStream:75 - [STDERR_REDIRECT] [Fatal Error] :1:1: Premature end of file.
2026-07-17 08:55:06,384 [ERROR] LogOutputStream:75 - [STDERR_REDIRECT] 
2026-07-17 08:55:07,386 [ERROR] LogOutputStream:75 - [STDERR_REDIRECT] [Fatal Error] :1:1: Premature end of file.
2026-07-17 08:55:07,387 [ERROR] LogOutputStream:75 - [STDERR_REDIRECT] 
2026-07-17 08:55:08,386 [ERROR] LogOutputStream:75 - [STDERR_REDIRECT] [Fatal Error] :1:1: Premature end of file.
2026-07-17 08:55:08,386 [ERROR] LogOutputStream:75 - [STDERR_REDIRECT] 
2026-07-17 08:55:09,386 [ERROR] LogOutputStream:75 - [STDERR_REDIRECT] [Fatal Error] :1:1: Premature end of file.
2026-07-17 08:55:09,386 [ERROR] LogOutputStream:75 - [STDERR_REDIRECT] 
2026-07-17 08:55:10,383 [ERROR] LogOutputStream:75 - [STDERR_REDIRECT] [Fatal Error] :1:1: Premature end of file.
2026-07-17 08:55:10,383 [ERROR] LogOutputStream:75 - [STDERR_REDIRECT] 
2026-07-17 08:55:11,384 [ERROR] LogOutputStream:75 - [STDERR_REDIRECT] [Fatal Error] :1:1: Premature end of file.
2026-07-17 08:55:11,384 [ERROR] LogOutputStream:75 - [STDERR_REDIRECT] 
2026-07-17 08:55:12,386 [ERROR] LogOutputStream:75 - [STDERR_REDIRECT] [Fatal Error] :1:1: Premature end of file.
2026-07-17 08:55:12,386 [ERROR] LogOutputStream:75 - [STDERR_REDIRECT] 
2026-07-17 08:55:13,403 [ERROR] LogOutputStream:75 - [STDERR_REDIRECT] [Fatal Error] :1:1: Premature end of file.
2026-07-17 08:55:13,403 [ERROR] LogOutputStream:75 - [STDERR_REDIRECT] 
2026-07-17 08:55:14,383 [ERROR] LogOutputStream:75 - [STDERR_REDIRECT] [Fatal Error] :1:1: Premature end of file.
2026-07-17 08:55:14,384 [ERROR] LogOutputStream:75 - [STDERR_REDIRECT] 
2026-07-17 08:55:15,384 [ERROR] LogOutputStream:75 - [STDERR_REDIRECT] [Fatal Error] :1:1: Premature end of file.
2026-07-17 08:55:15,384 [ERROR] LogOutputStream:75 - [STDERR_REDIRECT] 
2026-07-17 08:55:16,389 [ERROR] LogOutputStream:75 - [STDERR_REDIRECT] [Fatal Error] :1:1: Premature end of file.
2026-07-17 08:55:16,389 [ERROR] LogOutputStream:75 - [STDERR_REDIRECT] 
2026-07-17 08:55:17,394 [ERROR] LogOutputStream:75 - [STDERR_REDIRECT] [Fatal Error] :1:1: Premature end of file.
2026-07-17 08:55:17,394 [ERROR] LogOutputStream:75 - [STDERR_REDIRECT] 
2026-07-17 08:55:18,393 [ERROR] LogOutputStream:75 - [STDERR_REDIRECT] [Fatal Error] :1:1: Premature end of file.
2026-07-17 08:55:18,393 [ERROR] LogOutputStream:75 - [STDERR_REDIRECT] 
2026-07-17 08:55:19,398 [ERROR] LogOutputStream:75 - [STDERR_REDIRECT] [Fatal Error] :1:1: Premature end of file.
2026-07-17 08:55:19,398 [ERROR] LogOutputStream:75 - [STDERR_REDIRECT] 
2026-07-17 08:55:20,402 [ERROR] LogOutputStream:75 - [STDERR_REDIRECT] [Fatal Error] :1:1: Premature end of file.
2026-07-17 08:55:20,402 [ERROR] LogOutputStream:75 - [STDERR_REDIRECT] 
2026-07-17 08:55:21,386 [ERROR] LogOutputStream:75 - [STDERR_REDIRECT] [Fatal Error] :1:1: Premature end of file.
2026-07-17 08:55:21,386 [ERROR] LogOutputStream:75 - [STDERR_REDIRECT] 
2026-07-17 08:55:22,397 [ERROR] LogOutputStream:75 - [STDERR_REDIRECT] [Fatal Error] :1:1: Premature end of file.
2026-07-17 08:55:22,397 [ERROR] LogOutputStream:75 - [STDERR_REDIRECT] 
2026-07-17 08:55:23,396 [ERROR] LogOutputStream:75 - [STDERR_REDIRECT] [Fatal Error] :1:1: Premature end of file.
2026-07-17 08:55:23,396 [ERROR] LogOutputStream:75 - [STDERR_REDIRECT] 
2026-07-17 08:55:24,390 [ERROR] LogOutputStream:75 - [STDERR_REDIRECT] [Fatal Error] :1:1: Premature end of file.
2026-07-17 08:55:24,390 [ERROR] LogOutputStream:75 - [STDERR_REDIRECT] 
2026-07-17 08:55:25,391 [ERROR] LogOutputStream:75 - [STDERR_REDIRECT] [Fatal Error] :1:1: Premature end of file.
2026-07-17 08:55:25,391 [ERROR] LogOutputStream:75 - [STDERR_REDIRECT] 
2026-07-17 08:55:26,389 [ERROR] LogOutputStream:75 - [STDERR_REDIRECT] [Fatal Error] :1:1: Premature end of file.
2026-07-17 08:55:26,389 [ERROR] LogOutputStream:75 - [STDERR_REDIRECT] 
2026-07-17 08:55:27,392 [ERROR] LogOutputStream:75 - [STDERR_REDIRECT] [Fatal Error] :1:1: Premature end of file.
2026-07-17 08:55:27,392 [ERROR] LogOutputStream:75 - [STDERR_REDIRECT] 
2026-07-17 08:55:28,387 [ERROR] LogOutputStream:75 - [STDERR_REDIRECT] [Fatal Error] :1:1: Premature end of file.
2026-07-17 08:55:28,387 [ERROR] LogOutputStream:75 - [STDERR_REDIRECT] 
2026-07-17 08:55:29,386 [ERROR] LogOutputStream:75 - [STDERR_REDIRECT] [Fatal Error] :1:1: Premature end of file.
2026-07-17 08:55:29,386 [ERROR] LogOutputStream:75 - [STDERR_REDIRECT] 
2026-07-17 08:55:30,384 [ERROR] LogOutputStream:75 - [STDERR_REDIRECT] [Fatal Error] :1:1: Premature end of file.
2026-07-17 08:55:30,384 [ERROR] LogOutputStream:75 - [STDERR_REDIRECT] 
2026-07-17 08:55:31,386 [ERROR] LogOutputStream:75 - [STDERR_REDIRECT] [Fatal Error] :1:1: Premature end of file.
2026-07-17 08:55:31,386 [ERROR] LogOutputStream:75 - [STDERR_REDIRECT] 
2026-07-17 08:55:32,410 [ERROR] LogOutputStream:75 - [STDERR_REDIRECT] [Fatal Error] :1:1: Premature end of file.
2026-07-17 08:55:32,410 [ERROR] LogOutputStream:75 - [STDERR_REDIRECT] 
2026-07-17 08:55:33,396 [ERROR] LogOutputStream:75 - [STDERR_REDIRECT] [Fatal Error] :1:1: Premature end of file.
2026-07-17 08:55:33,396 [ERROR] LogOutputStream:75 - [STDERR_REDIRECT] 
2026-07-17 08:55:34,398 [ERROR] LogOutputStream:75 - [STDERR_REDIRECT] [Fatal Error] :1:1: Premature end of file.
2026-07-17 08:55:34,398 [ERROR] LogOutputStream:75 - [STDERR_REDIRECT] 
2026-07-17 08:55:35,394 [ERROR] LogOutputStream:75 - [STDERR_REDIRECT] [Fatal Error] :1:1: Premature end of file.
2026-07-17 08:55:35,394 [ERROR] LogOutputStream:75 - [STDERR_REDIRECT] 
2026-07-17 08:55:36,383 [ERROR] LogOutputStream:75 - [STDERR_REDIRECT] [Fatal Error] :1:1: Premature end of file.
2026-07-17 08:55:36,383 [ERROR] LogOutputStream:75 - [STDERR_REDIRECT] 
2026-07-17 08:55:37,412 [ERROR] LogOutputStream:75 - [STDERR_REDIRECT] [Fatal Error] :1:1: Premature end of file.
2026-07-17 08:55:37,412 [ERROR] LogOutputStream:75 - [STDERR_REDIRECT] 
2026-07-17 08:55:38,385 [ERROR] LogOutputStream:75 - [STDERR_REDIRECT] [Fatal Error] :1:1: Premature end of file.
2026-07-17 08:55:38,385 [ERROR] LogOutputStream:75 - [STDERR_REDIRECT] 
2026-07-17 08:55:39,387 [ERROR] LogOutputStream:75 - [STDERR_REDIRECT] [Fatal Error] :1:1: Premature end of file.
2026-07-17 08:55:39,387 [ERROR] LogOutputStream:75 - [STDERR_REDIRECT] 
2026-07-17 08:55:40,447 [ERROR] LogOutputStream:75 - [STDERR_REDIRECT] [Fatal Error] :1:1: Premature end of file.
2026-07-17 08:55:40,447 [ERROR] LogOutputStream:75 - [STDERR_REDIRECT] 
2026-07-17 08:55:41,377 [ERROR] LogOutputStream:75 - [STDERR_REDIRECT] [Fatal Error] :1:1: Premature end of file.
2026-07-17 08:55:41,377 [ERROR] LogOutputStream:75 - [STDERR_REDIRECT] 
2026-07-17 08:55:42,414 [ERROR] LogOutputStream:75 - [STDERR_REDIRECT] [Fatal Error] :1:1: Premature end of file.
2026-07-17 08:55:42,414 [ERROR] LogOutputStream:75 - [STDERR_REDIRECT] 
2026-07-17 08:55:43,395 [ERROR] LogOutputStream:75 - [STDERR_REDIRECT] [Fatal Error] :1:1: Premature end of file.
2026-07-17 08:55:43,395 [ERROR] LogOutputStream:75 - [STDERR_REDIRECT] 
2026-07-17 08:55:44,375 [ERROR] LogOutputStream:75 - [STDERR_REDIRECT] [Fatal Error] :1:1: Premature end of file.
2026-07-17 08:55:44,375 [ERROR] LogOutputStream:75 - [STDERR_REDIRECT] 
2026-07-17 08:55:45,389 [ERROR] LogOutputStream:75 - [STDERR_REDIRECT] [Fatal Error] :1:1: Premature end of file.
2026-07-17 08:55:45,389 [ERROR] LogOutputStream:75 - [STDERR_REDIRECT] 
2026-07-17 08:55:46,419 [ERROR] LogOutputStream:75 - [STDERR_REDIRECT] [Fatal Error] :1:1: Premature end of file.
2026-07-17 08:55:46,419 [ERROR] LogOutputStream:75 - [STDERR_REDIRECT] 
2026-07-17 08:55:47,413 [ERROR] LogOutputStream:75 - [STDERR_REDIRECT] [Fatal Error] :1:1: Premature end of file.
2026-07-17 08:55:47,413 [ERROR] LogOutputStream:75 - [STDERR_REDIRECT] 
2026-07-17 08:55:48,376 [ERROR] LogOutputStream:75 - [STDERR_REDIRECT] [Fatal Error] :1:1: Premature end of file.
2026-07-17 08:55:48,376 [ERROR] LogOutputStream:75 - [STDERR_REDIRECT] 
2026-07-17 08:55:49,363 [ERROR] LogOutputStream:75 - [STDERR_REDIRECT] [Fatal Error] :1:1: Premature end of file.
2026-07-17 08:55:49,363 [ERROR] LogOutputStream:75 - [STDERR_REDIRECT] 
2026-07-17 08:55:50,365 [ERROR] LogOutputStream:75 - [STDERR_REDIRECT] [Fatal Error] :1:1: Premature end of file.
2026-07-17 08:55:50,365 [ERROR] LogOutputStream:75 - [STDERR_REDIRECT] 
2026-07-17 08:55:51,364 [ERROR] LogOutputStream:75 - [STDERR_REDIRECT] [Fatal Error] :1:1: Premature end of file.
2026-07-17 08:55:51,364 [ERROR] LogOutputStream:75 - [STDERR_REDIRECT] 
2026-07-17 08:55:52,365 [ERROR] LogOutputStream:75 - [STDERR_REDIRECT] [Fatal Error] :1:1: Premature end of file.
2026-07-17 08:55:52,365 [ERROR] LogOutputStream:75 - [STDERR_REDIRECT] 
2026-07-17 08:55:53,732 [ERROR] LogOutputStream:75 - [STDERR_REDIRECT] [Fatal Error] :1:1: Premature end of file.
2026-07-17 08:55:53,732 [ERROR] LogOutputStream:75 - [STDERR_REDIRECT] 
2026-07-17 08:55:54,429 [ERROR] LogOutputStream:75 - [STDERR_REDIRECT] [Fatal Error] :1:1: Premature end of file.
2026-07-17 08:55:54,429 [ERROR] LogOutputStream:75 - [STDERR_REDIRECT] 
2026-07-17 08:55:55,410 [ERROR] LogOutputStream:75 - [STDERR_REDIRECT] [Fatal Error] :1:1: Premature end of file.
2026-07-17 08:55:55,410 [ERROR] LogOutputStream:75 - [STDERR_REDIRECT] 
2026-07-17 08:55:56,393 [ERROR] LogOutputStream:75 - [STDERR_REDIRECT] [Fatal Error] :1:1: Premature end of file.
2026-07-17 08:55:56,393 [ERROR] LogOutputStream:75 - [STDERR_REDIRECT] 
2026-07-17 08:55:57,402 [ERROR] LogOutputStream:75 - [STDERR_REDIRECT] [Fatal Error] :1:1: Premature end of file.
2026-07-17 08:55:57,404 [ERROR] LogOutputStream:75 - [STDERR_REDIRECT] 
2026-07-17 08:55:58,378 [ERROR] LogOutputStream:75 - [STDERR_REDIRECT] [Fatal Error] :1:1: Premature end of file.
2026-07-17 08:55:58,378 [ERROR] LogOutputStream:75 - [STDERR_REDIRECT] 
2026-07-17 08:55:59,399 [ERROR] LogOutputStream:75 - [STDERR_REDIRECT] [Fatal Error] :1:1: Premature end of file.
2026-07-17 08:55:59,399 [ERROR] LogOutputStream:75 - [STDERR_REDIRECT] 
2026-07-17 08:56:00,417 [ERROR] LogOutputStream:75 - [STDERR_REDIRECT] [Fatal Error] :1:1: Premature end of file.
2026-07-17 08:56:00,417 [ERROR] LogOutputStream:75 - [STDERR_REDIRECT] 
2026-07-17 08:56:01,554 [ERROR] LogOutputStream:75 - [STDERR_REDIRECT] [Fatal Error] :1:1: Premature end of file.
2026-07-17 08:56:01,554 [ERROR] LogOutputStream:75 - [STDERR_REDIRECT] 
2026-07-17 08:56:02,479 [ERROR] LogOutputStream:75 - [STDERR_REDIRECT] [Fatal Error] :1:1: Premature end of file.
2026-07-17 08:56:02,480 [ERROR] LogOutputStream:75 - [STDERR_REDIRECT] 
2026-07-17 08:56:03,479 [ERROR] LogOutputStream:75 - [STDERR_REDIRECT] [Fatal Error] :1:1: Premature end of file.
2026-07-17 08:56:03,480 [ERROR] LogOutputStream:75 - [STDERR_REDIRECT] 
2026-07-17 08:56:04,430 [ERROR] LogOutputStream:75 - [STDERR_REDIRECT] [Fatal Error] :1:1: Premature end of file.
2026-07-17 08:56:04,431 [ERROR] LogOutputStream:75 - [STDERR_REDIRECT] 
2026-07-17 08:56:05,385 [ERROR] LogOutputStream:75 - [STDERR_REDIRECT] [Fatal Error] :1:1: Premature end of file.
2026-07-17 08:56:05,385 [ERROR] LogOutputStream:75 - [STDERR_REDIRECT] 
2026-07-17 08:56:06,373 [ERROR] LogOutputStream:75 - [STDERR_REDIRECT] [Fatal Error] :1:1: Premature end of file.
2026-07-17 08:56:06,373 [ERROR] LogOutputStream:75 - [STDERR_REDIRECT] 
2026-07-17 08:56:07,378 [ERROR] LogOutputStream:75 - [STDERR_REDIRECT] [Fatal Error] :1:1: Premature end of file.
2026-07-17 08:56:07,378 [ERROR] LogOutputStream:75 - [STDERR_REDIRECT] 
2026-07-17 08:56:08,441 [ERROR] LogOutputStream:75 - [STDERR_REDIRECT] [Fatal Error] :1:1: Premature end of file.
2026-07-17 08:56:08,442 [ERROR] LogOutputStream:75 - [STDERR_REDIRECT] 
2026-07-17 08:56:09,390 [ERROR] LogOutputStream:75 - [STDERR_REDIRECT] [Fatal Error] :1:1: Premature end of file.
2026-07-17 08:56:09,390 [ERROR] LogOutputStream:75 - [STDERR_REDIRECT] 
2026-07-17 08:56:10,494 [ERROR] LogOutputStream:75 - [STDERR_REDIRECT] [Fatal Error] :1:1: Premature end of file.
2026-07-17 08:56:10,494 [ERROR] LogOutputStream:75 - [STDERR_REDIRECT] 
2026-07-17 08:56:11,379 [ERROR] LogOutputStream:75 - [STDERR_REDIRECT] [Fatal Error] :1:1: Premature end of file.
2026-07-17 08:56:11,379 [ERROR] LogOutputStream:75 - [STDERR_REDIRECT] 
2026-07-17 08:56:12,391 [ERROR] LogOutputStream:75 - [STDERR_REDIRECT] [Fatal Error] :1:1: Premature end of file.
2026-07-17 08:56:12,391 [ERROR] LogOutputStream:75 - [STDERR_REDIRECT] 
2026-07-17 08:56:13,377 [ERROR] LogOutputStream:75 - [STDERR_REDIRECT] [Fatal Error] :1:1: Premature end of file.
2026-07-17 08:56:13,377 [ERROR] LogOutputStream:75 - [STDERR_REDIRECT] 
2026-07-17 08:56:14,377 [ERROR] LogOutputStream:75 - [STDERR_REDIRECT] [Fatal Error] :1:1: Premature end of file.
2026-07-17 08:56:14,377 [ERROR] LogOutputStream:75 - [STDERR_REDIRECT] 
2026-07-17 08:56:15,361 [ERROR] LogOutputStream:75 - [STDERR_REDIRECT] [Fatal Error] :1:1: Premature end of file.
2026-07-17 08:56:15,361 [ERROR] LogOutputStream:75 - [STDERR_REDIRECT] 
2026-07-17 08:56:16,392 [ERROR] LogOutputStream:75 - [STDERR_REDIRECT] [Fatal Error] :1:1: Premature end of file.
2026-07-17 08:56:16,392 [ERROR] LogOutputStream:75 - [STDERR_REDIRECT] 
2026-07-17 08:56:17,384 [ERROR] LogOutputStream:75 - [STDERR_REDIRECT] [Fatal Error] :1:1: Premature end of file.
2026-07-17 08:56:17,384 [ERROR] LogOutputStream:75 - [STDERR_REDIRECT] 
2026-07-17 08:56:18,385 [ERROR] LogOutputStream:75 - [STDERR_REDIRECT] [Fatal Error] :1:1: Premature end of file.
2026-07-17 08:56:18,385 [ERROR] LogOutputStream:75 - [STDERR_REDIRECT] 
2026-07-17 08:56:19,382 [ERROR] LogOutputStream:75 - [STDERR_REDIRECT] [Fatal Error] :1:1: Premature end of file.
2026-07-17 08:56:19,382 [ERROR] LogOutputStream:75 - [STDERR_REDIRECT] 
2026-07-17 08:56:20,389 [ERROR] LogOutputStream:75 - [STDERR_REDIRECT] [Fatal Error] :1:1: Premature end of file.
2026-07-17 08:56:20,389 [ERROR] LogOutputStream:75 - [STDERR_REDIRECT] 
2026-07-17 08:56:21,399 [ERROR] LogOutputStream:75 - [STDERR_REDIRECT] [Fatal Error] :1:1: Premature end of file.
2026-07-17 08:56:21,400 [ERROR] LogOutputStream:75 - [STDERR_REDIRECT] 
2026-07-17 08:56:22,390 [ERROR] LogOutputStream:75 - [STDERR_REDIRECT] [Fatal Error] :1:1: Premature end of file.
2026-07-17 08:56:22,390 [ERROR] LogOutputStream:75 - [STDERR_REDIRECT] 
2026-07-17 08:56:23,389 [ERROR] LogOutputStream:75 - [STDERR_REDIRECT] [Fatal Error] :1:1: Premature end of file.
2026-07-17 08:56:23,389 [ERROR] LogOutputStream:75 - [STDERR_REDIRECT] 
2026-07-17 08:56:24,443 [ERROR] LogOutputStream:75 - [STDERR_REDIRECT] [Fatal Error] :1:1: Premature end of file.
2026-07-17 08:56:24,443 [ERROR] LogOutputStream:75 - [STDERR_REDIRECT] 
2026-07-17 08:56:25,398 [ERROR] LogOutputStream:75 - [STDERR_REDIRECT] [Fatal Error] :1:1: Premature end of file.
2026-07-17 08:56:25,398 [ERROR] LogOutputStream:75 - [STDERR_REDIRECT] 
2026-07-17 08:56:26,387 [ERROR] LogOutputStream:75 - [STDERR_REDIRECT] [Fatal Error] :1:1: Premature end of file.
2026-07-17 08:56:26,387 [ERROR] LogOutputStream:75 - [STDERR_REDIRECT] 
2026-07-17 08:56:27,407 [ERROR] LogOutputStream:75 - [STDERR_REDIRECT] [Fatal Error] :1:1: Premature end of file.
2026-07-17 08:56:27,408 [ERROR] LogOutputStream:75 - [STDERR_REDIRECT] 
2026-07-17 08:56:28,385 [ERROR] LogOutputStream:75 - [STDERR_REDIRECT] [Fatal Error] :1:1: Premature end of file.
2026-07-17 08:56:28,385 [ERROR] LogOutputStream:75 - [STDERR_REDIRECT] 
2026-07-17 08:56:29,383 [ERROR] LogOutputStream:75 - [STDERR_REDIRECT] [Fatal Error] :1:1: Premature end of file.
2026-07-17 08:56:29,384 [ERROR] LogOutputStream:75 - [STDERR_REDIRECT] 
2026-07-17 08:56:30,403 [ERROR] LogOutputStream:75 - [STDERR_REDIRECT] [Fatal Error] :1:1: Premature end of file.
2026-07-17 08:56:30,403 [ERROR] LogOutputStream:75 - [STDERR_REDIRECT] 
2026-07-17 08:56:31,456 [ERROR] LogOutputStream:75 - [STDERR_REDIRECT] [Fatal Error] :1:1: Premature end of file.
2026-07-17 08:56:31,456 [ERROR] LogOutputStream:75 - [STDERR_REDIRECT] 
2026-07-17 08:56:32,376 [ERROR] LogOutputStream:75 - [STDERR_REDIRECT] [Fatal Error] :1:1: Premature end of file.
2026-07-17 08:56:32,376 [ERROR] LogOutputStream:75 - [STDERR_REDIRECT] 
2026-07-17 08:56:33,378 [ERROR] LogOutputStream:75 - [STDERR_REDIRECT] [Fatal Error] :1:1: Premature end of file.
2026-07-17 08:56:33,378 [ERROR] LogOutputStream:75 - [STDERR_REDIRECT] 
2026-07-17 08:56:34,373 [ERROR] LogOutputStream:75 - [STDERR_REDIRECT] [Fatal Error] :1:1: Premature end of file.
2026-07-17 08:56:34,374 [ERROR] LogOutputStream:75 - [STDERR_REDIRECT] 
2026-07-17 08:56:35,462 [ERROR] LogOutputStream:75 - [STDERR_REDIRECT] [Fatal Error] :1:1: Premature end of file.
2026-07-17 08:56:35,462 [ERROR] LogOutputStream:75 - [STDERR_REDIRECT] 
2026-07-17 08:56:36,397 [ERROR] LogOutputStream:75 - [STDERR_REDIRECT] [Fatal Error] :1:1: Premature end of file.
2026-07-17 08:56:36,398 [ERROR] LogOutputStream:75 - [STDERR_REDIRECT] 
2026-07-17 08:56:37,478 [ERROR] LogOutputStream:75 - [STDERR_REDIRECT] [Fatal Error] :1:1: Premature end of file.
2026-07-17 08:56:37,481 [ERROR] LogOutputStream:75 - [STDERR_REDIRECT] 
2026-07-17 08:56:38,451 [ERROR] LogOutputStream:75 - [STDERR_REDIRECT] [Fatal Error] :1:1: Premature end of file.
2026-07-17 08:56:38,451 [ERROR] LogOutputStream:75 - [STDERR_REDIRECT] 
2026-07-17 08:56:39,385 [ERROR] LogOutputStream:75 - [STDERR_REDIRECT] [Fatal Error] :1:1: Premature end of file.
2026-07-17 08:56:39,385 [ERROR] LogOutputStream:75 - [STDERR_REDIRECT] 
2026-07-17 08:56:40,390 [ERROR] LogOutputStream:75 - [STDERR_REDIRECT] [Fatal Error] :1:1: Premature end of file.
2026-07-17 08:56:40,390 [ERROR] LogOutputStream:75 - [STDERR_REDIRECT] 
2026-07-17 08:56:41,382 [ERROR] LogOutputStream:75 - [STDERR_REDIRECT] [Fatal Error] :1:1: Premature end of file.
2026-07-17 08:56:41,383 [ERROR] LogOutputStream:75 - [STDERR_REDIRECT] 
2026-07-17 08:56:42,378 [ERROR] LogOutputStream:75 - [STDERR_REDIRECT] [Fatal Error] :1:1: Premature end of file.
2026-07-17 08:56:42,378 [ERROR] LogOutputStream:75 - [STDERR_REDIRECT] 
2026-07-17 08:56:43,384 [ERROR] LogOutputStream:75 - [STDERR_REDIRECT] [Fatal Error] :1:1: Premature end of file.
2026-07-17 08:56:43,384 [ERROR] LogOutputStream:75 - [STDERR_REDIRECT] 
2026-07-17 08:56:44,386 [ERROR] LogOutputStream:75 - [STDERR_REDIRECT] [Fatal Error] :1:1: Premature end of file.
2026-07-17 08:56:44,386 [ERROR] LogOutputStream:75 - [STDERR_REDIRECT] 
2026-07-17 08:56:45,399 [ERROR] LogOutputStream:75 - [STDERR_REDIRECT] [Fatal Error] :1:1: Premature end of file.
2026-07-17 08:56:45,399 [ERROR] LogOutputStream:75 - [STDERR_REDIRECT] 
2026-07-17 08:56:46,389 [ERROR] LogOutputStream:75 - [STDERR_REDIRECT] [Fatal Error] :1:1: Premature end of file.
2026-07-17 08:56:46,389 [ERROR] LogOutputStream:75 - [STDERR_REDIRECT] 
2026-07-17 08:56:47,386 [ERROR] LogOutputStream:75 - [STDERR_REDIRECT] [Fatal Error] :1:1: Premature end of file.
2026-07-17 08:56:47,386 [ERROR] LogOutputStream:75 - [STDERR_REDIRECT] 
2026-07-17 08:56:48,383 [ERROR] LogOutputStream:75 - [STDERR_REDIRECT] [Fatal Error] :1:1: Premature end of file.
2026-07-17 08:56:48,383 [ERROR] LogOutputStream:75 - [STDERR_REDIRECT] 
2026-07-17 08:56:49,376 [ERROR] LogOutputStream:75 - [STDERR_REDIRECT] [Fatal Error] :1:1: Premature end of file.
2026-07-17 08:56:49,376 [ERROR] LogOutputStream:75 - [STDERR_REDIRECT] 
2026-07-17 08:56:50,395 [ERROR] LogOutputStream:75 - [STDERR_REDIRECT] [Fatal Error] :1:1: Premature end of file.
2026-07-17 08:56:50,395 [ERROR] LogOutputStream:75 - [STDERR_REDIRECT] 
2026-07-17 08:56:51,396 [ERROR] LogOutputStream:75 - [STDERR_REDIRECT] [Fatal Error] :1:1: Premature end of file.
2026-07-17 08:56:51,396 [ERROR] LogOutputStream:75 - [STDERR_REDIRECT] 
2026-07-17 08:56:52,384 [ERROR] LogOutputStream:75 - [STDERR_REDIRECT] [Fatal Error] :1:1: Premature end of file.
2026-07-17 08:56:52,384 [ERROR] LogOutputStream:75 - [STDERR_REDIRECT] 
2026-07-17 08:56:53,395 [ERROR] LogOutputStream:75 - [STDERR_REDIRECT] [Fatal Error] :1:1: Premature end of file.
2026-07-17 08:56:53,395 [ERROR] LogOutputStream:75 - [STDERR_REDIRECT] 
2026-07-17 08:56:54,384 [ERROR] LogOutputStream:75 - [STDERR_REDIRECT] [Fatal Error] :1:1: Premature end of file.
2026-07-17 08:56:54,385 [ERROR] LogOutputStream:75 - [STDERR_REDIRECT] 
2026-07-17 08:56:55,385 [ERROR] LogOutputStream:75 - [STDERR_REDIRECT] [Fatal Error] :1:1: Premature end of file.
2026-07-17 08:56:55,385 [ERROR] LogOutputStream:75 - [STDERR_REDIRECT] 
2026-07-17 08:56:56,388 [ERROR] LogOutputStream:75 - [STDERR_REDIRECT] [Fatal Error] :1:1: Premature end of file.
2026-07-17 08:56:56,388 [ERROR] LogOutputStream:75 - [STDERR_REDIRECT] 
2026-07-17 08:56:57,381 [ERROR] LogOutputStream:75 - [STDERR_REDIRECT] [Fatal Error] :1:1: Premature end of file.
2026-07-17 08:56:57,381 [ERROR] LogOutputStream:75 - [STDERR_REDIRECT] 
2026-07-17 08:56:58,387 [ERROR] LogOutputStream:75 - [STDERR_REDIRECT] [Fatal Error] :1:1: Premature end of file.
2026-07-17 08:56:58,387 [ERROR] LogOutputStream:75 - [STDERR_REDIRECT] 
2026-07-17 08:56:59,388 [ERROR] LogOutputStream:75 - [STDERR_REDIRECT] [Fatal Error] :1:1: Premature end of file.
2026-07-17 08:56:59,388 [ERROR] LogOutputStream:75 - [STDERR_REDIRECT] 
2026-07-17 08:57:00,371 [ERROR] LogOutputStream:75 - [STDERR_REDIRECT] [Fatal Error] :1:1: Premature end of file.
2026-07-17 08:57:00,371 [ERROR] LogOutputStream:75 - [STDERR_REDIRECT] 
2026-07-17 08:57:01,379 [ERROR] LogOutputStream:75 - [STDERR_REDIRECT] [Fatal Error] :1:1: Premature end of file.
2026-07-17 08:57:01,379 [ERROR] LogOutputStream:75 - [STDERR_REDIRECT] 
2026-07-17 08:57:02,385 [ERROR] LogOutputStream:75 - [STDERR_REDIRECT] [Fatal Error] :1:1: Premature end of file.
2026-07-17 08:57:02,385 [ERROR] LogOutputStream:75 - [STDERR_REDIRECT] 
2026-07-17 08:57:03,370 [ERROR] LogOutputStream:75 - [STDERR_REDIRECT] [Fatal Error] :1:1: Premature end of file.
2026-07-17 08:57:03,370 [ERROR] LogOutputStream:75 - [STDERR_REDIRECT] 
2026-07-17 08:57:04,368 [ERROR] LogOutputStream:75 - [STDERR_REDIRECT] [Fatal Error] :1:1: Premature end of file.
2026-07-17 08:57:04,369 [ERROR] LogOutputStream:75 - [STDERR_REDIRECT] 
2026-07-17 08:57:05,379 [ERROR] LogOutputStream:75 - [STDERR_REDIRECT] [Fatal Error] :1:1: Premature end of file.
2026-07-17 08:57:05,380 [ERROR] LogOutputStream:75 - [STDERR_REDIRECT] 
2026-07-17 08:57:06,371 [ERROR] LogOutputStream:75 - [STDERR_REDIRECT] [Fatal Error] :1:1: Premature end of file.
2026-07-17 08:57:06,371 [ERROR] LogOutputStream:75 - [STDERR_REDIRECT] 
2026-07-17 08:57:07,380 [ERROR] LogOutputStream:75 - [STDERR_REDIRECT] [Fatal Error] :1:1: Premature end of file.
2026-07-17 08:57:07,380 [ERROR] LogOutputStream:75 - [STDERR_REDIRECT] 
2026-07-17 08:57:08,379 [ERROR] LogOutputStream:75 - [STDERR_REDIRECT] [Fatal Error] :1:1: Premature end of file.
2026-07-17 08:57:08,379 [ERROR] LogOutputStream:75 - [STDERR_REDIRECT] 
2026-07-17 08:57:09,371 [ERROR] LogOutputStream:75 - [STDERR_REDIRECT] [Fatal Error] :1:1: Premature end of file.
2026-07-17 08:57:09,371 [ERROR] LogOutputStream:75 - [STDERR_REDIRECT] 
2026-07-17 08:57:10,383 [ERROR] LogOutputStream:75 - [STDERR_REDIRECT] [Fatal Error] :1:1: Premature end of file.
2026-07-17 08:57:10,383 [ERROR] LogOutputStream:75 - [STDERR_REDIRECT] 
2026-07-17 08:57:11,383 [ERROR] LogOutputStream:75 - [STDERR_REDIRECT] [Fatal Error] :1:1: Premature end of file.
2026-07-17 08:57:11,383 [ERROR] LogOutputStream:75 - [STDERR_REDIRECT] 
2026-07-17 08:57:12,377 [ERROR] LogOutputStream:75 - [STDERR_REDIRECT] [Fatal Error] :1:1: Premature end of file.
2026-07-17 08:57:12,378 [ERROR] LogOutputStream:75 - [STDERR_REDIRECT] 
2026-07-17 08:57:13,369 [ERROR] LogOutputStream:75 - [STDERR_REDIRECT] [Fatal Error] :1:1: Premature end of file.
2026-07-17 08:57:13,369 [ERROR] LogOutputStream:75 - [STDERR_REDIRECT] 
2026-07-17 08:57:14,373 [ERROR] LogOutputStream:75 - [STDERR_REDIRECT] [Fatal Error] :1:1: Premature end of file.
2026-07-17 08:57:14,373 [ERROR] LogOutputStream:75 - [STDERR_REDIRECT] 
2026-07-17 08:57:15,372 [ERROR] LogOutputStream:75 - [STDERR_REDIRECT] [Fatal Error] :1:1: Premature end of file.
2026-07-17 08:57:15,372 [ERROR] LogOutputStream:75 - [STDERR_REDIRECT] 
2026-07-17 08:57:16,373 [ERROR] LogOutputStream:75 - [STDERR_REDIRECT] [Fatal Error] :1:1: Premature end of file.
2026-07-17 08:57:16,373 [ERROR] LogOutputStream:75 - [STDERR_REDIRECT] 
2026-07-17 08:57:17,371 [ERROR] LogOutputStream:75 - [STDERR_REDIRECT] [Fatal Error] :1:1: Premature end of file.
2026-07-17 08:57:17,371 [ERROR] LogOutputStream:75 - [STDERR_REDIRECT] 
2026-07-17 08:57:18,368 [ERROR] LogOutputStream:75 - [STDERR_REDIRECT] [Fatal Error] :1:1: Premature end of file.
2026-07-17 08:57:18,368 [ERROR] LogOutputStream:75 - [STDERR_REDIRECT] 
2026-07-17 08:57:19,369 [ERROR] LogOutputStream:75 - [STDERR_REDIRECT] [Fatal Error] :1:1: Premature end of file.
2026-07-17 08:57:19,369 [ERROR] LogOutputStream:75 - [STDERR_REDIRECT] 
2026-07-17 08:57:20,364 [ERROR] LogOutputStream:75 - [STDERR_REDIRECT] [Fatal Error] :1:1: Premature end of file.
2026-07-17 08:57:20,364 [ERROR] LogOutputStream:75 - [STDERR_REDIRECT] 
2026-07-17 08:57:21,400 [ERROR] LogOutputStream:75 - [STDERR_REDIRECT] [Fatal Error] :1:1: Premature end of file.
2026-07-17 08:57:21,400 [ERROR] LogOutputStream:75 - [STDERR_REDIRECT] 
2026-07-17 08:57:22,397 [ERROR] LogOutputStream:75 - [STDERR_REDIRECT] [Fatal Error] :1:1: Premature end of file.
2026-07-17 08:57:22,398 [ERROR] LogOutputStream:75 - [STDERR_REDIRECT] 
2026-07-17 08:57:23,371 [ERROR] LogOutputStream:75 - [STDERR_REDIRECT] [Fatal Error] :1:1: Premature end of file.
2026-07-17 08:57:23,371 [ERROR] LogOutputStream:75 - [STDERR_REDIRECT] 
2026-07-17 08:57:24,380 [ERROR] LogOutputStream:75 - [STDERR_REDIRECT] [Fatal Error] :1:1: Premature end of file.
2026-07-17 08:57:24,380 [ERROR] LogOutputStream:75 - [STDERR_REDIRECT] 
2026-07-17 08:57:25,378 [ERROR] LogOutputStream:75 - [STDERR_REDIRECT] [Fatal Error] :1:1: Premature end of file.
2026-07-17 08:57:25,378 [ERROR] LogOutputStream:75 - [STDERR_REDIRECT] 
2026-07-17 08:57:26,413 [ERROR] LogOutputStream:75 - [STDERR_REDIRECT] [Fatal Error] :1:1: Premature end of file.
2026-07-17 08:57:26,413 [ERROR] LogOutputStream:75 - [STDERR_REDIRECT] 
2026-07-17 08:57:27,391 [ERROR] LogOutputStream:75 - [STDERR_REDIRECT] [Fatal Error] :1:1: Premature end of file.
2026-07-17 08:57:27,391 [ERROR] LogOutputStream:75 - [STDERR_REDIRECT] 
2026-07-17 08:57:28,383 [ERROR] LogOutputStream:75 - [STDERR_REDIRECT] [Fatal Error] :1:1: Premature end of file.
2026-07-17 08:57:28,383 [ERROR] LogOutputStream:75 - [STDERR_REDIRECT] 
2026-07-17 08:57:29,397 [ERROR] LogOutputStream:75 - [STDERR_REDIRECT] [Fatal Error] :1:1: Premature end of file.
2026-07-17 08:57:29,397 [ERROR] LogOutputStream:75 - [STDERR_REDIRECT] 
2026-07-17 08:57:30,364 [ERROR] LogOutputStream:75 - [STDERR_REDIRECT] [Fatal Error] :1:1: Premature end of file.
2026-07-17 08:57:30,364 [ERROR] LogOutputStream:75 - [STDERR_REDIRECT] 
2026-07-17 08:57:31,378 [ERROR] LogOutputStream:75 - [STDERR_REDIRECT] [Fatal Error] :1:1: Premature end of file.
2026-07-17 08:57:31,378 [ERROR] LogOutputStream:75 - [STDERR_REDIRECT] 
2026-07-17 08:57:32,393 [ERROR] LogOutputStream:75 - [STDERR_REDIRECT] [Fatal Error] :1:1: Premature end of file.
2026-07-17 08:57:32,393 [ERROR] LogOutputStream:75 - [STDERR_REDIRECT] 
2026-07-17 08:57:33,390 [ERROR] LogOutputStream:75 - [STDERR_REDIRECT] [Fatal Error] :1:1: Premature end of file.
2026-07-17 08:57:33,390 [ERROR] LogOutputStream:75 - [STDERR_REDIRECT] 
2026-07-17 08:57:34,370 [ERROR] LogOutputStream:75 - [STDERR_REDIRECT] [Fatal Error] :1:1: Premature end of file.
2026-07-17 08:57:34,370 [ERROR] LogOutputStream:75 - [STDERR_REDIRECT] 
2026-07-17 08:57:35,371 [ERROR] LogOutputStream:75 - [STDERR_REDIRECT] [Fatal Error] :1:1: Premature end of file.
2026-07-17 08:57:35,371 [ERROR] LogOutputStream:75 - [STDERR_REDIRECT] 
2026-07-17 08:57:36,445 [ERROR] LogOutputStream:75 - [STDERR_REDIRECT] [Fatal Error] :1:1: Premature end of file.
2026-07-17 08:57:36,446 [ERROR] LogOutputStream:75 - [STDERR_REDIRECT] 
2026-07-17 08:57:37,364 [ERROR] LogOutputStream:75 - [STDERR_REDIRECT] [Fatal Error] :1:1: Premature end of file.
2026-07-17 08:57:37,364 [ERROR] LogOutputStream:75 - [STDERR_REDIRECT] 
2026-07-17 08:57:38,372 [ERROR] LogOutputStream:75 - [STDERR_REDIRECT] [Fatal Error] :1:1: Premature end of file.
2026-07-17 08:57:38,372 [ERROR] LogOutputStream:75 - [STDERR_REDIRECT] 
2026-07-17 08:57:39,370 [ERROR] LogOutputStream:75 - [STDERR_REDIRECT] [Fatal Error] :1:1: Premature end of file.
2026-07-17 08:57:39,370 [ERROR] LogOutputStream:75 - [STDERR_REDIRECT] 
2026-07-17 08:57:40,371 [ERROR] LogOutputStream:75 - [STDERR_REDIRECT] [Fatal Error] :1:1: Premature end of file.
2026-07-17 08:57:40,371 [ERROR] LogOutputStream:75 - [STDERR_REDIRECT] 
2026-07-17 08:57:41,381 [ERROR] LogOutputStream:75 - [STDERR_REDIRECT] [Fatal Error] :1:1: Premature end of file.
2026-07-17 08:57:41,381 [ERROR] LogOutputStream:75 - [STDERR_REDIRECT] 
2026-07-17 08:57:42,369 [ERROR] LogOutputStream:75 - [STDERR_REDIRECT] [Fatal Error] :1:1: Premature end of file.
2026-07-17 08:57:42,369 [ERROR] LogOutputStream:75 - [STDERR_REDIRECT] 
2026-07-17 08:57:43,374 [ERROR] LogOutputStream:75 - [STDERR_REDIRECT] [Fatal Error] :1:1: Premature end of file.
2026-07-17 08:57:43,374 [ERROR] LogOutputStream:75 - [STDERR_REDIRECT] 
2026-07-17 08:57:44,392 [ERROR] LogOutputStream:75 - [STDERR_REDIRECT] [Fatal Error] :1:1: Premature end of file.
2026-07-17 08:57:44,392 [ERROR] LogOutputStream:75 - [STDERR_REDIRECT] 
2026-07-17 08:57:45,380 [ERROR] LogOutputStream:75 - [STDERR_REDIRECT] [Fatal Error] :1:1: Premature end of file.
2026-07-17 08:57:45,380 [ERROR] LogOutputStream:75 - [STDERR_REDIRECT] 
2026-07-17 08:57:46,391 [ERROR] LogOutputStream:75 - [STDERR_REDIRECT] [Fatal Error] :1:1: Premature end of file.
2026-07-17 08:57:46,391 [ERROR] LogOutputStream:75 - [STDERR_REDIRECT] 
2026-07-17 08:57:47,429 [ERROR] LogOutputStream:75 - [STDERR_REDIRECT] [Fatal Error] :1:1: Premature end of file.
2026-07-17 08:57:47,429 [ERROR] LogOutputStream:75 - [STDERR_REDIRECT] 
2026-07-17 08:57:48,431 [ERROR] LogOutputStream:75 - [STDERR_REDIRECT] [Fatal Error] :1:1: Premature end of file.
2026-07-17 08:57:48,431 [ERROR] LogOutputStream:75 - [STDERR_REDIRECT] 
2026-07-17 08:57:49,423 [ERROR] LogOutputStream:75 - [STDERR_REDIRECT] [Fatal Error] :1:1: Premature end of file.
2026-07-17 08:57:49,423 [ERROR] LogOutputStream:75 - [STDERR_REDIRECT] 
2026-07-17 08:57:50,389 [ERROR] LogOutputStream:75 - [STDERR_REDIRECT] [Fatal Error] :1:1: Premature end of file.
2026-07-17 08:57:50,389 [ERROR] LogOutputStream:75 - [STDERR_REDIRECT] 
2026-07-17 08:57:51,380 [ERROR] LogOutputStream:75 - [STDERR_REDIRECT] [Fatal Error] :1:1: Premature end of file.
2026-07-17 08:57:51,380 [ERROR] LogOutputStream:75 - [STDERR_REDIRECT] 
2026-07-17 08:57:52,419 [ERROR] LogOutputStream:75 - [STDERR_REDIRECT] [Fatal Error] :1:1: Premature end of file.
2026-07-17 08:57:52,419 [ERROR] LogOutputStream:75 - [STDERR_REDIRECT] 
2026-07-17 08:57:53,379 [ERROR] LogOutputStream:75 - [STDERR_REDIRECT] [Fatal Error] :1:1: Premature end of file.
2026-07-17 08:57:53,379 [ERROR] LogOutputStream:75 - [STDERR_REDIRECT] 
2026-07-17 08:57:54,380 [ERROR] LogOutputStream:75 - [STDERR_REDIRECT] [Fatal Error] :1:1: Premature end of file.
2026-07-17 08:57:54,380 [ERROR] LogOutputStream:75 - [STDERR_REDIRECT] 
2026-07-17 08:57:55,410 [ERROR] LogOutputStream:75 - [STDERR_REDIRECT] [Fatal Error] :1:1: Premature end of file.
2026-07-17 08:57:55,410 [ERROR] LogOutputStream:75 - [STDERR_REDIRECT] 
2026-07-17 08:57:56,374 [ERROR] LogOutputStream:75 - [STDERR_REDIRECT] [Fatal Error] :1:1: Premature end of file.
2026-07-17 08:57:56,374 [ERROR] LogOutputStream:75 - [STDERR_REDIRECT] 
2026-07-17 08:57:57,431 [ERROR] LogOutputStream:75 - [STDERR_REDIRECT] [Fatal Error] :1:1: Premature end of file.
2026-07-17 08:57:57,431 [ERROR] LogOutputStream:75 - [STDERR_REDIRECT] 
2026-07-17 08:57:58,395 [ERROR] LogOutputStream:75 - [STDERR_REDIRECT] [Fatal Error] :1:1: Premature end of file.
2026-07-17 08:57:58,395 [ERROR] LogOutputStream:75 - [STDERR_REDIRECT] 
2026-07-17 08:57:59,382 [ERROR] LogOutputStream:75 - [STDERR_REDIRECT] [Fatal Error] :1:1: Premature end of file.
2026-07-17 08:57:59,382 [ERROR] LogOutputStream:75 - [STDERR_REDIRECT] 
2026-07-17 08:58:00,383 [ERROR] LogOutputStream:75 - [STDERR_REDIRECT] [Fatal Error] :1:1: Premature end of file.
2026-07-17 08:58:00,383 [ERROR] LogOutputStream:75 - [STDERR_REDIRECT] 
2026-07-17 08:58:01,398 [ERROR] LogOutputStream:75 - [STDERR_REDIRECT] [Fatal Error] :1:1: Premature end of file.
2026-07-17 08:58:01,398 [ERROR] LogOutputStream:75 - [STDERR_REDIRECT] 
2026-07-17 08:58:02,393 [ERROR] LogOutputStream:75 - [STDERR_REDIRECT] [Fatal Error] :1:1: Premature end of file.
2026-07-17 08:58:02,393 [ERROR] LogOutputStream:75 - [STDERR_REDIRECT] 
2026-07-17 08:58:03,376 [ERROR] LogOutputStream:75 - [STDERR_REDIRECT] [Fatal Error] :1:1: Premature end of file.
2026-07-17 08:58:03,376 [ERROR] LogOutputStream:75 - [STDERR_REDIRECT] 
2026-07-17 08:58:04,410 [ERROR] LogOutputStream:75 - [STDERR_REDIRECT] [Fatal Error] :1:1: Premature end of file.
2026-07-17 08:58:04,410 [ERROR] LogOutputStream:75 - [STDERR_REDIRECT] 
2026-07-17 08:58:05,384 [ERROR] LogOutputStream:75 - [STDERR_REDIRECT] [Fatal Error] :1:1: Premature end of file.
2026-07-17 08:58:05,384 [ERROR] LogOutputStream:75 - [STDERR_REDIRECT] 
2026-07-17 08:58:06,393 [ERROR] LogOutputStream:75 - [STDERR_REDIRECT] [Fatal Error] :1:1: Premature end of file.
2026-07-17 08:58:06,393 [ERROR] LogOutputStream:75 - [STDERR_REDIRECT] 
2026-07-17 08:58:07,444 [ERROR] LogOutputStream:75 - [STDERR_REDIRECT] [Fatal Error] :1:1: Premature end of file.
2026-07-17 08:58:07,444 [ERROR] LogOutputStream:75 - [STDERR_REDIRECT] 
2026-07-17 08:58:08,416 [ERROR] LogOutputStream:75 - [STDERR_REDIRECT] [Fatal Error] :1:1: Premature end of file.
2026-07-17 08:58:08,416 [ERROR] LogOutputStream:75 - [STDERR_REDIRECT] 
2026-07-17 08:58:09,434 [ERROR] LogOutputStream:75 - [STDERR_REDIRECT] [Fatal Error] :1:1: Premature end of file.
2026-07-17 08:58:09,434 [ERROR] LogOutputStream:75 - [STDERR_REDIRECT] 
2026-07-17 08:58:10,387 [ERROR] LogOutputStream:75 - [STDERR_REDIRECT] [Fatal Error] :1:1: Premature end of file.
2026-07-17 08:58:10,387 [ERROR] LogOutputStream:75 - [STDERR_REDIRECT] 
2026-07-17 08:58:11,396 [ERROR] LogOutputStream:75 - [STDERR_REDIRECT] [Fatal Error] :1:1: Premature end of file.
2026-07-17 08:58:11,397 [ERROR] LogOutputStream:75 - [STDERR_REDIRECT] 
2026-07-17 08:58:12,451 [ERROR] LogOutputStream:75 - [STDERR_REDIRECT] [Fatal Error] :1:1: Premature end of file.
2026-07-17 08:58:12,451 [ERROR] LogOutputStream:75 - [STDERR_REDIRECT] 
2026-07-17 08:58:13,407 [ERROR] LogOutputStream:75 - [STDERR_REDIRECT] [Fatal Error] :1:1: Premature end of file.
2026-07-17 08:58:13,407 [ERROR] LogOutputStream:75 - [STDERR_REDIRECT] 
2026-07-17 08:58:14,383 [ERROR] LogOutputStream:75 - [STDERR_REDIRECT] [Fatal Error] :1:1: Premature end of file.
2026-07-17 08:58:14,383 [ERROR] LogOutputStream:75 - [STDERR_REDIRECT] 
2026-07-17 08:58:15,389 [ERROR] LogOutputStream:75 - [STDERR_REDIRECT] [Fatal Error] :1:1: Premature end of file.
2026-07-17 08:58:15,390 [ERROR] LogOutputStream:75 - [STDERR_REDIRECT] 
2026-07-17 08:58:16,380 [ERROR] LogOutputStream:75 - [STDERR_REDIRECT] [Fatal Error] :1:1: Premature end of file.
2026-07-17 08:58:16,381 [ERROR] LogOutputStream:75 - [STDERR_REDIRECT] 
2026-07-17 08:58:17,444 [ERROR] LogOutputStream:75 - [STDERR_REDIRECT] [Fatal Error] :1:1: Premature end of file.
2026-07-17 08:58:17,444 [ERROR] LogOutputStream:75 - [STDERR_REDIRECT] 
2026-07-17 08:58:18,369 [ERROR] LogOutputStream:75 - [STDERR_REDIRECT] [Fatal Error] :1:1: Premature end of file.
2026-07-17 08:58:18,369 [ERROR] LogOutputStream:75 - [STDERR_REDIRECT] 
2026-07-17 08:58:19,453 [ERROR] LogOutputStream:75 - [STDERR_REDIRECT] [Fatal Error] :1:1: Premature end of file.
2026-07-17 08:58:19,453 [ERROR] LogOutputStream:75 - [STDERR_REDIRECT] 
2026-07-17 08:58:20,414 [ERROR] LogOutputStream:75 - [STDERR_REDIRECT] [Fatal Error] :1:1: Premature end of file.
2026-07-17 08:58:20,414 [ERROR] LogOutputStream:75 - [STDERR_REDIRECT] 
2026-07-17 08:58:21,392 [ERROR] LogOutputStream:75 - [STDERR_REDIRECT] [Fatal Error] :1:1: Premature end of file.
2026-07-17 08:58:21,392 [ERROR] LogOutputStream:75 - [STDERR_REDIRECT] 
2026-07-17 08:58:22,409 [ERROR] LogOutputStream:75 - [STDERR_REDIRECT] [Fatal Error] :1:1: Premature end of file.
2026-07-17 08:58:22,409 [ERROR] LogOutputStream:75 - [STDERR_REDIRECT] 
2026-07-17 08:58:23,406 [ERROR] LogOutputStream:75 - [STDERR_REDIRECT] [Fatal Error] :1:1: Premature end of file.
2026-07-17 08:58:23,406 [ERROR] LogOutputStream:75 - [STDERR_REDIRECT] 
2026-07-17 08:58:24,393 [ERROR] LogOutputStream:75 - [STDERR_REDIRECT] [Fatal Error] :1:1: Premature end of file.
2026-07-17 08:58:24,393 [ERROR] LogOutputStream:75 - [STDERR_REDIRECT] 
2026-07-17 08:58:25,377 [ERROR] LogOutputStream:75 - [STDERR_REDIRECT] [Fatal Error] :1:1: Premature end of file.
2026-07-17 08:58:25,377 [ERROR] LogOutputStream:75 - [STDERR_REDIRECT] 
2026-07-17 08:58:26,401 [ERROR] LogOutputStream:75 - [STDERR_REDIRECT] [Fatal Error] :1:1: Premature end of file.
2026-07-17 08:58:26,402 [ERROR] LogOutputStream:75 - [STDERR_REDIRECT] 
2026-07-17 08:58:27,407 [ERROR] LogOutputStream:75 - [STDERR_REDIRECT] [Fatal Error] :1:1: Premature end of file.
2026-07-17 08:58:27,407 [ERROR] LogOutputStream:75 - [STDERR_REDIRECT] 
2026-07-17 08:58:28,394 [ERROR] LogOutputStream:75 - [STDERR_REDIRECT] [Fatal Error] :1:1: Premature end of file.
2026-07-17 08:58:28,394 [ERROR] LogOutputStream:75 - [STDERR_REDIRECT] 
2026-07-17 08:58:29,407 [ERROR] LogOutputStream:75 - [STDERR_REDIRECT] [Fatal Error] :1:1: Premature end of file.
2026-07-17 08:58:29,407 [ERROR] LogOutputStream:75 - [STDERR_REDIRECT] 
2026-07-17 08:58:30,401 [ERROR] LogOutputStream:75 - [STDERR_REDIRECT] [Fatal Error] :1:1: Premature end of file.
2026-07-17 08:58:30,402 [ERROR] LogOutputStream:75 - [STDERR_REDIRECT] 
2026-07-17 08:58:31,440 [ERROR] LogOutputStream:75 - [STDERR_REDIRECT] [Fatal Error] :1:1: Premature end of file.
2026-07-17 08:58:31,440 [ERROR] LogOutputStream:75 - [STDERR_REDIRECT] 
2026-07-17 08:58:32,386 [ERROR] LogOutputStream:75 - [STDERR_REDIRECT] [Fatal Error] :1:1: Premature end of file.
2026-07-17 08:58:32,386 [ERROR] LogOutputStream:75 - [STDERR_REDIRECT] 
2026-07-17 08:58:33,390 [ERROR] LogOutputStream:75 - [STDERR_REDIRECT] [Fatal Error] :1:1: Premature end of file.
2026-07-17 08:58:33,390 [ERROR] LogOutputStream:75 - [STDERR_REDIRECT] 
2026-07-17 08:58:34,394 [ERROR] LogOutputStream:75 - [STDERR_REDIRECT] [Fatal Error] :1:1: Premature end of file.
2026-07-17 08:58:34,394 [ERROR] LogOutputStream:75 - [STDERR_REDIRECT] 
2026-07-17 08:58:35,383 [ERROR] LogOutputStream:75 - [STDERR_REDIRECT] [Fatal Error] :1:1: Premature end of file.
2026-07-17 08:58:35,383 [ERROR] LogOutputStream:75 - [STDERR_REDIRECT] 
2026-07-17 08:58:36,419 [ERROR] LogOutputStream:75 - [STDERR_REDIRECT] [Fatal Error] :1:1: Premature end of file.
2026-07-17 08:58:36,419 [ERROR] LogOutputStream:75 - [STDERR_REDIRECT] 
2026-07-17 08:58:37,379 [ERROR] LogOutputStream:75 - [STDERR_REDIRECT] [Fatal Error] :1:1: Premature end of file.
2026-07-17 08:58:37,379 [ERROR] LogOutputStream:75 - [STDERR_REDIRECT] 
2026-07-17 08:58:38,392 [ERROR] LogOutputStream:75 - [STDERR_REDIRECT] [Fatal Error] :1:1: Premature end of file.
2026-07-17 08:58:38,392 [ERROR] LogOutputStream:75 - [STDERR_REDIRECT] 
2026-07-17 08:58:39,395 [ERROR] LogOutputStream:75 - [STDERR_REDIRECT] [Fatal Error] :1:1: Premature end of file.
2026-07-17 08:58:39,395 [ERROR] LogOutputStream:75 - [STDERR_REDIRECT] 
2026-07-17 08:58:40,444 [ERROR] LogOutputStream:75 - [STDERR_REDIRECT] [Fatal Error] :1:1: Premature end of file.
2026-07-17 08:58:40,444 [ERROR] LogOutputStream:75 - [STDERR_REDIRECT] 
2026-07-17 08:58:41,385 [ERROR] LogOutputStream:75 - [STDERR_REDIRECT] [Fatal Error] :1:1: Premature end of file.
2026-07-17 08:58:41,385 [ERROR] LogOutputStream:75 - [STDERR_REDIRECT] 
2026-07-17 08:58:42,385 [ERROR] LogOutputStream:75 - [STDERR_REDIRECT] [Fatal Error] :1:1: Premature end of file.
2026-07-17 08:58:42,385 [ERROR] LogOutputStream:75 - [STDERR_REDIRECT] 
2026-07-17 08:58:43,389 [ERROR] LogOutputStream:75 - [STDERR_REDIRECT] [Fatal Error] :1:1: Premature end of file.
2026-07-17 08:58:43,389 [ERROR] LogOutputStream:75 - [STDERR_REDIRECT] 
2026-07-17 08:58:44,388 [ERROR] LogOutputStream:75 - [STDERR_REDIRECT] [Fatal Error] :1:1: Premature end of file.
2026-07-17 08:58:44,388 [ERROR] LogOutputStream:75 - [STDERR_REDIRECT] 
2026-07-17 08:58:45,397 [ERROR] LogOutputStream:75 - [STDERR_REDIRECT] [Fatal Error] :1:1: Premature end of file.
2026-07-17 08:58:45,397 [ERROR] LogOutputStream:75 - [STDERR_REDIRECT] 
2026-07-17 08:58:46,393 [ERROR] LogOutputStream:75 - [STDERR_REDIRECT] [Fatal Error] :1:1: Premature end of file.
2026-07-17 08:58:46,393 [ERROR] LogOutputStream:75 - [STDERR_REDIRECT] 
2026-07-17 08:58:47,393 [ERROR] LogOutputStream:75 - [STDERR_REDIRECT] [Fatal Error] :1:1: Premature end of file.
2026-07-17 08:58:47,393 [ERROR] LogOutputStream:75 - [STDERR_REDIRECT] 
2026-07-17 08:58:48,403 [ERROR] LogOutputStream:75 - [STDERR_REDIRECT] [Fatal Error] :1:1: Premature end of file.
2026-07-17 08:58:48,403 [ERROR] LogOutputStream:75 - [STDERR_REDIRECT] 
2026-07-17 08:58:49,389 [ERROR] LogOutputStream:75 - [STDERR_REDIRECT] [Fatal Error] :1:1: Premature end of file.
2026-07-17 08:58:49,389 [ERROR] LogOutputStream:75 - [STDERR_REDIRECT] 
2026-07-17 08:58:50,391 [ERROR] LogOutputStream:75 - [STDERR_REDIRECT] [Fatal Error] :1:1: Premature end of file.
2026-07-17 08:58:50,391 [ERROR] LogOutputStream:75 - [STDERR_REDIRECT] 
2026-07-17 08:58:51,389 [ERROR] LogOutputStream:75 - [STDERR_REDIRECT] [Fatal Error] :1:1: Premature end of file.
2026-07-17 08:58:51,389 [ERROR] LogOutputStream:75 - [STDERR_REDIRECT] 
2026-07-17 08:58:52,393 [ERROR] LogOutputStream:75 - [STDERR_REDIRECT] [Fatal Error] :1:1: Premature end of file.
2026-07-17 08:58:52,393 [ERROR] LogOutputStream:75 - [STDERR_REDIRECT] 
2026-07-17 08:58:53,387 [ERROR] LogOutputStream:75 - [STDERR_REDIRECT] [Fatal Error] :1:1: Premature end of file.
2026-07-17 08:58:53,389 [ERROR] LogOutputStream:75 - [STDERR_REDIRECT] 
2026-07-17 08:58:54,383 [ERROR] LogOutputStream:75 - [STDERR_REDIRECT] [Fatal Error] :1:1: Premature end of file.
2026-07-17 08:58:54,383 [ERROR] LogOutputStream:75 - [STDERR_REDIRECT] 
2026-07-17 08:58:55,392 [ERROR] LogOutputStream:75 - [STDERR_REDIRECT] [Fatal Error] :1:1: Premature end of file.
2026-07-17 08:58:55,392 [ERROR] LogOutputStream:75 - [STDERR_REDIRECT] 
2026-07-17 08:58:56,381 [ERROR] LogOutputStream:75 - [STDERR_REDIRECT] [Fatal Error] :1:1: Premature end of file.
2026-07-17 08:58:56,382 [ERROR] LogOutputStream:75 - [STDERR_REDIRECT] 
2026-07-17 08:58:57,427 [ERROR] LogOutputStream:75 - [STDERR_REDIRECT] [Fatal Error] :1:1: Premature end of file.
2026-07-17 08:58:57,427 [ERROR] LogOutputStream:75 - [STDERR_REDIRECT] 
2026-07-17 08:58:58,382 [ERROR] LogOutputStream:75 - [STDERR_REDIRECT] [Fatal Error] :1:1: Premature end of file.
2026-07-17 08:58:58,383 [ERROR] LogOutputStream:75 - [STDERR_REDIRECT] 
2026-07-17 08:58:59,436 [ERROR] LogOutputStream:75 - [STDERR_REDIRECT] [Fatal Error] :1:1: Premature end of file.
2026-07-17 08:58:59,436 [ERROR] LogOutputStream:75 - [STDERR_REDIRECT] 
2026-07-17 08:59:00,387 [ERROR] LogOutputStream:75 - [STDERR_REDIRECT] [Fatal Error] :1:1: Premature end of file.
2026-07-17 08:59:00,387 [ERROR] LogOutputStream:75 - [STDERR_REDIRECT] 
2026-07-17 08:59:01,389 [ERROR] LogOutputStream:75 - [STDERR_REDIRECT] [Fatal Error] :1:1: Premature end of file.
2026-07-17 08:59:01,389 [ERROR] LogOutputStream:75 - [STDERR_REDIRECT] 
2026-07-17 08:59:02,389 [ERROR] LogOutputStream:75 - [STDERR_REDIRECT] [Fatal Error] :1:1: Premature end of file.
2026-07-17 08:59:02,389 [ERROR] LogOutputStream:75 - [STDERR_REDIRECT] 
2026-07-17 08:59:03,364 [ERROR] LogOutputStream:75 - [STDERR_REDIRECT] [Fatal Error] :1:1: Premature end of file.
2026-07-17 08:59:03,364 [ERROR] LogOutputStream:75 - [STDERR_REDIRECT] 
2026-07-17 08:59:04,371 [ERROR] LogOutputStream:75 - [STDERR_REDIRECT] [Fatal Error] :1:1: Premature end of file.
2026-07-17 08:59:04,371 [ERROR] LogOutputStream:75 - [STDERR_REDIRECT] 
2026-07-17 08:59:05,374 [ERROR] LogOutputStream:75 - [STDERR_REDIRECT] [Fatal Error] :1:1: Premature end of file.
2026-07-17 08:59:05,374 [ERROR] LogOutputStream:75 - [STDERR_REDIRECT] 
2026-07-17 08:59:06,377 [ERROR] LogOutputStream:75 - [STDERR_REDIRECT] [Fatal Error] :1:1: Premature end of file.
2026-07-17 08:59:06,377 [ERROR] LogOutputStream:75 - [STDERR_REDIRECT] 
2026-07-17 08:59:07,376 [ERROR] LogOutputStream:75 - [STDERR_REDIRECT] [Fatal Error] :1:1: Premature end of file.
2026-07-17 08:59:07,376 [ERROR] LogOutputStream:75 - [STDERR_REDIRECT] 
2026-07-17 08:59:08,376 [ERROR] LogOutputStream:75 - [STDERR_REDIRECT] [Fatal Error] :1:1: Premature end of file.
2026-07-17 08:59:08,376 [ERROR] LogOutputStream:75 - [STDERR_REDIRECT] 
2026-07-17 08:59:09,364 [ERROR] LogOutputStream:75 - [STDERR_REDIRECT] [Fatal Error] :1:1: Premature end of file.
2026-07-17 08:59:09,364 [ERROR] LogOutputStream:75 - [STDERR_REDIRECT] 
2026-07-17 08:59:10,365 [ERROR] LogOutputStream:75 - [STDERR_REDIRECT] [Fatal Error] :1:1: Premature end of file.
2026-07-17 08:59:10,365 [ERROR] LogOutputStream:75 - [STDERR_REDIRECT] 
2026-07-17 08:59:11,368 [ERROR] LogOutputStream:75 - [STDERR_REDIRECT] [Fatal Error] :1:1: Premature end of file.
2026-07-17 08:59:11,368 [ERROR] LogOutputStream:75 - [STDERR_REDIRECT] 
2026-07-17 08:59:12,369 [ERROR] LogOutputStream:75 - [STDERR_REDIRECT] [Fatal Error] :1:1: Premature end of file.
2026-07-17 08:59:12,369 [ERROR] LogOutputStream:75 - [STDERR_REDIRECT] 
2026-07-17 08:59:13,375 [ERROR] LogOutputStream:75 - [STDERR_REDIRECT] [Fatal Error] :1:1: Premature end of file.
2026-07-17 08:59:13,375 [ERROR] LogOutputStream:75 - [STDERR_REDIRECT] 
2026-07-17 08:59:14,363 [ERROR] LogOutputStream:75 - [STDERR_REDIRECT] [Fatal Error] :1:1: Premature end of file.
2026-07-17 08:59:14,363 [ERROR] LogOutputStream:75 - [STDERR_REDIRECT] 
2026-07-17 08:59:15,372 [ERROR] LogOutputStream:75 - [STDERR_REDIRECT] [Fatal Error] :1:1: Premature end of file.
2026-07-17 08:59:15,374 [ERROR] LogOutputStream:75 - [STDERR_REDIRECT] 
2026-07-17 08:59:16,377 [ERROR] LogOutputStream:75 - [STDERR_REDIRECT] [Fatal Error] :1:1: Premature end of file.
2026-07-17 08:59:16,378 [ERROR] LogOutputStream:75 - [STDERR_REDIRECT] 
2026-07-17 08:59:17,379 [ERROR] LogOutputStream:75 - [STDERR_REDIRECT] [Fatal Error] :1:1: Premature end of file.
2026-07-17 08:59:17,379 [ERROR] LogOutputStream:75 - [STDERR_REDIRECT] 
2026-07-17 08:59:18,377 [ERROR] LogOutputStream:75 - [STDERR_REDIRECT] [Fatal Error] :1:1: Premature end of file.
2026-07-17 08:59:18,377 [ERROR] LogOutputStream:75 - [STDERR_REDIRECT] 
2026-07-17 08:59:19,382 [ERROR] LogOutputStream:75 - [STDERR_REDIRECT] [Fatal Error] :1:1: Premature end of file.
2026-07-17 08:59:19,382 [ERROR] LogOutputStream:75 - [STDERR_REDIRECT] 
2026-07-17 08:59:20,379 [ERROR] LogOutputStream:75 - [STDERR_REDIRECT] [Fatal Error] :1:1: Premature end of file.
2026-07-17 08:59:20,379 [ERROR] LogOutputStream:75 - [STDERR_REDIRECT] 
2026-07-17 08:59:21,365 [ERROR] LogOutputStream:75 - [STDERR_REDIRECT] [Fatal Error] :1:1: Premature end of file.
2026-07-17 08:59:21,365 [ERROR] LogOutputStream:75 - [STDERR_REDIRECT] 
2026-07-17 08:59:22,369 [ERROR] LogOutputStream:75 - [STDERR_REDIRECT] [Fatal Error] :1:1: Premature end of file.
2026-07-17 08:59:22,369 [ERROR] LogOutputStream:75 - [STDERR_REDIRECT] 
2026-07-17 08:59:23,384 [ERROR] LogOutputStream:75 - [STDERR_REDIRECT] [Fatal Error] :1:1: Premature end of file.
2026-07-17 08:59:23,384 [ERROR] LogOutputStream:75 - [STDERR_REDIRECT] 
2026-07-17 08:59:24,370 [ERROR] LogOutputStream:75 - [STDERR_REDIRECT] [Fatal Error] :1:1: Premature end of file.
2026-07-17 08:59:24,370 [ERROR] LogOutputStream:75 - [STDERR_REDIRECT] 
2026-07-17 08:59:25,366 [ERROR] LogOutputStream:75 - [STDERR_REDIRECT] [Fatal Error] :1:1: Premature end of file.
2026-07-17 08:59:25,366 [ERROR] LogOutputStream:75 - [STDERR_REDIRECT] 
2026-07-17 08:59:26,372 [ERROR] LogOutputStream:75 - [STDERR_REDIRECT] [Fatal Error] :1:1: Premature end of file.
2026-07-17 08:59:26,372 [ERROR] LogOutputStream:75 - [STDERR_REDIRECT] 
2026-07-17 08:59:27,370 [ERROR] LogOutputStream:75 - [STDERR_REDIRECT] [Fatal Error] :1:1: Premature end of file.
2026-07-17 08:59:27,370 [ERROR] LogOutputStream:75 - [STDERR_REDIRECT] 
2026-07-17 08:59:28,372 [ERROR] LogOutputStream:75 - [STDERR_REDIRECT] [Fatal Error] :1:1: Premature end of file.
2026-07-17 08:59:28,372 [ERROR] LogOutputStream:75 - [STDERR_REDIRECT] 
2026-07-17 08:59:29,378 [ERROR] LogOutputStream:75 - [STDERR_REDIRECT] [Fatal Error] :1:1: Premature end of file.
2026-07-17 08:59:29,378 [ERROR] LogOutputStream:75 - [STDERR_REDIRECT] 
2026-07-17 08:59:30,369 [ERROR] LogOutputStream:75 - [STDERR_REDIRECT] [Fatal Error] :1:1: Premature end of file.
2026-07-17 08:59:30,369 [ERROR] LogOutputStream:75 - [STDERR_REDIRECT] 
2026-07-17 08:59:31,369 [ERROR] LogOutputStream:75 - [STDERR_REDIRECT] [Fatal Error] :1:1: Premature end of file.
2026-07-17 08:59:31,369 [ERROR] LogOutputStream:75 - [STDERR_REDIRECT] 
2026-07-17 08:59:32,362 [ERROR] LogOutputStream:75 - [STDERR_REDIRECT] [Fatal Error] :1:1: Premature end of file.
2026-07-17 08:59:32,362 [ERROR] LogOutputStream:75 - [STDERR_REDIRECT] 
2026-07-17 08:59:33,405 [ERROR] LogOutputStream:75 - [STDERR_REDIRECT] [Fatal Error] :1:1: Premature end of file.
2026-07-17 08:59:33,405 [ERROR] LogOutputStream:75 - [STDERR_REDIRECT] 
2026-07-17 08:59:34,370 [ERROR] LogOutputStream:75 - [STDERR_REDIRECT] [Fatal Error] :1:1: Premature end of file.
2026-07-17 08:59:34,370 [ERROR] LogOutputStream:75 - [STDERR_REDIRECT] 
2026-07-17 08:59:35,388 [ERROR] LogOutputStream:75 - [STDERR_REDIRECT] [Fatal Error] :1:1: Premature end of file.
2026-07-17 08:59:35,389 [ERROR] LogOutputStream:75 - [STDERR_REDIRECT] 
2026-07-17 08:59:36,373 [ERROR] LogOutputStream:75 - [STDERR_REDIRECT] [Fatal Error] :1:1: Premature end of file.
2026-07-17 08:59:36,373 [ERROR] LogOutputStream:75 - [STDERR_REDIRECT] 
2026-07-17 08:59:37,377 [ERROR] LogOutputStream:75 - [STDERR_REDIRECT] [Fatal Error] :1:1: Premature end of file.
2026-07-17 08:59:37,377 [ERROR] LogOutputStream:75 - [STDERR_REDIRECT] 
2026-07-17 08:59:38,379 [ERROR] LogOutputStream:75 - [STDERR_REDIRECT] [Fatal Error] :1:1: Premature end of file.
2026-07-17 08:59:38,379 [ERROR] LogOutputStream:75 - [STDERR_REDIRECT] 
2026-07-17 08:59:39,381 [ERROR] LogOutputStream:75 - [STDERR_REDIRECT] [Fatal Error] :1:1: Premature end of file.
2026-07-17 08:59:39,381 [ERROR] LogOutputStream:75 - [STDERR_REDIRECT] 
2026-07-17 08:59:40,377 [ERROR] LogOutputStream:75 - [STDERR_REDIRECT] [Fatal Error] :1:1: Premature end of file.
2026-07-17 08:59:40,377 [ERROR] LogOutputStream:75 - [STDERR_REDIRECT] 
2026-07-17 08:59:41,376 [ERROR] LogOutputStream:75 - [STDERR_REDIRECT] [Fatal Error] :1:1: Premature end of file.
2026-07-17 08:59:41,376 [ERROR] LogOutputStream:75 - [STDERR_REDIRECT] 
2026-07-17 08:59:42,399 [ERROR] LogOutputStream:75 - [STDERR_REDIRECT] [Fatal Error] :1:1: Premature end of file.
2026-07-17 08:59:42,400 [ERROR] LogOutputStream:75 - [STDERR_REDIRECT] 
2026-07-17 08:59:43,376 [ERROR] LogOutputStream:75 - [STDERR_REDIRECT] [Fatal Error] :1:1: Premature end of file.
2026-07-17 08:59:43,376 [ERROR] LogOutputStream:75 - [STDERR_REDIRECT] 
2026-07-17 08:59:44,375 [ERROR] LogOutputStream:75 - [STDERR_REDIRECT] [Fatal Error] :1:1: Premature end of file.
2026-07-17 08:59:44,376 [ERROR] LogOutputStream:75 - [STDERR_REDIRECT] 
2026-07-17 08:59:45,368 [ERROR] LogOutputStream:75 - [STDERR_REDIRECT] [Fatal Error] :1:1: Premature end of file.
2026-07-17 08:59:45,368 [ERROR] LogOutputStream:75 - [STDERR_REDIRECT] 
2026-07-17 08:59:46,381 [ERROR] LogOutputStream:75 - [STDERR_REDIRECT] [Fatal Error] :1:1: Premature end of file.
2026-07-17 08:59:46,381 [ERROR] LogOutputStream:75 - [STDERR_REDIRECT] 
2026-07-17 08:59:47,368 [ERROR] LogOutputStream:75 - [STDERR_REDIRECT] [Fatal Error] :1:1: Premature end of file.
2026-07-17 08:59:47,368 [ERROR] LogOutputStream:75 - [STDERR_REDIRECT] 
2026-07-17 08:59:48,368 [ERROR] LogOutputStream:75 - [STDERR_REDIRECT] [Fatal Error] :1:1: Premature end of file.
2026-07-17 08:59:48,368 [ERROR] LogOutputStream:75 - [STDERR_REDIRECT] 
2026-07-17 08:59:49,360 [ERROR] LogOutputStream:75 - [STDERR_REDIRECT] [Fatal Error] :1:1: Premature end of file.
2026-07-17 08:59:49,360 [ERROR] LogOutputStream:75 - [STDERR_REDIRECT] 
2026-07-17 08:59:50,366 [ERROR] LogOutputStream:75 - [STDERR_REDIRECT] [Fatal Error] :1:1: Premature end of file.
2026-07-17 08:59:50,366 [ERROR] LogOutputStream:75 - [STDERR_REDIRECT] 
2026-07-17 08:59:51,363 [ERROR] LogOutputStream:75 - [STDERR_REDIRECT] [Fatal Error] :1:1: Premature end of file.
2026-07-17 08:59:51,363 [ERROR] LogOutputStream:75 - [STDERR_REDIRECT] 
2026-07-17 08:59:52,371 [ERROR] LogOutputStream:75 - [STDERR_REDIRECT] [Fatal Error] :1:1: Premature end of file.
2026-07-17 08:59:52,371 [ERROR] LogOutputStream:75 - [STDERR_REDIRECT] 
2026-07-17 08:59:53,371 [ERROR] LogOutputStream:75 - [STDERR_REDIRECT] [Fatal Error] :1:1: Premature end of file.
2026-07-17 08:59:53,371 [ERROR] LogOutputStream:75 - [STDERR_REDIRECT] 
2026-07-17 08:59:54,372 [ERROR] LogOutputStream:75 - [STDERR_REDIRECT] [Fatal Error] :1:1: Premature end of file.
2026-07-17 08:59:54,372 [ERROR] LogOutputStream:75 - [STDERR_REDIRECT] 
2026-07-17 08:59:55,371 [ERROR] LogOutputStream:75 - [STDERR_REDIRECT] [Fatal Error] :1:1: Premature end of file.
2026-07-17 08:59:55,372 [ERROR] LogOutputStream:75 - [STDERR_REDIRECT] 
2026-07-17 08:59:56,367 [ERROR] LogOutputStream:75 - [STDERR_REDIRECT] [Fatal Error] :1:1: Premature end of file.
2026-07-17 08:59:56,367 [ERROR] LogOutputStream:75 - [STDERR_REDIRECT] 
2026-07-17 08:59:57,373 [ERROR] LogOutputStream:75 - [STDERR_REDIRECT] [Fatal Error] :1:1: Premature end of file.
2026-07-17 08:59:57,373 [ERROR] LogOutputStream:75 - [STDERR_REDIRECT] 
2026-07-17 08:59:58,375 [ERROR] LogOutputStream:75 - [STDERR_REDIRECT] [Fatal Error] :1:1: Premature end of file.
2026-07-17 08:59:58,376 [ERROR] LogOutputStream:75 - [STDERR_REDIRECT] 
2026-07-17 08:59:59,379 [ERROR] LogOutputStream:75 - [STDERR_REDIRECT] [Fatal Error] :1:1: Premature end of file.
2026-07-17 08:59:59,379 [ERROR] LogOutputStream:75 - [STDERR_REDIRECT] 
2026-07-17 09:00:00,379 [ERROR] LogOutputStream:75 - [STDERR_REDIRECT] [Fatal Error] :1:1: Premature end of file.
2026-07-17 09:00:00,379 [ERROR] LogOutputStream:75 - [STDERR_REDIRECT] 
2026-07-17 09:00:01,365 [ERROR] LogOutputStream:75 - [STDERR_REDIRECT] [Fatal Error] :1:1: Premature end of file.
2026-07-17 09:00:01,366 [ERROR] LogOutputStream:75 - [STDERR_REDIRECT] 
2026-07-17 09:00:02,374 [ERROR] LogOutputStream:75 - [STDERR_REDIRECT] [Fatal Error] :1:1: Premature end of file.
2026-07-17 09:00:02,374 [ERROR] LogOutputStream:75 - [STDERR_REDIRECT] 
2026-07-17 09:00:03,381 [ERROR] LogOutputStream:75 - [STDERR_REDIRECT] [Fatal Error] :1:1: Premature end of file.
2026-07-17 09:00:03,382 [ERROR] LogOutputStream:75 - [STDERR_REDIRECT] 
2026-07-17 09:00:04,366 [ERROR] LogOutputStream:75 - [STDERR_REDIRECT] [Fatal Error] :1:1: Premature end of file.
2026-07-17 09:00:04,367 [ERROR] LogOutputStream:75 - [STDERR_REDIRECT] 
2026-07-17 09:00:05,393 [ERROR] LogOutputStream:75 - [STDERR_REDIRECT] [Fatal Error] :1:1: Premature end of file.
2026-07-17 09:00:05,394 [ERROR] LogOutputStream:75 - [STDERR_REDIRECT] 
2026-07-17 09:00:06,436 [ERROR] LogOutputStream:75 - [STDERR_REDIRECT] [Fatal Error] :1:1: Premature end of file.
2026-07-17 09:00:06,438 [ERROR] LogOutputStream:75 - [STDERR_REDIRECT] 
2026-07-17 09:00:07,380 [ERROR] LogOutputStream:75 - [STDERR_REDIRECT] [Fatal Error] :1:1: Premature end of file.
2026-07-17 09:00:07,380 [ERROR] LogOutputStream:75 - [STDERR_REDIRECT] 
2026-07-17 09:00:08,378 [ERROR] LogOutputStream:75 - [STDERR_REDIRECT] [Fatal Error] :1:1: Premature end of file.
2026-07-17 09:00:08,378 [ERROR] LogOutputStream:75 - [STDERR_REDIRECT] 
2026-07-17 09:00:09,388 [ERROR] LogOutputStream:75 - [STDERR_REDIRECT] [Fatal Error] :1:1: Premature end of file.
2026-07-17 09:00:09,388 [ERROR] LogOutputStream:75 - [STDERR_REDIRECT] 
2026-07-17 09:00:10,392 [ERROR] LogOutputStream:75 - [STDERR_REDIRECT] [Fatal Error] :1:1: Premature end of file.
2026-07-17 09:00:10,393 [ERROR] LogOutputStream:75 - [STDERR_REDIRECT] 
2026-07-17 09:00:11,387 [ERROR] LogOutputStream:75 - [STDERR_REDIRECT] [Fatal Error] :1:1: Premature end of file.
2026-07-17 09:00:11,387 [ERROR] LogOutputStream:75 - [STDERR_REDIRECT] 
2026-07-17 09:00:12,423 [ERROR] LogOutputStream:75 - [STDERR_REDIRECT] [Fatal Error] :1:1: Premature end of file.
2026-07-17 09:00:12,423 [ERROR] LogOutputStream:75 - [STDERR_REDIRECT] 
2026-07-17 09:00:13,396 [ERROR] LogOutputStream:75 - [STDERR_REDIRECT] [Fatal Error] :1:1: Premature end of file.
2026-07-17 09:00:13,396 [ERROR] LogOutputStream:75 - [STDERR_REDIRECT] 
2026-07-17 09:00:14,429 [ERROR] LogOutputStream:75 - [STDERR_REDIRECT] [Fatal Error] :1:1: Premature end of file.
2026-07-17 09:00:14,429 [ERROR] LogOutputStream:75 - [STDERR_REDIRECT] 
2026-07-17 09:00:15,388 [ERROR] LogOutputStream:75 - [STDERR_REDIRECT] [Fatal Error] :1:1: Premature end of file.
2026-07-17 09:00:15,388 [ERROR] LogOutputStream:75 - [STDERR_REDIRECT] 
2026-07-17 09:00:16,389 [ERROR] LogOutputStream:75 - [STDERR_REDIRECT] [Fatal Error] :1:1: Premature end of file.
2026-07-17 09:00:16,389 [ERROR] LogOutputStream:75 - [STDERR_REDIRECT] 
2026-07-17 09:00:17,397 [ERROR] LogOutputStream:75 - [STDERR_REDIRECT] [Fatal Error] :1:1: Premature end of file.
2026-07-17 09:00:17,397 [ERROR] LogOutputStream:75 - [STDERR_REDIRECT] 
2026-07-17 09:00:18,399 [ERROR] LogOutputStream:75 - [STDERR_REDIRECT] [Fatal Error] :1:1: Premature end of file.
2026-07-17 09:00:18,399 [ERROR] LogOutputStream:75 - [STDERR_REDIRECT] 
2026-07-17 09:00:19,384 [ERROR] LogOutputStream:75 - [STDERR_REDIRECT] [Fatal Error] :1:1: Premature end of file.
2026-07-17 09:00:19,384 [ERROR] LogOutputStream:75 - [STDERR_REDIRECT] 
2026-07-17 09:00:20,402 [ERROR] LogOutputStream:75 - [STDERR_REDIRECT] [Fatal Error] :1:1: Premature end of file.
2026-07-17 09:00:20,403 [ERROR] LogOutputStream:75 - [STDERR_REDIRECT] 
2026-07-17 09:00:21,410 [ERROR] LogOutputStream:75 - [STDERR_REDIRECT] [Fatal Error] :1:1: Premature end of file.
2026-07-17 09:00:21,410 [ERROR] LogOutputStream:75 - [STDERR_REDIRECT] 
2026-07-17 09:00:22,397 [ERROR] LogOutputStream:75 - [STDERR_REDIRECT] [Fatal Error] :1:1: Premature end of file.
2026-07-17 09:00:22,397 [ERROR] LogOutputStream:75 - [STDERR_REDIRECT] 
2026-07-17 09:00:23,387 [ERROR] LogOutputStream:75 - [STDERR_REDIRECT] [Fatal Error] :1:1: Premature end of file.
2026-07-17 09:00:23,388 [ERROR] LogOutputStream:75 - [STDERR_REDIRECT] 
2026-07-17 09:00:24,391 [ERROR] LogOutputStream:75 - [STDERR_REDIRECT] [Fatal Error] :1:1: Premature end of file.
2026-07-17 09:00:24,391 [ERROR] LogOutputStream:75 - [STDERR_REDIRECT] 
2026-07-17 09:00:25,404 [ERROR] LogOutputStream:75 - [STDERR_REDIRECT] [Fatal Error] :1:1: Premature end of file.
2026-07-17 09:00:25,404 [ERROR] LogOutputStream:75 - [STDERR_REDIRECT] 
2026-07-17 09:00:26,390 [ERROR] LogOutputStream:75 - [STDERR_REDIRECT] [Fatal Error] :1:1: Premature end of file.
2026-07-17 09:00:26,391 [ERROR] LogOutputStream:75 - [STDERR_REDIRECT] 
2026-07-17 09:00:27,391 [ERROR] LogOutputStream:75 - [STDERR_REDIRECT] [Fatal Error] :1:1: Premature end of file.
2026-07-17 09:00:27,391 [ERROR] LogOutputStream:75 - [STDERR_REDIRECT] 
2026-07-17 09:00:28,392 [ERROR] LogOutputStream:75 - [STDERR_REDIRECT] [Fatal Error] :1:1: Premature end of file.
2026-07-17 09:00:28,392 [ERROR] LogOutputStream:75 - [STDERR_REDIRECT] 
2026-07-17 09:00:29,392 [ERROR] LogOutputStream:75 - [STDERR_REDIRECT] [Fatal Error] :1:1: Premature end of file.
2026-07-17 09:00:29,392 [ERROR] LogOutputStream:75 - [STDERR_REDIRECT] 
2026-07-17 09:00:30,406 [ERROR] LogOutputStream:75 - [STDERR_REDIRECT] [Fatal Error] :1:1: Premature end of file.
2026-07-17 09:00:30,406 [ERROR] LogOutputStream:75 - [STDERR_REDIRECT] 
2026-07-17 09:00:31,397 [ERROR] LogOutputStream:75 - [STDERR_REDIRECT] [Fatal Error] :1:1: Premature end of file.
2026-07-17 09:00:31,397 [ERROR] LogOutputStream:75 - [STDERR_REDIRECT] 
2026-07-17 09:00:32,396 [ERROR] LogOutputStream:75 - [STDERR_REDIRECT] [Fatal Error] :1:1: Premature end of file.
2026-07-17 09:00:32,397 [ERROR] LogOutputStream:75 - [STDERR_REDIRECT] 
2026-07-17 09:00:33,383 [ERROR] LogOutputStream:75 - [STDERR_REDIRECT] [Fatal Error] :1:1: Premature end of file.
2026-07-17 09:00:33,383 [ERROR] LogOutputStream:75 - [STDERR_REDIRECT] 
2026-07-17 09:00:34,394 [ERROR] LogOutputStream:75 - [STDERR_REDIRECT] [Fatal Error] :1:1: Premature end of file.
2026-07-17 09:00:34,394 [ERROR] LogOutputStream:75 - [STDERR_REDIRECT] 
2026-07-17 09:00:35,383 [ERROR] LogOutputStream:75 - [STDERR_REDIRECT] [Fatal Error] :1:1: Premature end of file.
2026-07-17 09:00:35,383 [ERROR] LogOutputStream:75 - [STDERR_REDIRECT] 
2026-07-17 09:00:36,403 [ERROR] LogOutputStream:75 - [STDERR_REDIRECT] [Fatal Error] :1:1: Premature end of file.
2026-07-17 09:00:36,403 [ERROR] LogOutputStream:75 - [STDERR_REDIRECT] 
2026-07-17 09:00:37,386 [ERROR] LogOutputStream:75 - [STDERR_REDIRECT] [Fatal Error] :1:1: Premature end of file.
2026-07-17 09:00:37,387 [ERROR] LogOutputStream:75 - [STDERR_REDIRECT] 
2026-07-17 09:00:38,398 [ERROR] LogOutputStream:75 - [STDERR_REDIRECT] [Fatal Error] :1:1: Premature end of file.
2026-07-17 09:00:38,398 [ERROR] LogOutputStream:75 - [STDERR_REDIRECT] 
2026-07-17 09:00:39,390 [ERROR] LogOutputStream:75 - [STDERR_REDIRECT] [Fatal Error] :1:1: Premature end of file.
2026-07-17 09:00:39,390 [ERROR] LogOutputStream:75 - [STDERR_REDIRECT] 
2026-07-17 09:00:40,441 [ERROR] LogOutputStream:75 - [STDERR_REDIRECT] [Fatal Error] :1:1: Premature end of file.
2026-07-17 09:00:40,441 [ERROR] LogOutputStream:75 - [STDERR_REDIRECT] 
2026-07-17 09:00:41,389 [ERROR] LogOutputStream:75 - [STDERR_REDIRECT] [Fatal Error] :1:1: Premature end of file.
2026-07-17 09:00:41,389 [ERROR] LogOutputStream:75 - [STDERR_REDIRECT] 
2026-07-17 09:00:42,385 [ERROR] LogOutputStream:75 - [STDERR_REDIRECT] [Fatal Error] :1:1: Premature end of file.
2026-07-17 09:00:42,385 [ERROR] LogOutputStream:75 - [STDERR_REDIRECT] 
2026-07-17 09:00:43,400 [ERROR] LogOutputStream:75 - [STDERR_REDIRECT] [Fatal Error] :1:1: Premature end of file.
2026-07-17 09:00:43,400 [ERROR] LogOutputStream:75 - [STDERR_REDIRECT] 
2026-07-17 09:00:44,389 [ERROR] LogOutputStream:75 - [STDERR_REDIRECT] [Fatal Error] :1:1: Premature end of file.
2026-07-17 09:00:44,390 [ERROR] LogOutputStream:75 - [STDERR_REDIRECT] 
2026-07-17 09:00:45,377 [ERROR] LogOutputStream:75 - [STDERR_REDIRECT] [Fatal Error] :1:1: Premature end of file.
2026-07-17 09:00:45,377 [ERROR] LogOutputStream:75 - [STDERR_REDIRECT] 
2026-07-17 09:00:46,384 [ERROR] LogOutputStream:75 - [STDERR_REDIRECT] [Fatal Error] :1:1: Premature end of file.
2026-07-17 09:00:46,384 [ERROR] LogOutputStream:75 - [STDERR_REDIRECT] 
2026-07-17 09:00:47,381 [ERROR] LogOutputStream:75 - [STDERR_REDIRECT] [Fatal Error] :1:1: Premature end of file.
2026-07-17 09:00:47,381 [ERROR] LogOutputStream:75 - [STDERR_REDIRECT] 
2026-07-17 09:00:48,381 [ERROR] LogOutputStream:75 - [STDERR_REDIRECT] [Fatal Error] :1:1: Premature end of file.
2026-07-17 09:00:48,382 [ERROR] LogOutputStream:75 - [STDERR_REDIRECT] 
2026-07-17 09:00:49,393 [ERROR] LogOutputStream:75 - [STDERR_REDIRECT] [Fatal Error] :1:1: Premature end of file.
2026-07-17 09:00:49,394 [ERROR] LogOutputStream:75 - [STDERR_REDIRECT] 
2026-07-17 09:00:50,380 [ERROR] LogOutputStream:75 - [STDERR_REDIRECT] [Fatal Error] :1:1: Premature end of file.
2026-07-17 09:00:50,380 [ERROR] LogOutputStream:75 - [STDERR_REDIRECT] 
2026-07-17 09:00:51,380 [ERROR] LogOutputStream:75 - [STDERR_REDIRECT] [Fatal Error] :1:1: Premature end of file.
2026-07-17 09:00:51,380 [ERROR] LogOutputStream:75 - [STDERR_REDIRECT] 
2026-07-17 09:00:52,381 [ERROR] LogOutputStream:75 - [STDERR_REDIRECT] [Fatal Error] :1:1: Premature end of file.
2026-07-17 09:00:52,381 [ERROR] LogOutputStream:75 - [STDERR_REDIRECT] 
2026-07-17 09:00:53,426 [ERROR] LogOutputStream:75 - [STDERR_REDIRECT] [Fatal Error] :1:1: Premature end of file.
2026-07-17 09:00:53,426 [ERROR] LogOutputStream:75 - [STDERR_REDIRECT] 
2026-07-17 09:00:54,372 [ERROR] LogOutputStream:75 - [STDERR_REDIRECT] [Fatal Error] :1:1: Premature end of file.
2026-07-17 09:00:54,372 [ERROR] LogOutputStream:75 - [STDERR_REDIRECT] 
2026-07-17 09:00:55,390 [ERROR] LogOutputStream:75 - [STDERR_REDIRECT] [Fatal Error] :1:1: Premature end of file.
2026-07-17 09:00:55,390 [ERROR] LogOutputStream:75 - [STDERR_REDIRECT] 
2026-07-17 09:00:56,396 [ERROR] LogOutputStream:75 - [STDERR_REDIRECT] [Fatal Error] :1:1: Premature end of file.
2026-07-17 09:00:56,396 [ERROR] LogOutputStream:75 - [STDERR_REDIRECT] 
2026-07-17 09:00:57,394 [ERROR] LogOutputStream:75 - [STDERR_REDIRECT] [Fatal Error] :1:1: Premature end of file.
2026-07-17 09:00:57,394 [ERROR] LogOutputStream:75 - [STDERR_REDIRECT] 
2026-07-17 09:00:58,383 [ERROR] LogOutputStream:75 - [STDERR_REDIRECT] [Fatal Error] :1:1: Premature end of file.
2026-07-17 09:00:58,383 [ERROR] LogOutputStream:75 - [STDERR_REDIRECT] 
2026-07-17 09:00:59,398 [ERROR] LogOutputStream:75 - [STDERR_REDIRECT] [Fatal Error] :1:1: Premature end of file.
2026-07-17 09:00:59,398 [ERROR] LogOutputStream:75 - [STDERR_REDIRECT] 
2026-07-17 09:01:00,379 [ERROR] LogOutputStream:75 - [STDERR_REDIRECT] [Fatal Error] :1:1: Premature end of file.
2026-07-17 09:01:00,380 [ERROR] LogOutputStream:75 - [STDERR_REDIRECT] 
2026-07-17 09:01:01,387 [ERROR] LogOutputStream:75 - [STDERR_REDIRECT] [Fatal Error] :1:1: Premature end of file.
2026-07-17 09:01:01,387 [ERROR] LogOutputStream:75 - [STDERR_REDIRECT] 
2026-07-17 09:01:02,381 [ERROR] LogOutputStream:75 - [STDERR_REDIRECT] [Fatal Error] :1:1: Premature end of file.
2026-07-17 09:01:02,381 [ERROR] LogOutputStream:75 - [STDERR_REDIRECT] 
2026-07-17 09:01:03,383 [ERROR] LogOutputStream:75 - [STDERR_REDIRECT] [Fatal Error] :1:1: Premature end of file.
2026-07-17 09:01:03,383 [ERROR] LogOutputStream:75 - [STDERR_REDIRECT] 
2026-07-17 09:01:04,375 [ERROR] LogOutputStream:75 - [STDERR_REDIRECT] [Fatal Error] :1:1: Premature end of file.
2026-07-17 09:01:04,375 [ERROR] LogOutputStream:75 - [STDERR_REDIRECT] 
2026-07-17 09:01:05,392 [ERROR] LogOutputStream:75 - [STDERR_REDIRECT] [Fatal Error] :1:1: Premature end of file.
2026-07-17 09:01:05,393 [ERROR] LogOutputStream:75 - [STDERR_REDIRECT] 
2026-07-17 09:01:06,391 [ERROR] LogOutputStream:75 - [STDERR_REDIRECT] [Fatal Error] :1:1: Premature end of file.
2026-07-17 09:01:06,391 [ERROR] LogOutputStream:75 - [STDERR_REDIRECT] 
2026-07-17 09:01:07,391 [ERROR] LogOutputStream:75 - [STDERR_REDIRECT] [Fatal Error] :1:1: Premature end of file.
2026-07-17 09:01:07,391 [ERROR] LogOutputStream:75 - [STDERR_REDIRECT] 
2026-07-17 09:01:08,391 [ERROR] LogOutputStream:75 - [STDERR_REDIRECT] [Fatal Error] :1:1: Premature end of file.
2026-07-17 09:01:08,392 [ERROR] LogOutputStream:75 - [STDERR_REDIRECT] 
2026-07-17 09:01:09,401 [ERROR] LogOutputStream:75 - [STDERR_REDIRECT] [Fatal Error] :1:1: Premature end of file.
2026-07-17 09:01:09,401 [ERROR] LogOutputStream:75 - [STDERR_REDIRECT] 
2026-07-17 09:01:10,394 [ERROR] LogOutputStream:75 - [STDERR_REDIRECT] [Fatal Error] :1:1: Premature end of file.
2026-07-17 09:01:10,394 [ERROR] LogOutputStream:75 - [STDERR_REDIRECT] 
2026-07-17 09:01:11,403 [ERROR] LogOutputStream:75 - [STDERR_REDIRECT] [Fatal Error] :1:1: Premature end of file.
2026-07-17 09:01:11,403 [ERROR] LogOutputStream:75 - [STDERR_REDIRECT] 
2026-07-17 09:01:12,380 [ERROR] LogOutputStream:75 - [STDERR_REDIRECT] [Fatal Error] :1:1: Premature end of file.
2026-07-17 09:01:12,380 [ERROR] LogOutputStream:75 - [STDERR_REDIRECT] 
2026-07-17 09:01:13,391 [ERROR] LogOutputStream:75 - [STDERR_REDIRECT] [Fatal Error] :1:1: Premature end of file.
2026-07-17 09:01:13,391 [ERROR] LogOutputStream:75 - [STDERR_REDIRECT] 
2026-07-17 09:01:14,389 [ERROR] LogOutputStream:75 - [STDERR_REDIRECT] [Fatal Error] :1:1: Premature end of file.
2026-07-17 09:01:14,389 [ERROR] LogOutputStream:75 - [STDERR_REDIRECT] 
2026-07-17 09:01:15,368 [ERROR] LogOutputStream:75 - [STDERR_REDIRECT] [Fatal Error] :1:1: Premature end of file.
2026-07-17 09:01:15,368 [ERROR] LogOutputStream:75 - [STDERR_REDIRECT] 
2026-07-17 09:01:16,404 [ERROR] LogOutputStream:75 - [STDERR_REDIRECT] [Fatal Error] :1:1: Premature end of file.
2026-07-17 09:01:16,404 [ERROR] LogOutputStream:75 - [STDERR_REDIRECT] 
2026-07-17 09:01:17,385 [ERROR] LogOutputStream:75 - [STDERR_REDIRECT] [Fatal Error] :1:1: Premature end of file.
2026-07-17 09:01:17,385 [ERROR] LogOutputStream:75 - [STDERR_REDIRECT] 
2026-07-17 09:01:18,396 [ERROR] LogOutputStream:75 - [STDERR_REDIRECT] [Fatal Error] :1:1: Premature end of file.
2026-07-17 09:01:18,396 [ERROR] LogOutputStream:75 - [STDERR_REDIRECT] 
2026-07-17 09:01:19,385 [ERROR] LogOutputStream:75 - [STDERR_REDIRECT] [Fatal Error] :1:1: Premature end of file.
2026-07-17 09:01:19,385 [ERROR] LogOutputStream:75 - [STDERR_REDIRECT] 
2026-07-17 09:01:20,392 [ERROR] LogOutputStream:75 - [STDERR_REDIRECT] [Fatal Error] :1:1: Premature end of file.
2026-07-17 09:01:20,392 [ERROR] LogOutputStream:75 - [STDERR_REDIRECT] 
2026-07-17 09:01:21,410 [ERROR] LogOutputStream:75 - [STDERR_REDIRECT] [Fatal Error] :1:1: Premature end of file.
2026-07-17 09:01:21,410 [ERROR] LogOutputStream:75 - [STDERR_REDIRECT] 
2026-07-17 09:01:22,398 [ERROR] LogOutputStream:75 - [STDERR_REDIRECT] [Fatal Error] :1:1: Premature end of file.
2026-07-17 09:01:22,398 [ERROR] LogOutputStream:75 - [STDERR_REDIRECT] 
2026-07-17 09:01:23,394 [ERROR] LogOutputStream:75 - [STDERR_REDIRECT] [Fatal Error] :1:1: Premature end of file.
2026-07-17 09:01:23,395 [ERROR] LogOutputStream:75 - [STDERR_REDIRECT] 
2026-07-17 09:01:24,375 [ERROR] LogOutputStream:75 - [STDERR_REDIRECT] [Fatal Error] :1:1: Premature end of file.
2026-07-17 09:01:24,375 [ERROR] LogOutputStream:75 - [STDERR_REDIRECT] 
2026-07-17 09:01:25,378 [ERROR] LogOutputStream:75 - [STDERR_REDIRECT] [Fatal Error] :1:1: Premature end of file.
2026-07-17 09:01:25,378 [ERROR] LogOutputStream:75 - [STDERR_REDIRECT] 
2026-07-17 09:01:26,391 [ERROR] LogOutputStream:75 - [STDERR_REDIRECT] [Fatal Error] :1:1: Premature end of file.
2026-07-17 09:01:26,392 [ERROR] LogOutputStream:75 - [STDERR_REDIRECT] 
2026-07-17 09:01:27,412 [ERROR] LogOutputStream:75 - [STDERR_REDIRECT] [Fatal Error] :1:1: Premature end of file.
2026-07-17 09:01:27,412 [ERROR] LogOutputStream:75 - [STDERR_REDIRECT] 
2026-07-17 09:01:28,391 [ERROR] LogOutputStream:75 - [STDERR_REDIRECT] [Fatal Error] :1:1: Premature end of file.
2026-07-17 09:01:28,391 [ERROR] LogOutputStream:75 - [STDERR_REDIRECT] 
2026-07-17 09:01:29,395 [ERROR] LogOutputStream:75 - [STDERR_REDIRECT] [Fatal Error] :1:1: Premature end of file.
2026-07-17 09:01:29,395 [ERROR] LogOutputStream:75 - [STDERR_REDIRECT] 
2026-07-17 09:01:30,393 [ERROR] LogOutputStream:75 - [STDERR_REDIRECT] [Fatal Error] :1:1: Premature end of file.
2026-07-17 09:01:30,393 [ERROR] LogOutputStream:75 - [STDERR_REDIRECT] 
2026-07-17 09:01:31,409 [ERROR] LogOutputStream:75 - [STDERR_REDIRECT] [Fatal Error] :1:1: Premature end of file.
2026-07-17 09:01:31,409 [ERROR] LogOutputStream:75 - [STDERR_REDIRECT] 
2026-07-17 09:01:32,388 [ERROR] LogOutputStream:75 - [STDERR_REDIRECT] [Fatal Error] :1:1: Premature end of file.
2026-07-17 09:01:32,388 [ERROR] LogOutputStream:75 - [STDERR_REDIRECT] 
2026-07-17 09:01:33,377 [ERROR] LogOutputStream:75 - [STDERR_REDIRECT] [Fatal Error] :1:1: Premature end of file.
2026-07-17 09:01:33,377 [ERROR] LogOutputStream:75 - [STDERR_REDIRECT] 
2026-07-17 09:01:34,381 [ERROR] LogOutputStream:75 - [STDERR_REDIRECT] [Fatal Error] :1:1: Premature end of file.
2026-07-17 09:01:34,381 [ERROR] LogOutputStream:75 - [STDERR_REDIRECT] 
2026-07-17 09:01:35,390 [ERROR] LogOutputStream:75 - [STDERR_REDIRECT] [Fatal Error] :1:1: Premature end of file.
2026-07-17 09:01:35,390 [ERROR] LogOutputStream:75 - [STDERR_REDIRECT] 
2026-07-17 09:01:36,381 [ERROR] LogOutputStream:75 - [STDERR_REDIRECT] [Fatal Error] :1:1: Premature end of file.
2026-07-17 09:01:36,382 [ERROR] LogOutputStream:75 - [STDERR_REDIRECT] 
2026-07-17 09:01:37,388 [ERROR] LogOutputStream:75 - [STDERR_REDIRECT] [Fatal Error] :1:1: Premature end of file.
2026-07-17 09:01:37,388 [ERROR] LogOutputStream:75 - [STDERR_REDIRECT] 
2026-07-17 09:01:38,397 [ERROR] LogOutputStream:75 - [STDERR_REDIRECT] [Fatal Error] :1:1: Premature end of file.
2026-07-17 09:01:38,397 [ERROR] LogOutputStream:75 - [STDERR_REDIRECT] 
2026-07-17 09:01:39,390 [ERROR] LogOutputStream:75 - [STDERR_REDIRECT] [Fatal Error] :1:1: Premature end of file.
2026-07-17 09:01:39,390 [ERROR] LogOutputStream:75 - [STDERR_REDIRECT] 
2026-07-17 09:01:40,388 [ERROR] LogOutputStream:75 - [STDERR_REDIRECT] [Fatal Error] :1:1: Premature end of file.
2026-07-17 09:01:40,388 [ERROR] LogOutputStream:75 - [STDERR_REDIRECT] 
2026-07-17 09:01:41,389 [ERROR] LogOutputStream:75 - [STDERR_REDIRECT] [Fatal Error] :1:1: Premature end of file.
2026-07-17 09:01:41,390 [ERROR] LogOutputStream:75 - [STDERR_REDIRECT] 
2026-07-17 09:01:42,386 [ERROR] LogOutputStream:75 - [STDERR_REDIRECT] [Fatal Error] :1:1: Premature end of file.
2026-07-17 09:01:42,386 [ERROR] LogOutputStream:75 - [STDERR_REDIRECT] 
2026-07-17 09:01:43,405 [ERROR] LogOutputStream:75 - [STDERR_REDIRECT] [Fatal Error] :1:1: Premature end of file.
2026-07-17 09:01:43,405 [ERROR] LogOutputStream:75 - [STDERR_REDIRECT] 
2026-07-17 09:01:44,386 [ERROR] LogOutputStream:75 - [STDERR_REDIRECT] [Fatal Error] :1:1: Premature end of file.
2026-07-17 09:01:44,386 [ERROR] LogOutputStream:75 - [STDERR_REDIRECT] 
2026-07-17 09:01:45,378 [ERROR] LogOutputStream:75 - [STDERR_REDIRECT] [Fatal Error] :1:1: Premature end of file.
2026-07-17 09:01:45,379 [ERROR] LogOutputStream:75 - [STDERR_REDIRECT] 
2026-07-17 09:01:46,424 [ERROR] LogOutputStream:75 - [STDERR_REDIRECT] [Fatal Error] :1:1: Premature end of file.
2026-07-17 09:01:46,425 [ERROR] LogOutputStream:75 - [STDERR_REDIRECT] 
2026-07-17 09:01:47,399 [ERROR] LogOutputStream:75 - [STDERR_REDIRECT] [Fatal Error] :1:1: Premature end of file.
2026-07-17 09:01:47,399 [ERROR] LogOutputStream:75 - [STDERR_REDIRECT] 
2026-07-17 09:01:48,427 [ERROR] LogOutputStream:75 - [STDERR_REDIRECT] [Fatal Error] :1:1: Premature end of file.
2026-07-17 09:01:48,427 [ERROR] LogOutputStream:75 - [STDERR_REDIRECT] 
2026-07-17 09:01:49,377 [ERROR] LogOutputStream:75 - [STDERR_REDIRECT] [Fatal Error] :1:1: Premature end of file.
2026-07-17 09:01:49,377 [ERROR] LogOutputStream:75 - [STDERR_REDIRECT] 
2026-07-17 09:01:50,415 [ERROR] LogOutputStream:75 - [STDERR_REDIRECT] [Fatal Error] :1:1: Premature end of file.
2026-07-17 09:01:50,415 [ERROR] LogOutputStream:75 - [STDERR_REDIRECT] 
2026-07-17 09:01:51,404 [ERROR] LogOutputStream:75 - [STDERR_REDIRECT] [Fatal Error] :1:1: Premature end of file.
2026-07-17 09:01:51,404 [ERROR] LogOutputStream:75 - [STDERR_REDIRECT] 
2026-07-17 09:01:52,395 [ERROR] LogOutputStream:75 - [STDERR_REDIRECT] [Fatal Error] :1:1: Premature end of file.
2026-07-17 09:01:52,395 [ERROR] LogOutputStream:75 - [STDERR_REDIRECT] 
2026-07-17 09:01:53,386 [ERROR] LogOutputStream:75 - [STDERR_REDIRECT] [Fatal Error] :1:1: Premature end of file.
2026-07-17 09:01:53,386 [ERROR] LogOutputStream:75 - [STDERR_REDIRECT] 
2026-07-17 09:01:54,403 [ERROR] LogOutputStream:75 - [STDERR_REDIRECT] [Fatal Error] :1:1: Premature end of file.
2026-07-17 09:01:54,403 [ERROR] LogOutputStream:75 - [STDERR_REDIRECT] 
2026-07-17 09:01:55,387 [ERROR] LogOutputStream:75 - [STDERR_REDIRECT] [Fatal Error] :1:1: Premature end of file.
2026-07-17 09:01:55,387 [ERROR] LogOutputStream:75 - [STDERR_REDIRECT] 
2026-07-17 09:01:56,401 [ERROR] LogOutputStream:75 - [STDERR_REDIRECT] [Fatal Error] :1:1: Premature end of file.
2026-07-17 09:01:56,401 [ERROR] LogOutputStream:75 - [STDERR_REDIRECT] 
2026-07-17 09:01:57,427 [ERROR] LogOutputStream:75 - [STDERR_REDIRECT] [Fatal Error] :1:1: Premature end of file.
2026-07-17 09:01:57,427 [ERROR] LogOutputStream:75 - [STDERR_REDIRECT] 
2026-07-17 09:01:58,428 [ERROR] LogOutputStream:75 - [STDERR_REDIRECT] [Fatal Error] :1:1: Premature end of file.
2026-07-17 09:01:58,428 [ERROR] LogOutputStream:75 - [STDERR_REDIRECT] 
2026-07-17 09:01:59,388 [ERROR] LogOutputStream:75 - [STDERR_REDIRECT] [Fatal Error] :1:1: Premature end of file.
2026-07-17 09:01:59,388 [ERROR] LogOutputStream:75 - [STDERR_REDIRECT] 
2026-07-17 09:02:00,384 [ERROR] LogOutputStream:75 - [STDERR_REDIRECT] [Fatal Error] :1:1: Premature end of file.
2026-07-17 09:02:00,384 [ERROR] LogOutputStream:75 - [STDERR_REDIRECT] 
2026-07-17 09:02:01,376 [ERROR] LogOutputStream:75 - [STDERR_REDIRECT] [Fatal Error] :1:1: Premature end of file.
2026-07-17 09:02:01,377 [ERROR] LogOutputStream:75 - [STDERR_REDIRECT] 
2026-07-17 09:02:02,392 [ERROR] LogOutputStream:75 - [STDERR_REDIRECT] [Fatal Error] :1:1: Premature end of file.
2026-07-17 09:02:02,392 [ERROR] LogOutputStream:75 - [STDERR_REDIRECT] 
2026-07-17 09:02:03,373 [ERROR] LogOutputStream:75 - [STDERR_REDIRECT] [Fatal Error] :1:1: Premature end of file.
2026-07-17 09:02:03,373 [ERROR] LogOutputStream:75 - [STDERR_REDIRECT] 
2026-07-17 09:02:04,392 [ERROR] LogOutputStream:75 - [STDERR_REDIRECT] [Fatal Error] :1:1: Premature end of file.
2026-07-17 09:02:04,393 [ERROR] LogOutputStream:75 - [STDERR_REDIRECT] 
2026-07-17 09:02:05,390 [ERROR] LogOutputStream:75 - [STDERR_REDIRECT] [Fatal Error] :1:1: Premature end of file.
2026-07-17 09:02:05,391 [ERROR] LogOutputStream:75 - [STDERR_REDIRECT] 
2026-07-17 09:02:06,397 [ERROR] LogOutputStream:75 - [STDERR_REDIRECT] [Fatal Error] :1:1: Premature end of file.
2026-07-17 09:02:06,397 [ERROR] LogOutputStream:75 - [STDERR_REDIRECT] 
2026-07-17 09:02:07,396 [ERROR] LogOutputStream:75 - [STDERR_REDIRECT] [Fatal Error] :1:1: Premature end of file.
2026-07-17 09:02:07,396 [ERROR] LogOutputStream:75 - [STDERR_REDIRECT] 
2026-07-17 09:02:08,402 [ERROR] LogOutputStream:75 - [STDERR_REDIRECT] [Fatal Error] :1:1: Premature end of file.
2026-07-17 09:02:08,402 [ERROR] LogOutputStream:75 - [STDERR_REDIRECT] 
2026-07-17 09:02:09,392 [ERROR] LogOutputStream:75 - [STDERR_REDIRECT] [Fatal Error] :1:1: Premature end of file.
2026-07-17 09:02:09,392 [ERROR] LogOutputStream:75 - [STDERR_REDIRECT] 
2026-07-17 09:02:10,389 [ERROR] LogOutputStream:75 - [STDERR_REDIRECT] [Fatal Error] :1:1: Premature end of file.
2026-07-17 09:02:10,389 [ERROR] LogOutputStream:75 - [STDERR_REDIRECT] 
2026-07-17 09:02:11,392 [ERROR] LogOutputStream:75 - [STDERR_REDIRECT] [Fatal Error] :1:1: Premature end of file.
2026-07-17 09:02:11,393 [ERROR] LogOutputStream:75 - [STDERR_REDIRECT] 
2026-07-17 09:02:12,395 [ERROR] LogOutputStream:75 - [STDERR_REDIRECT] [Fatal Error] :1:1: Premature end of file.
2026-07-17 09:02:12,395 [ERROR] LogOutputStream:75 - [STDERR_REDIRECT] 
2026-07-17 09:02:13,386 [ERROR] LogOutputStream:75 - [STDERR_REDIRECT] [Fatal Error] :1:1: Premature end of file.
2026-07-17 09:02:13,386 [ERROR] LogOutputStream:75 - [STDERR_REDIRECT] 
2026-07-17 09:02:14,390 [ERROR] LogOutputStream:75 - [STDERR_REDIRECT] [Fatal Error] :1:1: Premature end of file.
2026-07-17 09:02:14,390 [ERROR] LogOutputStream:75 - [STDERR_REDIRECT] 
2026-07-17 09:02:15,383 [ERROR] LogOutputStream:75 - [STDERR_REDIRECT] [Fatal Error] :1:1: Premature end of file.
2026-07-17 09:02:15,384 [ERROR] LogOutputStream:75 - [STDERR_REDIRECT] 
2026-07-17 09:02:16,408 [ERROR] LogOutputStream:75 - [STDERR_REDIRECT] [Fatal Error] :1:1: Premature end of file.
2026-07-17 09:02:16,408 [ERROR] LogOutputStream:75 - [STDERR_REDIRECT] 
2026-07-17 09:02:17,385 [ERROR] LogOutputStream:75 - [STDERR_REDIRECT] [Fatal Error] :1:1: Premature end of file.
2026-07-17 09:02:17,385 [ERROR] LogOutputStream:75 - [STDERR_REDIRECT] 
2026-07-17 09:02:18,458 [ERROR] LogOutputStream:75 - [STDERR_REDIRECT] [Fatal Error] :1:1: Premature end of file.
2026-07-17 09:02:18,458 [ERROR] LogOutputStream:75 - [STDERR_REDIRECT] 
2026-07-17 09:02:19,399 [ERROR] LogOutputStream:75 - [STDERR_REDIRECT] [Fatal Error] :1:1: Premature end of file.
2026-07-17 09:02:19,399 [ERROR] LogOutputStream:75 - [STDERR_REDIRECT] 
2026-07-17 09:02:20,386 [ERROR] LogOutputStream:75 - [STDERR_REDIRECT] [Fatal Error] :1:1: Premature end of file.
2026-07-17 09:02:20,386 [ERROR] LogOutputStream:75 - [STDERR_REDIRECT] 
2026-07-17 09:02:21,379 [ERROR] LogOutputStream:75 - [STDERR_REDIRECT] [Fatal Error] :1:1: Premature end of file.
2026-07-17 09:02:21,379 [ERROR] LogOutputStream:75 - [STDERR_REDIRECT] 
2026-07-17 09:02:22,381 [ERROR] LogOutputStream:75 - [STDERR_REDIRECT] [Fatal Error] :1:1: Premature end of file.
2026-07-17 09:02:22,381 [ERROR] LogOutputStream:75 - [STDERR_REDIRECT] 
2026-07-17 09:02:23,399 [ERROR] LogOutputStream:75 - [STDERR_REDIRECT] [Fatal Error] :1:1: Premature end of file.
2026-07-17 09:02:23,399 [ERROR] LogOutputStream:75 - [STDERR_REDIRECT] 
2026-07-17 09:02:24,382 [ERROR] LogOutputStream:75 - [STDERR_REDIRECT] [Fatal Error] :1:1: Premature end of file.
2026-07-17 09:02:24,382 [ERROR] LogOutputStream:75 - [STDERR_REDIRECT] 
2026-07-17 09:02:25,380 [ERROR] LogOutputStream:75 - [STDERR_REDIRECT] [Fatal Error] :1:1: Premature end of file.
2026-07-17 09:02:25,380 [ERROR] LogOutputStream:75 - [STDERR_REDIRECT] 
2026-07-17 09:02:26,397 [ERROR] LogOutputStream:75 - [STDERR_REDIRECT] [Fatal Error] :1:1: Premature end of file.
2026-07-17 09:02:26,397 [ERROR] LogOutputStream:75 - [STDERR_REDIRECT] 
2026-07-17 09:02:27,406 [ERROR] LogOutputStream:75 - [STDERR_REDIRECT] [Fatal Error] :1:1: Premature end of file.
2026-07-17 09:02:27,406 [ERROR] LogOutputStream:75 - [STDERR_REDIRECT] 
2026-07-17 09:02:28,386 [ERROR] LogOutputStream:75 - [STDERR_REDIRECT] [Fatal Error] :1:1: Premature end of file.
2026-07-17 09:02:28,387 [ERROR] LogOutputStream:75 - [STDERR_REDIRECT] 
2026-07-17 09:02:29,404 [ERROR] LogOutputStream:75 - [STDERR_REDIRECT] [Fatal Error] :1:1: Premature end of file.
2026-07-17 09:02:29,404 [ERROR] LogOutputStream:75 - [STDERR_REDIRECT] 
2026-07-17 09:02:30,392 [ERROR] LogOutputStream:75 - [STDERR_REDIRECT] [Fatal Error] :1:1: Premature end of file.
2026-07-17 09:02:30,392 [ERROR] LogOutputStream:75 - [STDERR_REDIRECT] 
2026-07-17 09:02:31,371 [ERROR] LogOutputStream:75 - [STDERR_REDIRECT] [Fatal Error] :1:1: Premature end of file.
2026-07-17 09:02:31,371 [ERROR] LogOutputStream:75 - [STDERR_REDIRECT] 
2026-07-17 09:02:32,397 [ERROR] LogOutputStream:75 - [STDERR_REDIRECT] [Fatal Error] :1:1: Premature end of file.
2026-07-17 09:02:32,397 [ERROR] LogOutputStream:75 - [STDERR_REDIRECT] 
2026-07-17 09:02:33,407 [ERROR] LogOutputStream:75 - [STDERR_REDIRECT] [Fatal Error] :1:1: Premature end of file.
2026-07-17 09:02:33,407 [ERROR] LogOutputStream:75 - [STDERR_REDIRECT] 
2026-07-17 09:02:34,391 [ERROR] LogOutputStream:75 - [STDERR_REDIRECT] [Fatal Error] :1:1: Premature end of file.
2026-07-17 09:02:34,391 [ERROR] LogOutputStream:75 - [STDERR_REDIRECT] 
2026-07-17 09:02:35,388 [ERROR] LogOutputStream:75 - [STDERR_REDIRECT] [Fatal Error] :1:1: Premature end of file.
2026-07-17 09:02:35,388 [ERROR] LogOutputStream:75 - [STDERR_REDIRECT] 
2026-07-17 09:02:36,378 [ERROR] LogOutputStream:75 - [STDERR_REDIRECT] [Fatal Error] :1:1: Premature end of file.
2026-07-17 09:02:36,378 [ERROR] LogOutputStream:75 - [STDERR_REDIRECT] 
2026-07-17 09:02:37,378 [ERROR] LogOutputStream:75 - [STDERR_REDIRECT] [Fatal Error] :1:1: Premature end of file.
2026-07-17 09:02:37,378 [ERROR] LogOutputStream:75 - [STDERR_REDIRECT] 
2026-07-17 09:02:38,401 [ERROR] LogOutputStream:75 - [STDERR_REDIRECT] [Fatal Error] :1:1: Premature end of file.
2026-07-17 09:02:38,401 [ERROR] LogOutputStream:75 - [STDERR_REDIRECT] 
2026-07-17 09:02:39,381 [ERROR] LogOutputStream:75 - [STDERR_REDIRECT] [Fatal Error] :1:1: Premature end of file.
2026-07-17 09:02:39,381 [ERROR] LogOutputStream:75 - [STDERR_REDIRECT] 
2026-07-17 09:02:40,438 [ERROR] LogOutputStream:75 - [STDERR_REDIRECT] [Fatal Error] :1:1: Premature end of file.
2026-07-17 09:02:40,439 [ERROR] LogOutputStream:75 - [STDERR_REDIRECT] 
2026-07-17 09:02:41,378 [ERROR] LogOutputStream:75 - [STDERR_REDIRECT] [Fatal Error] :1:1: Premature end of file.
2026-07-17 09:02:41,378 [ERROR] LogOutputStream:75 - [STDERR_REDIRECT] 
2026-07-17 09:02:42,488 [ERROR] LogOutputStream:75 - [STDERR_REDIRECT] [Fatal Error] :1:1: Premature end of file.
2026-07-17 09:02:42,488 [ERROR] LogOutputStream:75 - [STDERR_REDIRECT] 
2026-07-17 09:02:43,391 [ERROR] LogOutputStream:75 - [STDERR_REDIRECT] [Fatal Error] :1:1: Premature end of file.
2026-07-17 09:02:43,391 [ERROR] LogOutputStream:75 - [STDERR_REDIRECT] 
2026-07-17 09:02:44,469 [ERROR] LogOutputStream:75 - [STDERR_REDIRECT] [Fatal Error] :1:1: Premature end of file.
2026-07-17 09:02:44,469 [ERROR] LogOutputStream:75 - [STDERR_REDIRECT] 
2026-07-17 09:02:45,421 [ERROR] LogOutputStream:75 - [STDERR_REDIRECT] [Fatal Error] :1:1: Premature end of file.
2026-07-17 09:02:45,421 [ERROR] LogOutputStream:75 - [STDERR_REDIRECT] 
2026-07-17 09:02:46,392 [ERROR] LogOutputStream:75 - [STDERR_REDIRECT] [Fatal Error] :1:1: Premature end of file.
2026-07-17 09:02:46,392 [ERROR] LogOutputStream:75 - [STDERR_REDIRECT] 
2026-07-17 09:02:47,418 [ERROR] LogOutputStream:75 - [STDERR_REDIRECT] [Fatal Error] :1:1: Premature end of file.
2026-07-17 09:02:47,418 [ERROR] LogOutputStream:75 - [STDERR_REDIRECT] 
2026-07-17 09:02:48,378 [ERROR] LogOutputStream:75 - [STDERR_REDIRECT] [Fatal Error] :1:1: Premature end of file.
2026-07-17 09:02:48,378 [ERROR] LogOutputStream:75 - [STDERR_REDIRECT] 
2026-07-17 09:02:49,381 [ERROR] LogOutputStream:75 - [STDERR_REDIRECT] [Fatal Error] :1:1: Premature end of file.
2026-07-17 09:02:49,381 [ERROR] LogOutputStream:75 - [STDERR_REDIRECT] 
2026-07-17 09:02:50,417 [ERROR] LogOutputStream:75 - [STDERR_REDIRECT] [Fatal Error] :1:1: Premature end of file.
2026-07-17 09:02:50,417 [ERROR] LogOutputStream:75 - [STDERR_REDIRECT] 
2026-07-17 09:02:51,385 [ERROR] LogOutputStream:75 - [STDERR_REDIRECT] [Fatal Error] :1:1: Premature end of file.
2026-07-17 09:02:51,385 [ERROR] LogOutputStream:75 - [STDERR_REDIRECT] 
2026-07-17 09:02:52,379 [ERROR] LogOutputStream:75 - [STDERR_REDIRECT] [Fatal Error] :1:1: Premature end of file.
2026-07-17 09:02:52,379 [ERROR] LogOutputStream:75 - [STDERR_REDIRECT] 
2026-07-17 09:02:53,403 [ERROR] LogOutputStream:75 - [STDERR_REDIRECT] [Fatal Error] :1:1: Premature end of file.
2026-07-17 09:02:53,403 [ERROR] LogOutputStream:75 - [STDERR_REDIRECT] 
2026-07-17 09:02:54,398 [ERROR] LogOutputStream:75 - [STDERR_REDIRECT] [Fatal Error] :1:1: Premature end of file.
2026-07-17 09:02:54,399 [ERROR] LogOutputStream:75 - [STDERR_REDIRECT] 
2026-07-17 09:02:55,468 [ERROR] LogOutputStream:75 - [STDERR_REDIRECT] [Fatal Error] :1:1: Premature end of file.
2026-07-17 09:02:55,468 [ERROR] LogOutputStream:75 - [STDERR_REDIRECT] 
2026-07-17 09:02:56,385 [ERROR] LogOutputStream:75 - [STDERR_REDIRECT] [Fatal Error] :1:1: Premature end of file.
2026-07-17 09:02:56,386 [ERROR] LogOutputStream:75 - [STDERR_REDIRECT] 
2026-07-17 09:02:57,412 [ERROR] LogOutputStream:75 - [STDERR_REDIRECT] [Fatal Error] :1:1: Premature end of file.
2026-07-17 09:02:57,412 [ERROR] LogOutputStream:75 - [STDERR_REDIRECT] 
2026-07-17 09:02:58,447 [ERROR] LogOutputStream:75 - [STDERR_REDIRECT] [Fatal Error] :1:1: Premature end of file.
2026-07-17 09:02:58,447 [ERROR] LogOutputStream:75 - [STDERR_REDIRECT] 
2026-07-17 09:02:59,374 [ERROR] LogOutputStream:75 - [STDERR_REDIRECT] [Fatal Error] :1:1: Premature end of file.
2026-07-17 09:02:59,374 [ERROR] LogOutputStream:75 - [STDERR_REDIRECT] 
2026-07-17 09:03:00,390 [ERROR] LogOutputStream:75 - [STDERR_REDIRECT] [Fatal Error] :1:1: Premature end of file.
2026-07-17 09:03:00,390 [ERROR] LogOutputStream:75 - [STDERR_REDIRECT] 
2026-07-17 09:03:01,453 [ERROR] LogOutputStream:75 - [STDERR_REDIRECT] [Fatal Error] :1:1: Premature end of file.
2026-07-17 09:03:01,453 [ERROR] LogOutputStream:75 - [STDERR_REDIRECT] 
2026-07-17 09:03:02,397 [ERROR] LogOutputStream:75 - [STDERR_REDIRECT] [Fatal Error] :1:1: Premature end of file.
2026-07-17 09:03:02,397 [ERROR] LogOutputStream:75 - [STDERR_REDIRECT] 
2026-07-17 09:03:03,400 [ERROR] LogOutputStream:75 - [STDERR_REDIRECT] [Fatal Error] :1:1: Premature end of file.
2026-07-17 09:03:03,400 [ERROR] LogOutputStream:75 - [STDERR_REDIRECT] 
2026-07-17 09:03:04,393 [ERROR] LogOutputStream:75 - [STDERR_REDIRECT] [Fatal Error] :1:1: Premature end of file.
2026-07-17 09:03:04,393 [ERROR] LogOutputStream:75 - [STDERR_REDIRECT] 
2026-07-17 09:03:05,426 [ERROR] LogOutputStream:75 - [STDERR_REDIRECT] [Fatal Error] :1:1: Premature end of file.
2026-07-17 09:03:05,428 [ERROR] LogOutputStream:75 - [STDERR_REDIRECT] 
2026-07-17 09:03:06,388 [ERROR] LogOutputStream:75 - [STDERR_REDIRECT] [Fatal Error] :1:1: Premature end of file.
2026-07-17 09:03:06,388 [ERROR] LogOutputStream:75 - [STDERR_REDIRECT] 
2026-07-17 09:03:07,389 [ERROR] LogOutputStream:75 - [STDERR_REDIRECT] [Fatal Error] :1:1: Premature end of file.
2026-07-17 09:03:07,389 [ERROR] LogOutputStream:75 - [STDERR_REDIRECT] 
2026-07-17 09:03:08,394 [ERROR] LogOutputStream:75 - [STDERR_REDIRECT] [Fatal Error] :1:1: Premature end of file.
2026-07-17 09:03:08,394 [ERROR] LogOutputStream:75 - [STDERR_REDIRECT] 
2026-07-17 09:03:09,396 [ERROR] LogOutputStream:75 - [STDERR_REDIRECT] [Fatal Error] :1:1: Premature end of file.
2026-07-17 09:03:09,397 [ERROR] LogOutputStream:75 - [STDERR_REDIRECT] 
2026-07-17 09:03:10,403 [ERROR] LogOutputStream:75 - [STDERR_REDIRECT] [Fatal Error] :1:1: Premature end of file.
2026-07-17 09:03:10,403 [ERROR] LogOutputStream:75 - [STDERR_REDIRECT] 
2026-07-17 09:03:11,450 [ERROR] LogOutputStream:75 - [STDERR_REDIRECT] [Fatal Error] :1:1: Premature end of file.
2026-07-17 09:03:11,450 [ERROR] LogOutputStream:75 - [STDERR_REDIRECT] 
2026-07-17 09:03:12,417 [ERROR] LogOutputStream:75 - [STDERR_REDIRECT] [Fatal Error] :1:1: Premature end of file.
2026-07-17 09:03:12,417 [ERROR] LogOutputStream:75 - [STDERR_REDIRECT] 
2026-07-17 09:03:13,391 [ERROR] LogOutputStream:75 - [STDERR_REDIRECT] [Fatal Error] :1:1: Premature end of file.
2026-07-17 09:03:13,391 [ERROR] LogOutputStream:75 - [STDERR_REDIRECT] 
2026-07-17 09:03:14,394 [ERROR] LogOutputStream:75 - [STDERR_REDIRECT] [Fatal Error] :1:1: Premature end of file.
2026-07-17 09:03:14,394 [ERROR] LogOutputStream:75 - [STDERR_REDIRECT] 
2026-07-17 09:03:15,477 [ERROR] LogOutputStream:75 - [STDERR_REDIRECT] [Fatal Error] :1:1: Premature end of file.
2026-07-17 09:03:15,477 [ERROR] LogOutputStream:75 - [STDERR_REDIRECT] 
2026-07-17 09:03:16,378 [ERROR] LogOutputStream:75 - [STDERR_REDIRECT] [Fatal Error] :1:1: Premature end of file.
2026-07-17 09:03:16,378 [ERROR] LogOutputStream:75 - [STDERR_REDIRECT] 
2026-07-17 09:03:17,381 [ERROR] LogOutputStream:75 - [STDERR_REDIRECT] [Fatal Error] :1:1: Premature end of file.
2026-07-17 09:03:17,381 [ERROR] LogOutputStream:75 - [STDERR_REDIRECT] 
2026-07-17 09:03:18,380 [ERROR] LogOutputStream:75 - [STDERR_REDIRECT] [Fatal Error] :1:1: Premature end of file.
2026-07-17 09:03:18,380 [ERROR] LogOutputStream:75 - [STDERR_REDIRECT] 
2026-07-17 09:03:19,374 [ERROR] LogOutputStream:75 - [STDERR_REDIRECT] [Fatal Error] :1:1: Premature end of file.
2026-07-17 09:03:19,374 [ERROR] LogOutputStream:75 - [STDERR_REDIRECT] 
2026-07-17 09:03:20,389 [ERROR] LogOutputStream:75 - [STDERR_REDIRECT] [Fatal Error] :1:1: Premature end of file.
2026-07-17 09:03:20,390 [ERROR] LogOutputStream:75 - [STDERR_REDIRECT] 
2026-07-17 09:03:21,378 [ERROR] LogOutputStream:75 - [STDERR_REDIRECT] [Fatal Error] :1:1: Premature end of file.
2026-07-17 09:03:21,378 [ERROR] LogOutputStream:75 - [STDERR_REDIRECT] 
2026-07-17 09:03:22,373 [ERROR] LogOutputStream:75 - [STDERR_REDIRECT] [Fatal Error] :1:1: Premature end of file.
2026-07-17 09:03:22,374 [ERROR] LogOutputStream:75 - [STDERR_REDIRECT] 
2026-07-17 09:03:23,378 [ERROR] LogOutputStream:75 - [STDERR_REDIRECT] [Fatal Error] :1:1: Premature end of file.
2026-07-17 09:03:23,378 [ERROR] LogOutputStream:75 - [STDERR_REDIRECT] 
2026-07-17 09:03:24,378 [ERROR] LogOutputStream:75 - [STDERR_REDIRECT] [Fatal Error] :1:1: Premature end of file.
2026-07-17 09:03:24,378 [ERROR] LogOutputStream:75 - [STDERR_REDIRECT] 
2026-07-17 09:03:25,374 [ERROR] LogOutputStream:75 - [STDERR_REDIRECT] [Fatal Error] :1:1: Premature end of file.
2026-07-17 09:03:25,374 [ERROR] LogOutputStream:75 - [STDERR_REDIRECT] 
2026-07-17 09:03:26,382 [ERROR] LogOutputStream:75 - [STDERR_REDIRECT] [Fatal Error] :1:1: Premature end of file.
2026-07-17 09:03:26,382 [ERROR] LogOutputStream:75 - [STDERR_REDIRECT] 
2026-07-17 09:03:27,369 [ERROR] LogOutputStream:75 - [STDERR_REDIRECT] [Fatal Error] :1:1: Premature end of file.
2026-07-17 09:03:27,369 [ERROR] LogOutputStream:75 - [STDERR_REDIRECT] 
2026-07-17 09:03:28,380 [ERROR] LogOutputStream:75 - [STDERR_REDIRECT] [Fatal Error] :1:1: Premature end of file.
2026-07-17 09:03:28,382 [ERROR] LogOutputStream:75 - [STDERR_REDIRECT] 
2026-07-17 09:03:29,371 [ERROR] LogOutputStream:75 - [STDERR_REDIRECT] [Fatal Error] :1:1: Premature end of file.
2026-07-17 09:03:29,371 [ERROR] LogOutputStream:75 - [STDERR_REDIRECT] 
2026-07-17 09:03:30,384 [ERROR] LogOutputStream:75 - [STDERR_REDIRECT] [Fatal Error] :1:1: Premature end of file.
2026-07-17 09:03:30,384 [ERROR] LogOutputStream:75 - [STDERR_REDIRECT] 
2026-07-17 09:03:31,375 [ERROR] LogOutputStream:75 - [STDERR_REDIRECT] [Fatal Error] :1:1: Premature end of file.
2026-07-17 09:03:31,375 [ERROR] LogOutputStream:75 - [STDERR_REDIRECT] 
2026-07-17 09:03:32,382 [ERROR] LogOutputStream:75 - [STDERR_REDIRECT] [Fatal Error] :1:1: Premature end of file.
2026-07-17 09:03:32,382 [ERROR] LogOutputStream:75 - [STDERR_REDIRECT] 
2026-07-17 09:03:33,375 [ERROR] LogOutputStream:75 - [STDERR_REDIRECT] [Fatal Error] :1:1: Premature end of file.
2026-07-17 09:03:33,375 [ERROR] LogOutputStream:75 - [STDERR_REDIRECT] 
2026-07-17 09:03:34,371 [ERROR] LogOutputStream:75 - [STDERR_REDIRECT] [Fatal Error] :1:1: Premature end of file.
2026-07-17 09:03:34,372 [ERROR] LogOutputStream:75 - [STDERR_REDIRECT] 
2026-07-17 09:03:35,374 [ERROR] LogOutputStream:75 - [STDERR_REDIRECT] [Fatal Error] :1:1: Premature end of file.
2026-07-17 09:03:35,374 [ERROR] LogOutputStream:75 - [STDERR_REDIRECT] 
2026-07-17 09:03:36,369 [ERROR] LogOutputStream:75 - [STDERR_REDIRECT] [Fatal Error] :1:1: Premature end of file.
2026-07-17 09:03:36,369 [ERROR] LogOutputStream:75 - [STDERR_REDIRECT] 
2026-07-17 09:03:37,377 [ERROR] LogOutputStream:75 - [STDERR_REDIRECT] [Fatal Error] :1:1: Premature end of file.
2026-07-17 09:03:37,377 [ERROR] LogOutputStream:75 - [STDERR_REDIRECT] 
2026-07-17 09:03:38,382 [ERROR] LogOutputStream:75 - [STDERR_REDIRECT] [Fatal Error] :1:1: Premature end of file.
2026-07-17 09:03:38,382 [ERROR] LogOutputStream:75 - [STDERR_REDIRECT] 
2026-07-17 09:03:39,366 [ERROR] LogOutputStream:75 - [STDERR_REDIRECT] [Fatal Error] :1:1: Premature end of file.
2026-07-17 09:03:39,366 [ERROR] LogOutputStream:75 - [STDERR_REDIRECT] 
2026-07-17 09:03:40,384 [ERROR] LogOutputStream:75 - [STDERR_REDIRECT] [Fatal Error] :1:1: Premature end of file.
2026-07-17 09:03:40,384 [ERROR] LogOutputStream:75 - [STDERR_REDIRECT] 
2026-07-17 09:03:41,364 [ERROR] LogOutputStream:75 - [STDERR_REDIRECT] [Fatal Error] :1:1: Premature end of file.
2026-07-17 09:03:41,364 [ERROR] LogOutputStream:75 - [STDERR_REDIRECT] 
2026-07-17 09:03:42,398 [ERROR] LogOutputStream:75 - [STDERR_REDIRECT] [Fatal Error] :1:1: Premature end of file.
2026-07-17 09:03:42,398 [ERROR] LogOutputStream:75 - [STDERR_REDIRECT] 
2026-07-17 09:03:43,369 [ERROR] LogOutputStream:75 - [STDERR_REDIRECT] [Fatal Error] :1:1: Premature end of file.
2026-07-17 09:03:43,369 [ERROR] LogOutputStream:75 - [STDERR_REDIRECT] 
2026-07-17 09:03:44,371 [ERROR] LogOutputStream:75 - [STDERR_REDIRECT] [Fatal Error] :1:1: Premature end of file.
2026-07-17 09:03:44,371 [ERROR] LogOutputStream:75 - [STDERR_REDIRECT] 
2026-07-17 09:03:45,382 [ERROR] LogOutputStream:75 - [STDERR_REDIRECT] [Fatal Error] :1:1: Premature end of file.
2026-07-17 09:03:45,383 [ERROR] LogOutputStream:75 - [STDERR_REDIRECT] 
2026-07-17 09:03:46,376 [ERROR] LogOutputStream:75 - [STDERR_REDIRECT] [Fatal Error] :1:1: Premature end of file.
2026-07-17 09:03:46,378 [ERROR] LogOutputStream:75 - [STDERR_REDIRECT] 
2026-07-17 09:03:47,381 [ERROR] LogOutputStream:75 - [STDERR_REDIRECT] [Fatal Error] :1:1: Premature end of file.
2026-07-17 09:03:47,381 [ERROR] LogOutputStream:75 - [STDERR_REDIRECT] 
2026-07-17 09:03:48,380 [ERROR] LogOutputStream:75 - [STDERR_REDIRECT] [Fatal Error] :1:1: Premature end of file.
2026-07-17 09:03:48,381 [ERROR] LogOutputStream:75 - [STDERR_REDIRECT] 
2026-07-17 09:03:49,375 [ERROR] LogOutputStream:75 - [STDERR_REDIRECT] [Fatal Error] :1:1: Premature end of file.
2026-07-17 09:03:49,376 [ERROR] LogOutputStream:75 - [STDERR_REDIRECT] 
2026-07-17 09:03:50,373 [ERROR] LogOutputStream:75 - [STDERR_REDIRECT] [Fatal Error] :1:1: Premature end of file.
2026-07-17 09:03:50,373 [ERROR] LogOutputStream:75 - [STDERR_REDIRECT] 
2026-07-17 09:03:51,378 [ERROR] LogOutputStream:75 - [STDERR_REDIRECT] [Fatal Error] :1:1: Premature end of file.
2026-07-17 09:03:51,378 [ERROR] LogOutputStream:75 - [STDERR_REDIRECT] 
2026-07-17 09:03:52,393 [ERROR] LogOutputStream:75 - [STDERR_REDIRECT] [Fatal Error] :1:1: Premature end of file.
2026-07-17 09:03:52,393 [ERROR] LogOutputStream:75 - [STDERR_REDIRECT] 
2026-07-17 09:03:53,367 [ERROR] LogOutputStream:75 - [STDERR_REDIRECT] [Fatal Error] :1:1: Premature end of file.
2026-07-17 09:03:53,367 [ERROR] LogOutputStream:75 - [STDERR_REDIRECT] 
2026-07-17 09:03:54,392 [ERROR] LogOutputStream:75 - [STDERR_REDIRECT] [Fatal Error] :1:1: Premature end of file.
2026-07-17 09:03:54,392 [ERROR] LogOutputStream:75 - [STDERR_REDIRECT] 
2026-07-17 09:03:55,375 [ERROR] LogOutputStream:75 - [STDERR_REDIRECT] [Fatal Error] :1:1: Premature end of file.
2026-07-17 09:03:55,375 [ERROR] LogOutputStream:75 - [STDERR_REDIRECT] 
2026-07-17 09:03:56,378 [ERROR] LogOutputStream:75 - [STDERR_REDIRECT] [Fatal Error] :1:1: Premature end of file.
2026-07-17 09:03:56,378 [ERROR] LogOutputStream:75 - [STDERR_REDIRECT] 
2026-07-17 09:03:57,372 [ERROR] LogOutputStream:75 - [STDERR_REDIRECT] [Fatal Error] :1:1: Premature end of file.
2026-07-17 09:03:57,372 [ERROR] LogOutputStream:75 - [STDERR_REDIRECT] 
2026-07-17 09:03:58,375 [ERROR] LogOutputStream:75 - [STDERR_REDIRECT] [Fatal Error] :1:1: Premature end of file.
2026-07-17 09:03:58,375 [ERROR] LogOutputStream:75 - [STDERR_REDIRECT] 
2026-07-17 09:03:59,366 [ERROR] LogOutputStream:75 - [STDERR_REDIRECT] [Fatal Error] :1:1: Premature end of file.
2026-07-17 09:03:59,366 [ERROR] LogOutputStream:75 - [STDERR_REDIRECT] 
2026-07-17 09:04:00,370 [ERROR] LogOutputStream:75 - [STDERR_REDIRECT] [Fatal Error] :1:1: Premature end of file.
2026-07-17 09:04:00,371 [ERROR] LogOutputStream:75 - [STDERR_REDIRECT] 
2026-07-17 09:04:01,370 [ERROR] LogOutputStream:75 - [STDERR_REDIRECT] [Fatal Error] :1:1: Premature end of file.
2026-07-17 09:04:01,370 [ERROR] LogOutputStream:75 - [STDERR_REDIRECT] 
2026-07-17 09:04:02,366 [ERROR] LogOutputStream:75 - [STDERR_REDIRECT] [Fatal Error] :1:1: Premature end of file.
2026-07-17 09:04:02,366 [ERROR] LogOutputStream:75 - [STDERR_REDIRECT] 
2026-07-17 09:04:03,372 [ERROR] LogOutputStream:75 - [STDERR_REDIRECT] [Fatal Error] :1:1: Premature end of file.
2026-07-17 09:04:03,372 [ERROR] LogOutputStream:75 - [STDERR_REDIRECT] 
2026-07-17 09:04:04,373 [ERROR] LogOutputStream:75 - [STDERR_REDIRECT] [Fatal Error] :1:1: Premature end of file.
2026-07-17 09:04:04,373 [ERROR] LogOutputStream:75 - [STDERR_REDIRECT] 
2026-07-17 09:04:05,388 [ERROR] LogOutputStream:75 - [STDERR_REDIRECT] [Fatal Error] :1:1: Premature end of file.
2026-07-17 09:04:05,389 [ERROR] LogOutputStream:75 - [STDERR_REDIRECT] 
2026-07-17 09:04:06,388 [ERROR] LogOutputStream:75 - [STDERR_REDIRECT] [Fatal Error] :1:1: Premature end of file.
2026-07-17 09:04:06,388 [ERROR] LogOutputStream:75 - [STDERR_REDIRECT] 
2026-07-17 09:04:07,368 [ERROR] LogOutputStream:75 - [STDERR_REDIRECT] [Fatal Error] :1:1: Premature end of file.
2026-07-17 09:04:07,369 [ERROR] LogOutputStream:75 - [STDERR_REDIRECT] 
2026-07-17 09:04:08,380 [ERROR] LogOutputStream:75 - [STDERR_REDIRECT] [Fatal Error] :1:1: Premature end of file.
2026-07-17 09:04:08,380 [ERROR] LogOutputStream:75 - [STDERR_REDIRECT] 
2026-07-17 09:04:09,383 [ERROR] LogOutputStream:75 - [STDERR_REDIRECT] [Fatal Error] :1:1: Premature end of file.
2026-07-17 09:04:09,383 [ERROR] LogOutputStream:75 - [STDERR_REDIRECT] 
2026-07-17 09:04:10,381 [ERROR] LogOutputStream:75 - [STDERR_REDIRECT] [Fatal Error] :1:1: Premature end of file.
2026-07-17 09:04:10,381 [ERROR] LogOutputStream:75 - [STDERR_REDIRECT] 
2026-07-17 09:04:11,380 [ERROR] LogOutputStream:75 - [STDERR_REDIRECT] [Fatal Error] :1:1: Premature end of file.
2026-07-17 09:04:11,380 [ERROR] LogOutputStream:75 - [STDERR_REDIRECT] 
2026-07-17 09:04:12,378 [ERROR] LogOutputStream:75 - [STDERR_REDIRECT] [Fatal Error] :1:1: Premature end of file.
2026-07-17 09:04:12,378 [ERROR] LogOutputStream:75 - [STDERR_REDIRECT] 
2026-07-17 09:04:13,382 [ERROR] LogOutputStream:75 - [STDERR_REDIRECT] [Fatal Error] :1:1: Premature end of file.
2026-07-17 09:04:13,382 [ERROR] LogOutputStream:75 - [STDERR_REDIRECT] 
2026-07-17 09:04:14,380 [ERROR] LogOutputStream:75 - [STDERR_REDIRECT] [Fatal Error] :1:1: Premature end of file.
2026-07-17 09:04:14,380 [ERROR] LogOutputStream:75 - [STDERR_REDIRECT] 
2026-07-17 09:04:15,384 [ERROR] LogOutputStream:75 - [STDERR_REDIRECT] [Fatal Error] :1:1: Premature end of file.
2026-07-17 09:04:15,385 [ERROR] LogOutputStream:75 - [STDERR_REDIRECT] 
2026-07-17 09:04:16,368 [ERROR] LogOutputStream:75 - [STDERR_REDIRECT] [Fatal Error] :1:1: Premature end of file.
2026-07-17 09:04:16,368 [ERROR] LogOutputStream:75 - [STDERR_REDIRECT] 
2026-07-17 09:04:17,373 [ERROR] LogOutputStream:75 - [STDERR_REDIRECT] [Fatal Error] :1:1: Premature end of file.
2026-07-17 09:04:17,373 [ERROR] LogOutputStream:75 - [STDERR_REDIRECT] 
2026-07-17 09:04:18,376 [ERROR] LogOutputStream:75 - [STDERR_REDIRECT] [Fatal Error] :1:1: Premature end of file.
2026-07-17 09:04:18,376 [ERROR] LogOutputStream:75 - [STDERR_REDIRECT] 
2026-07-17 09:04:19,377 [ERROR] LogOutputStream:75 - [STDERR_REDIRECT] [Fatal Error] :1:1: Premature end of file.
2026-07-17 09:04:19,377 [ERROR] LogOutputStream:75 - [STDERR_REDIRECT] 
2026-07-17 09:04:20,389 [ERROR] LogOutputStream:75 - [STDERR_REDIRECT] [Fatal Error] :1:1: Premature end of file.
2026-07-17 09:04:20,389 [ERROR] LogOutputStream:75 - [STDERR_REDIRECT] 
2026-07-17 09:04:21,387 [ERROR] LogOutputStream:75 - [STDERR_REDIRECT] [Fatal Error] :1:1: Premature end of file.
2026-07-17 09:04:21,387 [ERROR] LogOutputStream:75 - [STDERR_REDIRECT] 
2026-07-17 09:04:22,380 [ERROR] LogOutputStream:75 - [STDERR_REDIRECT] [Fatal Error] :1:1: Premature end of file.
2026-07-17 09:04:22,380 [ERROR] LogOutputStream:75 - [STDERR_REDIRECT] 
2026-07-17 09:04:23,382 [ERROR] LogOutputStream:75 - [STDERR_REDIRECT] [Fatal Error] :1:1: Premature end of file.
2026-07-17 09:04:23,382 [ERROR] LogOutputStream:75 - [STDERR_REDIRECT] 
2026-07-17 09:04:24,384 [ERROR] LogOutputStream:75 - [STDERR_REDIRECT] [Fatal Error] :1:1: Premature end of file.
2026-07-17 09:04:24,384 [ERROR] LogOutputStream:75 - [STDERR_REDIRECT] 
2026-07-17 09:04:25,373 [ERROR] LogOutputStream:75 - [STDERR_REDIRECT] [Fatal Error] :1:1: Premature end of file.
2026-07-17 09:04:25,373 [ERROR] LogOutputStream:75 - [STDERR_REDIRECT] 
2026-07-17 09:04:26,382 [ERROR] LogOutputStream:75 - [STDERR_REDIRECT] [Fatal Error] :1:1: Premature end of file.
2026-07-17 09:04:26,382 [ERROR] LogOutputStream:75 - [STDERR_REDIRECT] 
2026-07-17 09:04:27,385 [ERROR] LogOutputStream:75 - [STDERR_REDIRECT] [Fatal Error] :1:1: Premature end of file.
2026-07-17 09:04:27,385 [ERROR] LogOutputStream:75 - [STDERR_REDIRECT] 
2026-07-17 09:04:28,388 [ERROR] LogOutputStream:75 - [STDERR_REDIRECT] [Fatal Error] :1:1: Premature end of file.
2026-07-17 09:04:28,388 [ERROR] LogOutputStream:75 - [STDERR_REDIRECT] 
2026-07-17 09:04:29,367 [ERROR] LogOutputStream:75 - [STDERR_REDIRECT] [Fatal Error] :1:1: Premature end of file.
2026-07-17 09:04:29,367 [ERROR] LogOutputStream:75 - [STDERR_REDIRECT] 
2026-07-17 09:04:30,378 [ERROR] LogOutputStream:75 - [STDERR_REDIRECT] [Fatal Error] :1:1: Premature end of file.
2026-07-17 09:04:30,378 [ERROR] LogOutputStream:75 - [STDERR_REDIRECT] 
2026-07-17 09:04:31,387 [ERROR] LogOutputStream:75 - [STDERR_REDIRECT] [Fatal Error] :1:1: Premature end of file.
2026-07-17 09:04:31,387 [ERROR] LogOutputStream:75 - [STDERR_REDIRECT] 
2026-07-17 09:04:32,366 [ERROR] LogOutputStream:75 - [STDERR_REDIRECT] [Fatal Error] :1:1: Premature end of file.
2026-07-17 09:04:32,366 [ERROR] LogOutputStream:75 - [STDERR_REDIRECT] 
2026-07-17 09:04:33,379 [ERROR] LogOutputStream:75 - [STDERR_REDIRECT] [Fatal Error] :1:1: Premature end of file.
2026-07-17 09:04:33,379 [ERROR] LogOutputStream:75 - [STDERR_REDIRECT] 
2026-07-17 09:04:34,366 [ERROR] LogOutputStream:75 - [STDERR_REDIRECT] [Fatal Error] :1:1: Premature end of file.
2026-07-17 09:04:34,366 [ERROR] LogOutputStream:75 - [STDERR_REDIRECT] 
2026-07-17 09:04:35,365 [ERROR] LogOutputStream:75 - [STDERR_REDIRECT] [Fatal Error] :1:1: Premature end of file.
2026-07-17 09:04:35,365 [ERROR] LogOutputStream:75 - [STDERR_REDIRECT] 
2026-07-17 09:04:36,379 [ERROR] LogOutputStream:75 - [STDERR_REDIRECT] [Fatal Error] :1:1: Premature end of file.
2026-07-17 09:04:36,379 [ERROR] LogOutputStream:75 - [STDERR_REDIRECT] 
2026-07-17 09:04:37,372 [ERROR] LogOutputStream:75 - [STDERR_REDIRECT] [Fatal Error] :1:1: Premature end of file.
2026-07-17 09:04:37,372 [ERROR] LogOutputStream:75 - [STDERR_REDIRECT] 
2026-07-17 09:04:38,383 [ERROR] LogOutputStream:75 - [STDERR_REDIRECT] [Fatal Error] :1:1: Premature end of file.
2026-07-17 09:04:38,383 [ERROR] LogOutputStream:75 - [STDERR_REDIRECT] 
2026-07-17 09:04:39,370 [ERROR] LogOutputStream:75 - [STDERR_REDIRECT] [Fatal Error] :1:1: Premature end of file.
2026-07-17 09:04:39,370 [ERROR] LogOutputStream:75 - [STDERR_REDIRECT] 
2026-07-17 09:04:40,365 [ERROR] LogOutputStream:75 - [STDERR_REDIRECT] [Fatal Error] :1:1: Premature end of file.
2026-07-17 09:04:40,365 [ERROR] LogOutputStream:75 - [STDERR_REDIRECT] 
2026-07-17 09:04:41,370 [ERROR] LogOutputStream:75 - [STDERR_REDIRECT] [Fatal Error] :1:1: Premature end of file.
2026-07-17 09:04:41,370 [ERROR] LogOutputStream:75 - [STDERR_REDIRECT] 
2026-07-17 09:04:42,366 [ERROR] LogOutputStream:75 - [STDERR_REDIRECT] [Fatal Error] :1:1: Premature end of file.
2026-07-17 09:04:42,366 [ERROR] LogOutputStream:75 - [STDERR_REDIRECT] 
2026-07-17 09:04:43,388 [ERROR] LogOutputStream:75 - [STDERR_REDIRECT] [Fatal Error] :1:1: Premature end of file.
2026-07-17 09:04:43,388 [ERROR] LogOutputStream:75 - [STDERR_REDIRECT] 
2026-07-17 09:04:44,379 [ERROR] LogOutputStream:75 - [STDERR_REDIRECT] [Fatal Error] :1:1: Premature end of file.
2026-07-17 09:04:44,379 [ERROR] LogOutputStream:75 - [STDERR_REDIRECT] 
2026-07-17 09:04:45,373 [ERROR] LogOutputStream:75 - [STDERR_REDIRECT] [Fatal Error] :1:1: Premature end of file.
2026-07-17 09:04:45,373 [ERROR] LogOutputStream:75 - [STDERR_REDIRECT] 
2026-07-17 09:04:46,376 [ERROR] LogOutputStream:75 - [STDERR_REDIRECT] [Fatal Error] :1:1: Premature end of file.
2026-07-17 09:04:46,376 [ERROR] LogOutputStream:75 - [STDERR_REDIRECT] 
2026-07-17 09:04:47,383 [ERROR] LogOutputStream:75 - [STDERR_REDIRECT] [Fatal Error] :1:1: Premature end of file.
2026-07-17 09:04:47,383 [ERROR] LogOutputStream:75 - [STDERR_REDIRECT] 
2026-07-17 09:04:48,368 [ERROR] LogOutputStream:75 - [STDERR_REDIRECT] [Fatal Error] :1:1: Premature end of file.
2026-07-17 09:04:48,368 [ERROR] LogOutputStream:75 - [STDERR_REDIRECT] 
2026-07-17 09:04:49,376 [ERROR] LogOutputStream:75 - [STDERR_REDIRECT] [Fatal Error] :1:1: Premature end of file.
2026-07-17 09:04:49,376 [ERROR] LogOutputStream:75 - [STDERR_REDIRECT] 
2026-07-17 09:04:50,382 [ERROR] LogOutputStream:75 - [STDERR_REDIRECT] [Fatal Error] :1:1: Premature end of file.
2026-07-17 09:04:50,382 [ERROR] LogOutputStream:75 - [STDERR_REDIRECT] 
2026-07-17 09:04:51,369 [ERROR] LogOutputStream:75 - [STDERR_REDIRECT] [Fatal Error] :1:1: Premature end of file.
2026-07-17 09:04:51,369 [ERROR] LogOutputStream:75 - [STDERR_REDIRECT] 
2026-07-17 09:04:52,377 [ERROR] LogOutputStream:75 - [STDERR_REDIRECT] [Fatal Error] :1:1: Premature end of file.
2026-07-17 09:04:52,377 [ERROR] LogOutputStream:75 - [STDERR_REDIRECT] 
2026-07-17 09:04:53,370 [ERROR] LogOutputStream:75 - [STDERR_REDIRECT] [Fatal Error] :1:1: Premature end of file.
2026-07-17 09:04:53,371 [ERROR] LogOutputStream:75 - [STDERR_REDIRECT] 
2026-07-17 09:04:54,374 [ERROR] LogOutputStream:75 - [STDERR_REDIRECT] [Fatal Error] :1:1: Premature end of file.
2026-07-17 09:04:54,374 [ERROR] LogOutputStream:75 - [STDERR_REDIRECT] 
2026-07-17 09:04:55,381 [ERROR] LogOutputStream:75 - [STDERR_REDIRECT] [Fatal Error] :1:1: Premature end of file.
2026-07-17 09:04:55,381 [ERROR] LogOutputStream:75 - [STDERR_REDIRECT] 
2026-07-17 09:04:56,374 [ERROR] LogOutputStream:75 - [STDERR_REDIRECT] [Fatal Error] :1:1: Premature end of file.
2026-07-17 09:04:56,374 [ERROR] LogOutputStream:75 - [STDERR_REDIRECT] 
2026-07-17 09:04:57,373 [ERROR] LogOutputStream:75 - [STDERR_REDIRECT] [Fatal Error] :1:1: Premature end of file.
2026-07-17 09:04:57,373 [ERROR] LogOutputStream:75 - [STDERR_REDIRECT] 
2026-07-17 09:04:58,379 [ERROR] LogOutputStream:75 - [STDERR_REDIRECT] [Fatal Error] :1:1: Premature end of file.
2026-07-17 09:04:58,379 [ERROR] LogOutputStream:75 - [STDERR_REDIRECT] 
2026-07-17 09:04:59,410 [ERROR] LogOutputStream:75 - [STDERR_REDIRECT] [Fatal Error] :1:1: Premature end of file.
2026-07-17 09:04:59,410 [ERROR] LogOutputStream:75 - [STDERR_REDIRECT] 
2026-07-17 09:05:00,374 [ERROR] LogOutputStream:75 - [STDERR_REDIRECT] [Fatal Error] :1:1: Premature end of file.
2026-07-17 09:05:00,375 [ERROR] LogOutputStream:75 - [STDERR_REDIRECT] 
2026-07-17 09:05:01,384 [ERROR] LogOutputStream:75 - [STDERR_REDIRECT] [Fatal Error] :1:1: Premature end of file.
2026-07-17 09:05:01,384 [ERROR] LogOutputStream:75 - [STDERR_REDIRECT] 
2026-07-17 09:05:02,379 [ERROR] LogOutputStream:75 - [STDERR_REDIRECT] [Fatal Error] :1:1: Premature end of file.
2026-07-17 09:05:02,379 [ERROR] LogOutputStream:75 - [STDERR_REDIRECT] 
2026-07-17 09:05:03,370 [ERROR] LogOutputStream:75 - [STDERR_REDIRECT] [Fatal Error] :1:1: Premature end of file.
2026-07-17 09:05:03,370 [ERROR] LogOutputStream:75 - [STDERR_REDIRECT] 
2026-07-17 09:05:04,380 [ERROR] LogOutputStream:75 - [STDERR_REDIRECT] [Fatal Error] :1:1: Premature end of file.
2026-07-17 09:05:04,380 [ERROR] LogOutputStream:75 - [STDERR_REDIRECT] 
2026-07-17 09:05:05,381 [ERROR] LogOutputStream:75 - [STDERR_REDIRECT] [Fatal Error] :1:1: Premature end of file.
2026-07-17 09:05:05,381 [ERROR] LogOutputStream:75 - [STDERR_REDIRECT] 
2026-07-17 09:05:06,376 [ERROR] LogOutputStream:75 - [STDERR_REDIRECT] [Fatal Error] :1:1: Premature end of file.
2026-07-17 09:05:06,377 [ERROR] LogOutputStream:75 - [STDERR_REDIRECT] 
2026-07-17 09:05:07,380 [ERROR] LogOutputStream:75 - [STDERR_REDIRECT] [Fatal Error] :1:1: Premature end of file.
2026-07-17 09:05:07,380 [ERROR] LogOutputStream:75 - [STDERR_REDIRECT] 
2026-07-17 09:05:08,380 [ERROR] LogOutputStream:75 - [STDERR_REDIRECT] [Fatal Error] :1:1: Premature end of file.
2026-07-17 09:05:08,380 [ERROR] LogOutputStream:75 - [STDERR_REDIRECT] 
2026-07-17 09:05:09,363 [ERROR] LogOutputStream:75 - [STDERR_REDIRECT] [Fatal Error] :1:1: Premature end of file.
2026-07-17 09:05:09,363 [ERROR] LogOutputStream:75 - [STDERR_REDIRECT] 
2026-07-17 09:05:10,367 [ERROR] LogOutputStream:75 - [STDERR_REDIRECT] [Fatal Error] :1:1: Premature end of file.
2026-07-17 09:05:10,367 [ERROR] LogOutputStream:75 - [STDERR_REDIRECT] 
2026-07-17 09:05:11,360 [ERROR] LogOutputStream:75 - [STDERR_REDIRECT] [Fatal Error] :1:1: Premature end of file.
2026-07-17 09:05:11,360 [ERROR] LogOutputStream:75 - [STDERR_REDIRECT] 
2026-07-17 09:05:12,357 [ERROR] LogOutputStream:75 - [STDERR_REDIRECT] [Fatal Error] :1:1: Premature end of file.
2026-07-17 09:05:12,357 [ERROR] LogOutputStream:75 - [STDERR_REDIRECT] 
2026-07-17 09:05:13,378 [ERROR] LogOutputStream:75 - [STDERR_REDIRECT] [Fatal Error] :1:1: Premature end of file.
2026-07-17 09:05:13,378 [ERROR] LogOutputStream:75 - [STDERR_REDIRECT] 
2026-07-17 09:05:14,365 [ERROR] LogOutputStream:75 - [STDERR_REDIRECT] [Fatal Error] :1:1: Premature end of file.
2026-07-17 09:05:14,365 [ERROR] LogOutputStream:75 - [STDERR_REDIRECT] 
2026-07-17 09:05:15,370 [ERROR] LogOutputStream:75 - [STDERR_REDIRECT] [Fatal Error] :1:1: Premature end of file.
2026-07-17 09:05:15,370 [ERROR] LogOutputStream:75 - [STDERR_REDIRECT] 
2026-07-17 09:05:16,375 [ERROR] LogOutputStream:75 - [STDERR_REDIRECT] [Fatal Error] :1:1: Premature end of file.
2026-07-17 09:05:16,375 [ERROR] LogOutputStream:75 - [STDERR_REDIRECT] 
2026-07-17 09:05:17,368 [ERROR] LogOutputStream:75 - [STDERR_REDIRECT] [Fatal Error] :1:1: Premature end of file.
2026-07-17 09:05:17,368 [ERROR] LogOutputStream:75 - [STDERR_REDIRECT] 
2026-07-17 09:05:18,376 [ERROR] LogOutputStream:75 - [STDERR_REDIRECT] [Fatal Error] :1:1: Premature end of file.
2026-07-17 09:05:18,376 [ERROR] LogOutputStream:75 - [STDERR_REDIRECT] 
2026-07-17 09:05:19,369 [ERROR] LogOutputStream:75 - [STDERR_REDIRECT] [Fatal Error] :1:1: Premature end of file.
2026-07-17 09:05:19,369 [ERROR] LogOutputStream:75 - [STDERR_REDIRECT] 
2026-07-17 09:05:20,373 [ERROR] LogOutputStream:75 - [STDERR_REDIRECT] [Fatal Error] :1:1: Premature end of file.
2026-07-17 09:05:20,373 [ERROR] LogOutputStream:75 - [STDERR_REDIRECT] 
2026-07-17 09:05:21,383 [ERROR] LogOutputStream:75 - [STDERR_REDIRECT] [Fatal Error] :1:1: Premature end of file.
2026-07-17 09:05:21,383 [ERROR] LogOutputStream:75 - [STDERR_REDIRECT] 
2026-07-17 09:05:22,378 [ERROR] LogOutputStream:75 - [STDERR_REDIRECT] [Fatal Error] :1:1: Premature end of file.
2026-07-17 09:05:22,378 [ERROR] LogOutputStream:75 - [STDERR_REDIRECT] 
2026-07-17 09:05:23,382 [ERROR] LogOutputStream:75 - [STDERR_REDIRECT] [Fatal Error] :1:1: Premature end of file.
2026-07-17 09:05:23,382 [ERROR] LogOutputStream:75 - [STDERR_REDIRECT] 
2026-07-17 09:05:24,382 [ERROR] LogOutputStream:75 - [STDERR_REDIRECT] [Fatal Error] :1:1: Premature end of file.
2026-07-17 09:05:24,382 [ERROR] LogOutputStream:75 - [STDERR_REDIRECT] 
2026-07-17 09:05:25,397 [ERROR] LogOutputStream:75 - [STDERR_REDIRECT] [Fatal Error] :1:1: Premature end of file.
2026-07-17 09:05:25,397 [ERROR] LogOutputStream:75 - [STDERR_REDIRECT] 
2026-07-17 09:05:26,378 [ERROR] LogOutputStream:75 - [STDERR_REDIRECT] [Fatal Error] :1:1: Premature end of file.
2026-07-17 09:05:26,379 [ERROR] LogOutputStream:75 - [STDERR_REDIRECT] 
2026-07-17 09:05:27,373 [ERROR] LogOutputStream:75 - [STDERR_REDIRECT] [Fatal Error] :1:1: Premature end of file.
2026-07-17 09:05:27,373 [ERROR] LogOutputStream:75 - [STDERR_REDIRECT] 
2026-07-17 09:05:28,383 [ERROR] LogOutputStream:75 - [STDERR_REDIRECT] [Fatal Error] :1:1: Premature end of file.
2026-07-17 09:05:28,383 [ERROR] LogOutputStream:75 - [STDERR_REDIRECT] 
2026-07-17 09:05:29,379 [ERROR] LogOutputStream:75 - [STDERR_REDIRECT] [Fatal Error] :1:1: Premature end of file.
2026-07-17 09:05:29,379 [ERROR] LogOutputStream:75 - [STDERR_REDIRECT] 
2026-07-17 09:05:30,377 [ERROR] LogOutputStream:75 - [STDERR_REDIRECT] [Fatal Error] :1:1: Premature end of file.
2026-07-17 09:05:30,377 [ERROR] LogOutputStream:75 - [STDERR_REDIRECT] 
2026-07-17 09:05:31,380 [ERROR] LogOutputStream:75 - [STDERR_REDIRECT] [Fatal Error] :1:1: Premature end of file.
2026-07-17 09:05:31,380 [ERROR] LogOutputStream:75 - [STDERR_REDIRECT] 
2026-07-17 09:05:32,385 [ERROR] LogOutputStream:75 - [STDERR_REDIRECT] [Fatal Error] :1:1: Premature end of file.
2026-07-17 09:05:32,385 [ERROR] LogOutputStream:75 - [STDERR_REDIRECT] 
2026-07-17 09:05:33,387 [ERROR] LogOutputStream:75 - [STDERR_REDIRECT] [Fatal Error] :1:1: Premature end of file.
2026-07-17 09:05:33,387 [ERROR] LogOutputStream:75 - [STDERR_REDIRECT] 
2026-07-17 09:05:34,368 [ERROR] LogOutputStream:75 - [STDERR_REDIRECT] [Fatal Error] :1:1: Premature end of file.
2026-07-17 09:05:34,368 [ERROR] LogOutputStream:75 - [STDERR_REDIRECT] 
2026-07-17 09:05:35,380 [ERROR] LogOutputStream:75 - [STDERR_REDIRECT] [Fatal Error] :1:1: Premature end of file.
2026-07-17 09:05:35,380 [ERROR] LogOutputStream:75 - [STDERR_REDIRECT] 
2026-07-17 09:05:36,384 [ERROR] LogOutputStream:75 - [STDERR_REDIRECT] [Fatal Error] :1:1: Premature end of file.
2026-07-17 09:05:36,384 [ERROR] LogOutputStream:75 - [STDERR_REDIRECT] 
2026-07-17 09:05:37,405 [ERROR] LogOutputStream:75 - [STDERR_REDIRECT] [Fatal Error] :1:1: Premature end of file.
2026-07-17 09:05:37,405 [ERROR] LogOutputStream:75 - [STDERR_REDIRECT] 
2026-07-17 09:05:38,374 [ERROR] LogOutputStream:75 - [STDERR_REDIRECT] [Fatal Error] :1:1: Premature end of file.
2026-07-17 09:05:38,374 [ERROR] LogOutputStream:75 - [STDERR_REDIRECT] 
2026-07-17 09:05:39,375 [ERROR] LogOutputStream:75 - [STDERR_REDIRECT] [Fatal Error] :1:1: Premature end of file.
2026-07-17 09:05:39,375 [ERROR] LogOutputStream:75 - [STDERR_REDIRECT] 
2026-07-17 09:05:40,378 [ERROR] LogOutputStream:75 - [STDERR_REDIRECT] [Fatal Error] :1:1: Premature end of file.
2026-07-17 09:05:40,378 [ERROR] LogOutputStream:75 - [STDERR_REDIRECT] 
2026-07-17 09:05:41,387 [ERROR] LogOutputStream:75 - [STDERR_REDIRECT] [Fatal Error] :1:1: Premature end of file.
2026-07-17 09:05:41,387 [ERROR] LogOutputStream:75 - [STDERR_REDIRECT] 
2026-07-17 09:05:42,383 [ERROR] LogOutputStream:75 - [STDERR_REDIRECT] [Fatal Error] :1:1: Premature end of file.
2026-07-17 09:05:42,383 [ERROR] LogOutputStream:75 - [STDERR_REDIRECT] 
2026-07-17 09:05:43,372 [ERROR] LogOutputStream:75 - [STDERR_REDIRECT] [Fatal Error] :1:1: Premature end of file.
2026-07-17 09:05:43,372 [ERROR] LogOutputStream:75 - [STDERR_REDIRECT] 
2026-07-17 09:05:44,377 [ERROR] LogOutputStream:75 - [STDERR_REDIRECT] [Fatal Error] :1:1: Premature end of file.
2026-07-17 09:05:44,377 [ERROR] LogOutputStream:75 - [STDERR_REDIRECT] 
2026-07-17 09:05:45,387 [ERROR] LogOutputStream:75 - [STDERR_REDIRECT] [Fatal Error] :1:1: Premature end of file.
2026-07-17 09:05:45,387 [ERROR] LogOutputStream:75 - [STDERR_REDIRECT] 
2026-07-17 09:05:46,389 [ERROR] LogOutputStream:75 - [STDERR_REDIRECT] [Fatal Error] :1:1: Premature end of file.
2026-07-17 09:05:46,389 [ERROR] LogOutputStream:75 - [STDERR_REDIRECT] 
2026-07-17 09:05:47,375 [ERROR] LogOutputStream:75 - [STDERR_REDIRECT] [Fatal Error] :1:1: Premature end of file.
2026-07-17 09:05:47,375 [ERROR] LogOutputStream:75 - [STDERR_REDIRECT] 
2026-07-17 09:05:48,389 [ERROR] LogOutputStream:75 - [STDERR_REDIRECT] [Fatal Error] :1:1: Premature end of file.
2026-07-17 09:05:48,389 [ERROR] LogOutputStream:75 - [STDERR_REDIRECT] 
2026-07-17 09:05:49,379 [ERROR] LogOutputStream:75 - [STDERR_REDIRECT] [Fatal Error] :1:1: Premature end of file.
2026-07-17 09:05:49,380 [ERROR] LogOutputStream:75 - [STDERR_REDIRECT] 
2026-07-17 09:05:50,371 [ERROR] LogOutputStream:75 - [STDERR_REDIRECT] [Fatal Error] :1:1: Premature end of file.
2026-07-17 09:05:50,371 [ERROR] LogOutputStream:75 - [STDERR_REDIRECT] 
2026-07-17 09:05:51,383 [ERROR] LogOutputStream:75 - [STDERR_REDIRECT] [Fatal Error] :1:1: Premature end of file.
2026-07-17 09:05:51,383 [ERROR] LogOutputStream:75 - [STDERR_REDIRECT] 
2026-07-17 09:05:52,370 [ERROR] LogOutputStream:75 - [STDERR_REDIRECT] [Fatal Error] :1:1: Premature end of file.
2026-07-17 09:05:52,370 [ERROR] LogOutputStream:75 - [STDERR_REDIRECT] 
2026-07-17 09:05:53,373 [ERROR] LogOutputStream:75 - [STDERR_REDIRECT] [Fatal Error] :1:1: Premature end of file.
2026-07-17 09:05:53,374 [ERROR] LogOutputStream:75 - [STDERR_REDIRECT] 
2026-07-17 09:05:54,389 [ERROR] LogOutputStream:75 - [STDERR_REDIRECT] [Fatal Error] :1:1: Premature end of file.
2026-07-17 09:05:54,389 [ERROR] LogOutputStream:75 - [STDERR_REDIRECT] 
2026-07-17 09:05:55,365 [ERROR] LogOutputStream:75 - [STDERR_REDIRECT] [Fatal Error] :1:1: Premature end of file.
2026-07-17 09:05:55,365 [ERROR] LogOutputStream:75 - [STDERR_REDIRECT] 
2026-07-17 09:05:56,393 [ERROR] LogOutputStream:75 - [STDERR_REDIRECT] [Fatal Error] :1:1: Premature end of file.
2026-07-17 09:05:56,393 [ERROR] LogOutputStream:75 - [STDERR_REDIRECT] 
2026-07-17 09:05:57,387 [ERROR] LogOutputStream:75 - [STDERR_REDIRECT] [Fatal Error] :1:1: Premature end of file.
2026-07-17 09:05:57,387 [ERROR] LogOutputStream:75 - [STDERR_REDIRECT] 
2026-07-17 09:05:58,379 [ERROR] LogOutputStream:75 - [STDERR_REDIRECT] [Fatal Error] :1:1: Premature end of file.
2026-07-17 09:05:58,379 [ERROR] LogOutputStream:75 - [STDERR_REDIRECT] 
2026-07-17 09:05:59,374 [ERROR] LogOutputStream:75 - [STDERR_REDIRECT] [Fatal Error] :1:1: Premature end of file.
2026-07-17 09:05:59,374 [ERROR] LogOutputStream:75 - [STDERR_REDIRECT] 
2026-07-17 09:06:00,378 [ERROR] LogOutputStream:75 - [STDERR_REDIRECT] [Fatal Error] :1:1: Premature end of file.
2026-07-17 09:06:00,378 [ERROR] LogOutputStream:75 - [STDERR_REDIRECT] 
2026-07-17 09:06:01,374 [ERROR] LogOutputStream:75 - [STDERR_REDIRECT] [Fatal Error] :1:1: Premature end of file.
2026-07-17 09:06:01,374 [ERROR] LogOutputStream:75 - [STDERR_REDIRECT] 
2026-07-17 09:06:02,389 [ERROR] LogOutputStream:75 - [STDERR_REDIRECT] [Fatal Error] :1:1: Premature end of file.
2026-07-17 09:06:02,389 [ERROR] LogOutputStream:75 - [STDERR_REDIRECT] 
2026-07-17 09:06:03,381 [ERROR] LogOutputStream:75 - [STDERR_REDIRECT] [Fatal Error] :1:1: Premature end of file.
2026-07-17 09:06:03,381 [ERROR] LogOutputStream:75 - [STDERR_REDIRECT] 
2026-07-17 09:06:04,385 [ERROR] LogOutputStream:75 - [STDERR_REDIRECT] [Fatal Error] :1:1: Premature end of file.
2026-07-17 09:06:04,386 [ERROR] LogOutputStream:75 - [STDERR_REDIRECT] 
2026-07-17 09:06:05,373 [ERROR] LogOutputStream:75 - [STDERR_REDIRECT] [Fatal Error] :1:1: Premature end of file.
2026-07-17 09:06:05,373 [ERROR] LogOutputStream:75 - [STDERR_REDIRECT] 
2026-07-17 09:06:06,392 [ERROR] LogOutputStream:75 - [STDERR_REDIRECT] [Fatal Error] :1:1: Premature end of file.
2026-07-17 09:06:06,392 [ERROR] LogOutputStream:75 - [STDERR_REDIRECT] 
2026-07-17 09:06:07,373 [ERROR] LogOutputStream:75 - [STDERR_REDIRECT] [Fatal Error] :1:1: Premature end of file.
2026-07-17 09:06:07,373 [ERROR] LogOutputStream:75 - [STDERR_REDIRECT] 
2026-07-17 09:06:08,375 [ERROR] LogOutputStream:75 - [STDERR_REDIRECT] [Fatal Error] :1:1: Premature end of file.
2026-07-17 09:06:08,375 [ERROR] LogOutputStream:75 - [STDERR_REDIRECT] 
2026-07-17 09:06:09,378 [ERROR] LogOutputStream:75 - [STDERR_REDIRECT] [Fatal Error] :1:1: Premature end of file.
2026-07-17 09:06:09,378 [ERROR] LogOutputStream:75 - [STDERR_REDIRECT] 
2026-07-17 09:06:10,382 [ERROR] LogOutputStream:75 - [STDERR_REDIRECT] [Fatal Error] :1:1: Premature end of file.
2026-07-17 09:06:10,382 [ERROR] LogOutputStream:75 - [STDERR_REDIRECT] 
2026-07-17 09:06:11,379 [ERROR] LogOutputStream:75 - [STDERR_REDIRECT] [Fatal Error] :1:1: Premature end of file.
2026-07-17 09:06:11,379 [ERROR] LogOutputStream:75 - [STDERR_REDIRECT] 
2026-07-17 09:06:12,382 [ERROR] LogOutputStream:75 - [STDERR_REDIRECT] [Fatal Error] :1:1: Premature end of file.
2026-07-17 09:06:12,382 [ERROR] LogOutputStream:75 - [STDERR_REDIRECT] 
2026-07-17 09:06:13,438 [ERROR] LogOutputStream:75 - [STDERR_REDIRECT] [Fatal Error] :1:1: Premature end of file.
2026-07-17 09:06:13,438 [ERROR] LogOutputStream:75 - [STDERR_REDIRECT] 
2026-07-17 09:06:14,370 [ERROR] LogOutputStream:75 - [STDERR_REDIRECT] [Fatal Error] :1:1: Premature end of file.
2026-07-17 09:06:14,370 [ERROR] LogOutputStream:75 - [STDERR_REDIRECT] 
2026-07-17 09:06:15,365 [ERROR] LogOutputStream:75 - [STDERR_REDIRECT] [Fatal Error] :1:1: Premature end of file.
2026-07-17 09:06:15,365 [ERROR] LogOutputStream:75 - [STDERR_REDIRECT] 
2026-07-17 09:06:16,367 [ERROR] LogOutputStream:75 - [STDERR_REDIRECT] [Fatal Error] :1:1: Premature end of file.
2026-07-17 09:06:16,367 [ERROR] LogOutputStream:75 - [STDERR_REDIRECT] 
2026-07-17 09:06:17,385 [ERROR] LogOutputStream:75 - [STDERR_REDIRECT] [Fatal Error] :1:1: Premature end of file.
2026-07-17 09:06:17,385 [ERROR] LogOutputStream:75 - [STDERR_REDIRECT] 
2026-07-17 09:06:18,384 [ERROR] LogOutputStream:75 - [STDERR_REDIRECT] [Fatal Error] :1:1: Premature end of file.
2026-07-17 09:06:18,384 [ERROR] LogOutputStream:75 - [STDERR_REDIRECT] 
2026-07-17 09:06:19,381 [ERROR] LogOutputStream:75 - [STDERR_REDIRECT] [Fatal Error] :1:1: Premature end of file.
2026-07-17 09:06:19,382 [ERROR] LogOutputStream:75 - [STDERR_REDIRECT] 
2026-07-17 09:06:20,376 [ERROR] LogOutputStream:75 - [STDERR_REDIRECT] [Fatal Error] :1:1: Premature end of file.
2026-07-17 09:06:20,376 [ERROR] LogOutputStream:75 - [STDERR_REDIRECT] 
2026-07-17 09:06:21,376 [ERROR] LogOutputStream:75 - [STDERR_REDIRECT] [Fatal Error] :1:1: Premature end of file.
2026-07-17 09:06:21,376 [ERROR] LogOutputStream:75 - [STDERR_REDIRECT] 
2026-07-17 09:06:22,378 [ERROR] LogOutputStream:75 - [STDERR_REDIRECT] [Fatal Error] :1:1: Premature end of file.
2026-07-17 09:06:22,378 [ERROR] LogOutputStream:75 - [STDERR_REDIRECT] 
2026-07-17 09:06:23,380 [ERROR] LogOutputStream:75 - [STDERR_REDIRECT] [Fatal Error] :1:1: Premature end of file.
2026-07-17 09:06:23,380 [ERROR] LogOutputStream:75 - [STDERR_REDIRECT] 
2026-07-17 09:06:24,371 [ERROR] LogOutputStream:75 - [STDERR_REDIRECT] [Fatal Error] :1:1: Premature end of file.
2026-07-17 09:06:24,371 [ERROR] LogOutputStream:75 - [STDERR_REDIRECT] 
2026-07-17 09:06:25,366 [ERROR] LogOutputStream:75 - [STDERR_REDIRECT] [Fatal Error] :1:1: Premature end of file.
2026-07-17 09:06:25,366 [ERROR] LogOutputStream:75 - [STDERR_REDIRECT] 
2026-07-17 09:06:26,369 [ERROR] LogOutputStream:75 - [STDERR_REDIRECT] [Fatal Error] :1:1: Premature end of file.
2026-07-17 09:06:26,369 [ERROR] LogOutputStream:75 - [STDERR_REDIRECT] 
2026-07-17 09:06:27,368 [ERROR] LogOutputStream:75 - [STDERR_REDIRECT] [Fatal Error] :1:1: Premature end of file.
2026-07-17 09:06:27,368 [ERROR] LogOutputStream:75 - [STDERR_REDIRECT] 
2026-07-17 09:06:28,367 [ERROR] LogOutputStream:75 - [STDERR_REDIRECT] [Fatal Error] :1:1: Premature end of file.
2026-07-17 09:06:28,367 [ERROR] LogOutputStream:75 - [STDERR_REDIRECT] 
2026-07-17 09:06:29,375 [ERROR] LogOutputStream:75 - [STDERR_REDIRECT] [Fatal Error] :1:1: Premature end of file.
2026-07-17 09:06:29,375 [ERROR] LogOutputStream:75 - [STDERR_REDIRECT] 
2026-07-17 09:06:30,369 [ERROR] LogOutputStream:75 - [STDERR_REDIRECT] [Fatal Error] :1:1: Premature end of file.
2026-07-17 09:06:30,369 [ERROR] LogOutputStream:75 - [STDERR_REDIRECT] 
2026-07-17 09:06:31,376 [ERROR] LogOutputStream:75 - [STDERR_REDIRECT] [Fatal Error] :1:1: Premature end of file.
2026-07-17 09:06:31,377 [ERROR] LogOutputStream:75 - [STDERR_REDIRECT] 
2026-07-17 09:06:32,374 [ERROR] LogOutputStream:75 - [STDERR_REDIRECT] [Fatal Error] :1:1: Premature end of file.
2026-07-17 09:06:32,374 [ERROR] LogOutputStream:75 - [STDERR_REDIRECT] 
2026-07-17 09:06:33,369 [ERROR] LogOutputStream:75 - [STDERR_REDIRECT] [Fatal Error] :1:1: Premature end of file.
2026-07-17 09:06:33,369 [ERROR] LogOutputStream:75 - [STDERR_REDIRECT] 
2026-07-17 09:06:34,371 [ERROR] LogOutputStream:75 - [STDERR_REDIRECT] [Fatal Error] :1:1: Premature end of file.
2026-07-17 09:06:34,371 [ERROR] LogOutputStream:75 - [STDERR_REDIRECT] 
2026-07-17 09:06:35,385 [ERROR] LogOutputStream:75 - [STDERR_REDIRECT] [Fatal Error] :1:1: Premature end of file.
2026-07-17 09:06:35,385 [ERROR] LogOutputStream:75 - [STDERR_REDIRECT] 
2026-07-17 09:06:36,375 [ERROR] LogOutputStream:75 - [STDERR_REDIRECT] [Fatal Error] :1:1: Premature end of file.
2026-07-17 09:06:36,375 [ERROR] LogOutputStream:75 - [STDERR_REDIRECT] 
2026-07-17 09:06:37,378 [ERROR] LogOutputStream:75 - [STDERR_REDIRECT] [Fatal Error] :1:1: Premature end of file.
2026-07-17 09:06:37,378 [ERROR] LogOutputStream:75 - [STDERR_REDIRECT] 
2026-07-17 09:06:38,375 [ERROR] LogOutputStream:75 - [STDERR_REDIRECT] [Fatal Error] :1:1: Premature end of file.
2026-07-17 09:06:38,375 [ERROR] LogOutputStream:75 - [STDERR_REDIRECT] 
2026-07-17 09:06:39,374 [ERROR] LogOutputStream:75 - [STDERR_REDIRECT] [Fatal Error] :1:1: Premature end of file.
2026-07-17 09:06:39,374 [ERROR] LogOutputStream:75 - [STDERR_REDIRECT] 
2026-07-17 09:06:40,377 [ERROR] LogOutputStream:75 - [STDERR_REDIRECT] [Fatal Error] :1:1: Premature end of file.
2026-07-17 09:06:40,377 [ERROR] LogOutputStream:75 - [STDERR_REDIRECT] 
2026-07-17 09:06:41,374 [ERROR] LogOutputStream:75 - [STDERR_REDIRECT] [Fatal Error] :1:1: Premature end of file.
2026-07-17 09:06:41,374 [ERROR] LogOutputStream:75 - [STDERR_REDIRECT] 
2026-07-17 09:06:42,377 [ERROR] LogOutputStream:75 - [STDERR_REDIRECT] [Fatal Error] :1:1: Premature end of file.
2026-07-17 09:06:42,377 [ERROR] LogOutputStream:75 - [STDERR_REDIRECT] 
2026-07-17 09:06:43,376 [ERROR] LogOutputStream:75 - [STDERR_REDIRECT] [Fatal Error] :1:1: Premature end of file.
2026-07-17 09:06:43,376 [ERROR] LogOutputStream:75 - [STDERR_REDIRECT] 
2026-07-17 09:06:44,374 [ERROR] LogOutputStream:75 - [STDERR_REDIRECT] [Fatal Error] :1:1: Premature end of file.
2026-07-17 09:06:44,374 [ERROR] LogOutputStream:75 - [STDERR_REDIRECT] 
2026-07-17 09:06:45,377 [ERROR] LogOutputStream:75 - [STDERR_REDIRECT] [Fatal Error] :1:1: Premature end of file.
2026-07-17 09:06:45,377 [ERROR] LogOutputStream:75 - [STDERR_REDIRECT] 
2026-07-17 09:06:46,376 [ERROR] LogOutputStream:75 - [STDERR_REDIRECT] [Fatal Error] :1:1: Premature end of file.
2026-07-17 09:06:46,376 [ERROR] LogOutputStream:75 - [STDERR_REDIRECT] 
2026-07-17 09:06:47,367 [ERROR] LogOutputStream:75 - [STDERR_REDIRECT] [Fatal Error] :1:1: Premature end of file.
2026-07-17 09:06:47,367 [ERROR] LogOutputStream:75 - [STDERR_REDIRECT] 
2026-07-17 09:06:48,384 [ERROR] LogOutputStream:75 - [STDERR_REDIRECT] [Fatal Error] :1:1: Premature end of file.
2026-07-17 09:06:48,384 [ERROR] LogOutputStream:75 - [STDERR_REDIRECT] 
2026-07-17 09:06:49,380 [ERROR] LogOutputStream:75 - [STDERR_REDIRECT] [Fatal Error] :1:1: Premature end of file.
2026-07-17 09:06:49,380 [ERROR] LogOutputStream:75 - [STDERR_REDIRECT] 
2026-07-17 09:06:50,379 [ERROR] LogOutputStream:75 - [STDERR_REDIRECT] [Fatal Error] :1:1: Premature end of file.
2026-07-17 09:06:50,379 [ERROR] LogOutputStream:75 - [STDERR_REDIRECT] 
2026-07-17 09:06:51,379 [ERROR] LogOutputStream:75 - [STDERR_REDIRECT] [Fatal Error] :1:1: Premature end of file.
2026-07-17 09:06:51,379 [ERROR] LogOutputStream:75 - [STDERR_REDIRECT] 
2026-07-17 09:06:52,389 [ERROR] LogOutputStream:75 - [STDERR_REDIRECT] [Fatal Error] :1:1: Premature end of file.
2026-07-17 09:06:52,389 [ERROR] LogOutputStream:75 - [STDERR_REDIRECT] 
2026-07-17 09:06:53,385 [ERROR] LogOutputStream:75 - [STDERR_REDIRECT] [Fatal Error] :1:1: Premature end of file.
2026-07-17 09:06:53,385 [ERROR] LogOutputStream:75 - [STDERR_REDIRECT] 
2026-07-17 09:06:54,389 [ERROR] LogOutputStream:75 - [STDERR_REDIRECT] [Fatal Error] :1:1: Premature end of file.
2026-07-17 09:06:54,389 [ERROR] LogOutputStream:75 - [STDERR_REDIRECT] 
2026-07-17 09:06:55,382 [ERROR] LogOutputStream:75 - [STDERR_REDIRECT] [Fatal Error] :1:1: Premature end of file.
2026-07-17 09:06:55,382 [ERROR] LogOutputStream:75 - [STDERR_REDIRECT] 
2026-07-17 09:06:56,389 [ERROR] LogOutputStream:75 - [STDERR_REDIRECT] [Fatal Error] :1:1: Premature end of file.
2026-07-17 09:06:56,389 [ERROR] LogOutputStream:75 - [STDERR_REDIRECT] 
2026-07-17 09:06:57,358 [ERROR] LogOutputStream:75 - [STDERR_REDIRECT] [Fatal Error] :1:1: Premature end of file.
2026-07-17 09:06:57,358 [ERROR] LogOutputStream:75 - [STDERR_REDIRECT] 
2026-07-17 09:06:58,392 [ERROR] LogOutputStream:75 - [STDERR_REDIRECT] [Fatal Error] :1:1: Premature end of file.
2026-07-17 09:06:58,392 [ERROR] LogOutputStream:75 - [STDERR_REDIRECT] 
2026-07-17 09:06:59,369 [ERROR] LogOutputStream:75 - [STDERR_REDIRECT] [Fatal Error] :1:1: Premature end of file.
2026-07-17 09:06:59,369 [ERROR] LogOutputStream:75 - [STDERR_REDIRECT] 
2026-07-17 09:07:00,378 [ERROR] LogOutputStream:75 - [STDERR_REDIRECT] [Fatal Error] :1:1: Premature end of file.
2026-07-17 09:07:00,378 [ERROR] LogOutputStream:75 - [STDERR_REDIRECT] 
2026-07-17 09:07:01,378 [ERROR] LogOutputStream:75 - [STDERR_REDIRECT] [Fatal Error] :1:1: Premature end of file.
2026-07-17 09:07:01,378 [ERROR] LogOutputStream:75 - [STDERR_REDIRECT] 
2026-07-17 09:07:02,390 [ERROR] LogOutputStream:75 - [STDERR_REDIRECT] [Fatal Error] :1:1: Premature end of file.
2026-07-17 09:07:02,391 [ERROR] LogOutputStream:75 - [STDERR_REDIRECT] 
2026-07-17 09:07:03,429 [ERROR] LogOutputStream:75 - [STDERR_REDIRECT] [Fatal Error] :1:1: Premature end of file.
2026-07-17 09:07:03,429 [ERROR] LogOutputStream:75 - [STDERR_REDIRECT] 
2026-07-17 09:07:04,400 [ERROR] LogOutputStream:75 - [STDERR_REDIRECT] [Fatal Error] :1:1: Premature end of file.
2026-07-17 09:07:04,400 [ERROR] LogOutputStream:75 - [STDERR_REDIRECT] 
2026-07-17 09:07:05,420 [ERROR] LogOutputStream:75 - [STDERR_REDIRECT] [Fatal Error] :1:1: Premature end of file.
2026-07-17 09:07:05,420 [ERROR] LogOutputStream:75 - [STDERR_REDIRECT] 
2026-07-17 09:07:06,393 [ERROR] LogOutputStream:75 - [STDERR_REDIRECT] [Fatal Error] :1:1: Premature end of file.
2026-07-17 09:07:06,393 [ERROR] LogOutputStream:75 - [STDERR_REDIRECT] 
2026-07-17 09:07:07,392 [ERROR] LogOutputStream:75 - [STDERR_REDIRECT] [Fatal Error] :1:1: Premature end of file.
2026-07-17 09:07:07,392 [ERROR] LogOutputStream:75 - [STDERR_REDIRECT] 
2026-07-17 09:07:08,389 [ERROR] LogOutputStream:75 - [STDERR_REDIRECT] [Fatal Error] :1:1: Premature end of file.
2026-07-17 09:07:08,389 [ERROR] LogOutputStream:75 - [STDERR_REDIRECT] 
2026-07-17 09:07:09,445 [ERROR] LogOutputStream:75 - [STDERR_REDIRECT] [Fatal Error] :1:1: Premature end of file.
2026-07-17 09:07:09,446 [ERROR] LogOutputStream:75 - [STDERR_REDIRECT] 
2026-07-17 09:07:10,388 [ERROR] LogOutputStream:75 - [STDERR_REDIRECT] [Fatal Error] :1:1: Premature end of file.
2026-07-17 09:07:10,388 [ERROR] LogOutputStream:75 - [STDERR_REDIRECT] 
2026-07-17 09:07:11,391 [ERROR] LogOutputStream:75 - [STDERR_REDIRECT] [Fatal Error] :1:1: Premature end of file.
2026-07-17 09:07:11,392 [ERROR] LogOutputStream:75 - [STDERR_REDIRECT] 
2026-07-17 09:07:12,429 [ERROR] LogOutputStream:75 - [STDERR_REDIRECT] [Fatal Error] :1:1: Premature end of file.
2026-07-17 09:07:12,429 [ERROR] LogOutputStream:75 - [STDERR_REDIRECT] 
2026-07-17 09:07:13,397 [ERROR] LogOutputStream:75 - [STDERR_REDIRECT] [Fatal Error] :1:1: Premature end of file.
2026-07-17 09:07:13,397 [ERROR] LogOutputStream:75 - [STDERR_REDIRECT] 
2026-07-17 09:07:14,382 [ERROR] LogOutputStream:75 - [STDERR_REDIRECT] [Fatal Error] :1:1: Premature end of file.
2026-07-17 09:07:14,383 [ERROR] LogOutputStream:75 - [STDERR_REDIRECT] 
2026-07-17 09:07:15,382 [ERROR] LogOutputStream:75 - [STDERR_REDIRECT] [Fatal Error] :1:1: Premature end of file.
2026-07-17 09:07:15,382 [ERROR] LogOutputStream:75 - [STDERR_REDIRECT] 
2026-07-17 09:07:16,397 [ERROR] LogOutputStream:75 - [STDERR_REDIRECT] [Fatal Error] :1:1: Premature end of file.
2026-07-17 09:07:16,397 [ERROR] LogOutputStream:75 - [STDERR_REDIRECT] 
2026-07-17 09:07:17,448 [ERROR] LogOutputStream:75 - [STDERR_REDIRECT] [Fatal Error] :1:1: Premature end of file.
2026-07-17 09:07:17,448 [ERROR] LogOutputStream:75 - [STDERR_REDIRECT] 
2026-07-17 09:07:18,383 [ERROR] LogOutputStream:75 - [STDERR_REDIRECT] [Fatal Error] :1:1: Premature end of file.
2026-07-17 09:07:18,383 [ERROR] LogOutputStream:75 - [STDERR_REDIRECT] 
2026-07-17 09:07:19,446 [ERROR] LogOutputStream:75 - [STDERR_REDIRECT] [Fatal Error] :1:1: Premature end of file.
2026-07-17 09:07:19,446 [ERROR] LogOutputStream:75 - [STDERR_REDIRECT] 
2026-07-17 09:07:20,386 [ERROR] LogOutputStream:75 - [STDERR_REDIRECT] [Fatal Error] :1:1: Premature end of file.
2026-07-17 09:07:20,386 [ERROR] LogOutputStream:75 - [STDERR_REDIRECT] 
2026-07-17 09:07:21,394 [ERROR] LogOutputStream:75 - [STDERR_REDIRECT] [Fatal Error] :1:1: Premature end of file.
2026-07-17 09:07:21,394 [ERROR] LogOutputStream:75 - [STDERR_REDIRECT] 
2026-07-17 09:07:22,386 [ERROR] LogOutputStream:75 - [STDERR_REDIRECT] [Fatal Error] :1:1: Premature end of file.
2026-07-17 09:07:22,386 [ERROR] LogOutputStream:75 - [STDERR_REDIRECT] 
2026-07-17 09:07:23,381 [ERROR] LogOutputStream:75 - [STDERR_REDIRECT] [Fatal Error] :1:1: Premature end of file.
2026-07-17 09:07:23,381 [ERROR] LogOutputStream:75 - [STDERR_REDIRECT] 
2026-07-17 09:07:24,410 [ERROR] LogOutputStream:75 - [STDERR_REDIRECT] [Fatal Error] :1:1: Premature end of file.
2026-07-17 09:07:24,411 [ERROR] LogOutputStream:75 - [STDERR_REDIRECT] 
2026-07-17 09:07:25,441 [ERROR] LogOutputStream:75 - [STDERR_REDIRECT] [Fatal Error] :1:1: Premature end of file.
2026-07-17 09:07:25,441 [ERROR] LogOutputStream:75 - [STDERR_REDIRECT] 
2026-07-17 09:07:26,374 [ERROR] LogOutputStream:75 - [STDERR_REDIRECT] [Fatal Error] :1:1: Premature end of file.
2026-07-17 09:07:26,375 [ERROR] LogOutputStream:75 - [STDERR_REDIRECT] 
2026-07-17 09:07:27,397 [ERROR] LogOutputStream:75 - [STDERR_REDIRECT] [Fatal Error] :1:1: Premature end of file.
2026-07-17 09:07:27,397 [ERROR] LogOutputStream:75 - [STDERR_REDIRECT] 
2026-07-17 09:07:28,378 [ERROR] LogOutputStream:75 - [STDERR_REDIRECT] [Fatal Error] :1:1: Premature end of file.
2026-07-17 09:07:28,378 [ERROR] LogOutputStream:75 - [STDERR_REDIRECT] 
2026-07-17 09:07:29,443 [ERROR] LogOutputStream:75 - [STDERR_REDIRECT] [Fatal Error] :1:1: Premature end of file.
2026-07-17 09:07:29,443 [ERROR] LogOutputStream:75 - [STDERR_REDIRECT] 
2026-07-17 09:07:30,365 [ERROR] LogOutputStream:75 - [STDERR_REDIRECT] [Fatal Error] :1:1: Premature end of file.
2026-07-17 09:07:30,366 [ERROR] LogOutputStream:75 - [STDERR_REDIRECT] 
2026-07-17 09:07:31,361 [ERROR] LogOutputStream:75 - [STDERR_REDIRECT] [Fatal Error] :1:1: Premature end of file.
2026-07-17 09:07:31,361 [ERROR] LogOutputStream:75 - [STDERR_REDIRECT] 
2026-07-17 09:07:32,384 [ERROR] LogOutputStream:75 - [STDERR_REDIRECT] [Fatal Error] :1:1: Premature end of file.
2026-07-17 09:07:32,384 [ERROR] LogOutputStream:75 - [STDERR_REDIRECT] 
2026-07-17 09:07:33,382 [ERROR] LogOutputStream:75 - [STDERR_REDIRECT] [Fatal Error] :1:1: Premature end of file.
2026-07-17 09:07:33,383 [ERROR] LogOutputStream:75 - [STDERR_REDIRECT] 
2026-07-17 09:07:34,423 [ERROR] LogOutputStream:75 - [STDERR_REDIRECT] [Fatal Error] :1:1: Premature end of file.
2026-07-17 09:07:34,424 [ERROR] LogOutputStream:75 - [STDERR_REDIRECT] 
2026-07-17 09:07:35,382 [ERROR] LogOutputStream:75 - [STDERR_REDIRECT] [Fatal Error] :1:1: Premature end of file.
2026-07-17 09:07:35,382 [ERROR] LogOutputStream:75 - [STDERR_REDIRECT] 
2026-07-17 09:07:36,383 [ERROR] LogOutputStream:75 - [STDERR_REDIRECT] [Fatal Error] :1:1: Premature end of file.
2026-07-17 09:07:36,383 [ERROR] LogOutputStream:75 - [STDERR_REDIRECT] 
2026-07-17 09:07:37,387 [ERROR] LogOutputStream:75 - [STDERR_REDIRECT] [Fatal Error] :1:1: Premature end of file.
2026-07-17 09:07:37,387 [ERROR] LogOutputStream:75 - [STDERR_REDIRECT] 
2026-07-17 09:07:38,382 [ERROR] LogOutputStream:75 - [STDERR_REDIRECT] [Fatal Error] :1:1: Premature end of file.
2026-07-17 09:07:38,382 [ERROR] LogOutputStream:75 - [STDERR_REDIRECT] 
2026-07-17 09:07:39,431 [ERROR] LogOutputStream:75 - [STDERR_REDIRECT] [Fatal Error] :1:1: Premature end of file.
2026-07-17 09:07:39,431 [ERROR] LogOutputStream:75 - [STDERR_REDIRECT] 
2026-07-17 09:07:40,397 [ERROR] LogOutputStream:75 - [STDERR_REDIRECT] [Fatal Error] :1:1: Premature end of file.
2026-07-17 09:07:40,397 [ERROR] LogOutputStream:75 - [STDERR_REDIRECT] 
2026-07-17 09:07:41,380 [ERROR] LogOutputStream:75 - [STDERR_REDIRECT] [Fatal Error] :1:1: Premature end of file.
2026-07-17 09:07:41,380 [ERROR] LogOutputStream:75 - [STDERR_REDIRECT] 
2026-07-17 09:07:42,389 [ERROR] LogOutputStream:75 - [STDERR_REDIRECT] [Fatal Error] :1:1: Premature end of file.
2026-07-17 09:07:42,389 [ERROR] LogOutputStream:75 - [STDERR_REDIRECT] 
2026-07-17 09:07:43,376 [ERROR] LogOutputStream:75 - [STDERR_REDIRECT] [Fatal Error] :1:1: Premature end of file.
2026-07-17 09:07:43,376 [ERROR] LogOutputStream:75 - [STDERR_REDIRECT] 
2026-07-17 09:07:44,391 [ERROR] LogOutputStream:75 - [STDERR_REDIRECT] [Fatal Error] :1:1: Premature end of file.
2026-07-17 09:07:44,391 [ERROR] LogOutputStream:75 - [STDERR_REDIRECT] 
2026-07-17 09:07:45,386 [ERROR] LogOutputStream:75 - [STDERR_REDIRECT] [Fatal Error] :1:1: Premature end of file.
2026-07-17 09:07:45,386 [ERROR] LogOutputStream:75 - [STDERR_REDIRECT] 
2026-07-17 09:07:46,367 [ERROR] LogOutputStream:75 - [STDERR_REDIRECT] [Fatal Error] :1:1: Premature end of file.
2026-07-17 09:07:46,367 [ERROR] LogOutputStream:75 - [STDERR_REDIRECT] 
2026-07-17 09:07:47,378 [ERROR] LogOutputStream:75 - [STDERR_REDIRECT] [Fatal Error] :1:1: Premature end of file.
2026-07-17 09:07:47,378 [ERROR] LogOutputStream:75 - [STDERR_REDIRECT] 
2026-07-17 09:07:48,371 [ERROR] LogOutputStream:75 - [STDERR_REDIRECT] [Fatal Error] :1:1: Premature end of file.
2026-07-17 09:07:48,371 [ERROR] LogOutputStream:75 - [STDERR_REDIRECT] 
2026-07-17 09:07:49,381 [ERROR] LogOutputStream:75 - [STDERR_REDIRECT] [Fatal Error] :1:1: Premature end of file.
2026-07-17 09:07:49,381 [ERROR] LogOutputStream:75 - [STDERR_REDIRECT] 
2026-07-17 09:07:50,385 [ERROR] LogOutputStream:75 - [STDERR_REDIRECT] [Fatal Error] :1:1: Premature end of file.
2026-07-17 09:07:50,385 [ERROR] LogOutputStream:75 - [STDERR_REDIRECT] 
2026-07-17 09:07:51,373 [ERROR] LogOutputStream:75 - [STDERR_REDIRECT] [Fatal Error] :1:1: Premature end of file.
2026-07-17 09:07:51,373 [ERROR] LogOutputStream:75 - [STDERR_REDIRECT] 
2026-07-17 09:07:52,376 [ERROR] LogOutputStream:75 - [STDERR_REDIRECT] [Fatal Error] :1:1: Premature end of file.
2026-07-17 09:07:52,376 [ERROR] LogOutputStream:75 - [STDERR_REDIRECT] 
2026-07-17 09:07:53,375 [ERROR] LogOutputStream:75 - [STDERR_REDIRECT] [Fatal Error] :1:1: Premature end of file.
2026-07-17 09:07:53,375 [ERROR] LogOutputStream:75 - [STDERR_REDIRECT] 
2026-07-17 09:07:54,375 [ERROR] LogOutputStream:75 - [STDERR_REDIRECT] [Fatal Error] :1:1: Premature end of file.
2026-07-17 09:07:54,375 [ERROR] LogOutputStream:75 - [STDERR_REDIRECT] 
2026-07-17 09:07:55,373 [ERROR] LogOutputStream:75 - [STDERR_REDIRECT] [Fatal Error] :1:1: Premature end of file.
2026-07-17 09:07:55,373 [ERROR] LogOutputStream:75 - [STDERR_REDIRECT] 
2026-07-17 09:07:56,369 [ERROR] LogOutputStream:75 - [STDERR_REDIRECT] [Fatal Error] :1:1: Premature end of file.
2026-07-17 09:07:56,369 [ERROR] LogOutputStream:75 - [STDERR_REDIRECT] 
2026-07-17 09:07:57,390 [ERROR] LogOutputStream:75 - [STDERR_REDIRECT] [Fatal Error] :1:1: Premature end of file.
2026-07-17 09:07:57,390 [ERROR] LogOutputStream:75 - [STDERR_REDIRECT] 
2026-07-17 09:07:58,398 [ERROR] LogOutputStream:75 - [STDERR_REDIRECT] [Fatal Error] :1:1: Premature end of file.
2026-07-17 09:07:58,398 [ERROR] LogOutputStream:75 - [STDERR_REDIRECT] 
2026-07-17 09:07:59,380 [ERROR] LogOutputStream:75 - [STDERR_REDIRECT] [Fatal Error] :1:1: Premature end of file.
2026-07-17 09:07:59,380 [ERROR] LogOutputStream:75 - [STDERR_REDIRECT] 
2026-07-17 09:08:00,377 [ERROR] LogOutputStream:75 - [STDERR_REDIRECT] [Fatal Error] :1:1: Premature end of file.
2026-07-17 09:08:00,377 [ERROR] LogOutputStream:75 - [STDERR_REDIRECT] 
2026-07-17 09:08:01,383 [ERROR] LogOutputStream:75 - [STDERR_REDIRECT] [Fatal Error] :1:1: Premature end of file.
2026-07-17 09:08:01,383 [ERROR] LogOutputStream:75 - [STDERR_REDIRECT] 
2026-07-17 09:08:02,389 [ERROR] LogOutputStream:75 - [STDERR_REDIRECT] [Fatal Error] :1:1: Premature end of file.
2026-07-17 09:08:02,389 [ERROR] LogOutputStream:75 - [STDERR_REDIRECT] 
2026-07-17 09:08:03,381 [ERROR] LogOutputStream:75 - [STDERR_REDIRECT] [Fatal Error] :1:1: Premature end of file.
2026-07-17 09:08:03,381 [ERROR] LogOutputStream:75 - [STDERR_REDIRECT] 
2026-07-17 09:08:04,382 [ERROR] LogOutputStream:75 - [STDERR_REDIRECT] [Fatal Error] :1:1: Premature end of file.
2026-07-17 09:08:04,382 [ERROR] LogOutputStream:75 - [STDERR_REDIRECT] 
2026-07-17 09:08:05,411 [ERROR] LogOutputStream:75 - [STDERR_REDIRECT] [Fatal Error] :1:1: Premature end of file.
2026-07-17 09:08:05,411 [ERROR] LogOutputStream:75 - [STDERR_REDIRECT] 
2026-07-17 09:08:06,387 [ERROR] LogOutputStream:75 - [STDERR_REDIRECT] [Fatal Error] :1:1: Premature end of file.
2026-07-17 09:08:06,387 [ERROR] LogOutputStream:75 - [STDERR_REDIRECT] 
2026-07-17 09:08:07,369 [ERROR] LogOutputStream:75 - [STDERR_REDIRECT] [Fatal Error] :1:1: Premature end of file.
2026-07-17 09:08:07,369 [ERROR] LogOutputStream:75 - [STDERR_REDIRECT] 
2026-07-17 09:08:08,387 [ERROR] LogOutputStream:75 - [STDERR_REDIRECT] [Fatal Error] :1:1: Premature end of file.
2026-07-17 09:08:08,387 [ERROR] LogOutputStream:75 - [STDERR_REDIRECT] 
2026-07-17 09:08:09,376 [ERROR] LogOutputStream:75 - [STDERR_REDIRECT] [Fatal Error] :1:1: Premature end of file.
2026-07-17 09:08:09,376 [ERROR] LogOutputStream:75 - [STDERR_REDIRECT] 
2026-07-17 09:08:10,371 [ERROR] LogOutputStream:75 - [STDERR_REDIRECT] [Fatal Error] :1:1: Premature end of file.
2026-07-17 09:08:10,371 [ERROR] LogOutputStream:75 - [STDERR_REDIRECT] 
2026-07-17 09:08:11,387 [ERROR] LogOutputStream:75 - [STDERR_REDIRECT] [Fatal Error] :1:1: Premature end of file.
2026-07-17 09:08:11,387 [ERROR] LogOutputStream:75 - [STDERR_REDIRECT] 
2026-07-17 09:08:12,391 [ERROR] LogOutputStream:75 - [STDERR_REDIRECT] [Fatal Error] :1:1: Premature end of file.
2026-07-17 09:08:12,391 [ERROR] LogOutputStream:75 - [STDERR_REDIRECT] 
2026-07-17 09:08:13,384 [ERROR] LogOutputStream:75 - [STDERR_REDIRECT] [Fatal Error] :1:1: Premature end of file.
2026-07-17 09:08:13,384 [ERROR] LogOutputStream:75 - [STDERR_REDIRECT] 
2026-07-17 09:08:14,387 [ERROR] LogOutputStream:75 - [STDERR_REDIRECT] [Fatal Error] :1:1: Premature end of file.
2026-07-17 09:08:14,387 [ERROR] LogOutputStream:75 - [STDERR_REDIRECT] 
2026-07-17 09:08:15,387 [ERROR] LogOutputStream:75 - [STDERR_REDIRECT] [Fatal Error] :1:1: Premature end of file.
2026-07-17 09:08:15,387 [ERROR] LogOutputStream:75 - [STDERR_REDIRECT] 
2026-07-17 09:08:16,375 [ERROR] LogOutputStream:75 - [STDERR_REDIRECT] [Fatal Error] :1:1: Premature end of file.
2026-07-17 09:08:16,375 [ERROR] LogOutputStream:75 - [STDERR_REDIRECT] 
2026-07-17 09:08:17,374 [ERROR] LogOutputStream:75 - [STDERR_REDIRECT] [Fatal Error] :1:1: Premature end of file.
2026-07-17 09:08:17,374 [ERROR] LogOutputStream:75 - [STDERR_REDIRECT] 
2026-07-17 09:08:18,384 [ERROR] LogOutputStream:75 - [STDERR_REDIRECT] [Fatal Error] :1:1: Premature end of file.
2026-07-17 09:08:18,384 [ERROR] LogOutputStream:75 - [STDERR_REDIRECT] 
2026-07-17 09:08:19,383 [ERROR] LogOutputStream:75 - [STDERR_REDIRECT] [Fatal Error] :1:1: Premature end of file.
2026-07-17 09:08:19,383 [ERROR] LogOutputStream:75 - [STDERR_REDIRECT] 
2026-07-17 09:08:20,374 [ERROR] LogOutputStream:75 - [STDERR_REDIRECT] [Fatal Error] :1:1: Premature end of file.
2026-07-17 09:08:20,374 [ERROR] LogOutputStream:75 - [STDERR_REDIRECT] 
2026-07-17 09:08:21,379 [ERROR] LogOutputStream:75 - [STDERR_REDIRECT] [Fatal Error] :1:1: Premature end of file.
2026-07-17 09:08:21,379 [ERROR] LogOutputStream:75 - [STDERR_REDIRECT] 
2026-07-17 09:08:22,377 [ERROR] LogOutputStream:75 - [STDERR_REDIRECT] [Fatal Error] :1:1: Premature end of file.
2026-07-17 09:08:22,377 [ERROR] LogOutputStream:75 - [STDERR_REDIRECT] 
2026-07-17 09:08:23,381 [ERROR] LogOutputStream:75 - [STDERR_REDIRECT] [Fatal Error] :1:1: Premature end of file.
2026-07-17 09:08:23,381 [ERROR] LogOutputStream:75 - [STDERR_REDIRECT] 
2026-07-17 09:08:24,371 [ERROR] LogOutputStream:75 - [STDERR_REDIRECT] [Fatal Error] :1:1: Premature end of file.
2026-07-17 09:08:24,372 [ERROR] LogOutputStream:75 - [STDERR_REDIRECT] 
2026-07-17 09:08:25,377 [ERROR] LogOutputStream:75 - [STDERR_REDIRECT] [Fatal Error] :1:1: Premature end of file.
2026-07-17 09:08:25,378 [ERROR] LogOutputStream:75 - [STDERR_REDIRECT] 
2026-07-17 09:08:26,376 [ERROR] LogOutputStream:75 - [STDERR_REDIRECT] [Fatal Error] :1:1: Premature end of file.
2026-07-17 09:08:26,377 [ERROR] LogOutputStream:75 - [STDERR_REDIRECT] 
2026-07-17 09:08:27,370 [ERROR] LogOutputStream:75 - [STDERR_REDIRECT] [Fatal Error] :1:1: Premature end of file.
2026-07-17 09:08:27,370 [ERROR] LogOutputStream:75 - [STDERR_REDIRECT] 
2026-07-17 09:08:28,366 [ERROR] LogOutputStream:75 - [STDERR_REDIRECT] [Fatal Error] :1:1: Premature end of file.
2026-07-17 09:08:28,367 [ERROR] LogOutputStream:75 - [STDERR_REDIRECT] 
2026-07-17 09:08:29,381 [ERROR] LogOutputStream:75 - [STDERR_REDIRECT] [Fatal Error] :1:1: Premature end of file.
2026-07-17 09:08:29,381 [ERROR] LogOutputStream:75 - [STDERR_REDIRECT] 
2026-07-17 09:08:30,377 [ERROR] LogOutputStream:75 - [STDERR_REDIRECT] [Fatal Error] :1:1: Premature end of file.
2026-07-17 09:08:30,378 [ERROR] LogOutputStream:75 - [STDERR_REDIRECT] 
2026-07-17 09:08:31,375 [ERROR] LogOutputStream:75 - [STDERR_REDIRECT] [Fatal Error] :1:1: Premature end of file.
2026-07-17 09:08:31,375 [ERROR] LogOutputStream:75 - [STDERR_REDIRECT] 
2026-07-17 09:08:32,377 [ERROR] LogOutputStream:75 - [STDERR_REDIRECT] [Fatal Error] :1:1: Premature end of file.
2026-07-17 09:08:32,377 [ERROR] LogOutputStream:75 - [STDERR_REDIRECT] 
2026-07-17 09:08:33,366 [ERROR] LogOutputStream:75 - [STDERR_REDIRECT] [Fatal Error] :1:1: Premature end of file.
2026-07-17 09:08:33,366 [ERROR] LogOutputStream:75 - [STDERR_REDIRECT] 
2026-07-17 09:08:34,383 [ERROR] LogOutputStream:75 - [STDERR_REDIRECT] [Fatal Error] :1:1: Premature end of file.
2026-07-17 09:08:34,383 [ERROR] LogOutputStream:75 - [STDERR_REDIRECT] 
2026-07-17 09:08:35,394 [ERROR] LogOutputStream:75 - [STDERR_REDIRECT] [Fatal Error] :1:1: Premature end of file.
2026-07-17 09:08:35,394 [ERROR] LogOutputStream:75 - [STDERR_REDIRECT] 
2026-07-17 09:08:36,388 [ERROR] LogOutputStream:75 - [STDERR_REDIRECT] [Fatal Error] :1:1: Premature end of file.
2026-07-17 09:08:36,388 [ERROR] LogOutputStream:75 - [STDERR_REDIRECT] 
2026-07-17 09:08:37,379 [ERROR] LogOutputStream:75 - [STDERR_REDIRECT] [Fatal Error] :1:1: Premature end of file.
2026-07-17 09:08:37,379 [ERROR] LogOutputStream:75 - [STDERR_REDIRECT] 
2026-07-17 09:08:38,374 [ERROR] LogOutputStream:75 - [STDERR_REDIRECT] [Fatal Error] :1:1: Premature end of file.
2026-07-17 09:08:38,374 [ERROR] LogOutputStream:75 - [STDERR_REDIRECT] 
2026-07-17 09:08:39,370 [ERROR] LogOutputStream:75 - [STDERR_REDIRECT] [Fatal Error] :1:1: Premature end of file.
2026-07-17 09:08:39,370 [ERROR] LogOutputStream:75 - [STDERR_REDIRECT] 
2026-07-17 09:08:40,369 [ERROR] LogOutputStream:75 - [STDERR_REDIRECT] [Fatal Error] :1:1: Premature end of file.
2026-07-17 09:08:40,369 [ERROR] LogOutputStream:75 - [STDERR_REDIRECT] 
2026-07-17 09:08:41,375 [ERROR] LogOutputStream:75 - [STDERR_REDIRECT] [Fatal Error] :1:1: Premature end of file.
2026-07-17 09:08:41,375 [ERROR] LogOutputStream:75 - [STDERR_REDIRECT] 
2026-07-17 09:08:42,368 [ERROR] LogOutputStream:75 - [STDERR_REDIRECT] [Fatal Error] :1:1: Premature end of file.
2026-07-17 09:08:42,368 [ERROR] LogOutputStream:75 - [STDERR_REDIRECT] 
2026-07-17 09:08:43,367 [ERROR] LogOutputStream:75 - [STDERR_REDIRECT] [Fatal Error] :1:1: Premature end of file.
2026-07-17 09:08:43,367 [ERROR] LogOutputStream:75 - [STDERR_REDIRECT] 
2026-07-17 09:08:44,372 [ERROR] LogOutputStream:75 - [STDERR_REDIRECT] [Fatal Error] :1:1: Premature end of file.
2026-07-17 09:08:44,373 [ERROR] LogOutputStream:75 - [STDERR_REDIRECT] 
2026-07-17 09:08:45,366 [ERROR] LogOutputStream:75 - [STDERR_REDIRECT] [Fatal Error] :1:1: Premature end of file.
2026-07-17 09:08:45,366 [ERROR] LogOutputStream:75 - [STDERR_REDIRECT] 
2026-07-17 09:08:46,365 [ERROR] LogOutputStream:75 - [STDERR_REDIRECT] [Fatal Error] :1:1: Premature end of file.
2026-07-17 09:08:46,365 [ERROR] LogOutputStream:75 - [STDERR_REDIRECT] 
2026-07-17 09:08:47,369 [ERROR] LogOutputStream:75 - [STDERR_REDIRECT] [Fatal Error] :1:1: Premature end of file.
2026-07-17 09:08:47,369 [ERROR] LogOutputStream:75 - [STDERR_REDIRECT] 
2026-07-17 09:08:48,378 [ERROR] LogOutputStream:75 - [STDERR_REDIRECT] [Fatal Error] :1:1: Premature end of file.
2026-07-17 09:08:48,378 [ERROR] LogOutputStream:75 - [STDERR_REDIRECT] 
2026-07-17 09:08:49,371 [ERROR] LogOutputStream:75 - [STDERR_REDIRECT] [Fatal Error] :1:1: Premature end of file.
2026-07-17 09:08:49,371 [ERROR] LogOutputStream:75 - [STDERR_REDIRECT] 
2026-07-17 09:08:50,369 [ERROR] LogOutputStream:75 - [STDERR_REDIRECT] [Fatal Error] :1:1: Premature end of file.
2026-07-17 09:08:50,369 [ERROR] LogOutputStream:75 - [STDERR_REDIRECT] 
2026-07-17 09:08:51,376 [ERROR] LogOutputStream:75 - [STDERR_REDIRECT] [Fatal Error] :1:1: Premature end of file.
2026-07-17 09:08:51,376 [ERROR] LogOutputStream:75 - [STDERR_REDIRECT] 
2026-07-17 09:08:52,372 [ERROR] LogOutputStream:75 - [STDERR_REDIRECT] [Fatal Error] :1:1: Premature end of file.
2026-07-17 09:08:52,372 [ERROR] LogOutputStream:75 - [STDERR_REDIRECT] 
2026-07-17 09:08:53,370 [ERROR] LogOutputStream:75 - [STDERR_REDIRECT] [Fatal Error] :1:1: Premature end of file.
2026-07-17 09:08:53,370 [ERROR] LogOutputStream:75 - [STDERR_REDIRECT] 
2026-07-17 09:08:54,375 [ERROR] LogOutputStream:75 - [STDERR_REDIRECT] [Fatal Error] :1:1: Premature end of file.
2026-07-17 09:08:54,376 [ERROR] LogOutputStream:75 - [STDERR_REDIRECT] 
2026-07-17 09:08:55,374 [ERROR] LogOutputStream:75 - [STDERR_REDIRECT] [Fatal Error] :1:1: Premature end of file.
2026-07-17 09:08:55,375 [ERROR] LogOutputStream:75 - [STDERR_REDIRECT] 
2026-07-17 09:08:56,376 [ERROR] LogOutputStream:75 - [STDERR_REDIRECT] [Fatal Error] :1:1: Premature end of file.
2026-07-17 09:08:56,377 [ERROR] LogOutputStream:75 - [STDERR_REDIRECT] 
2026-07-17 09:08:57,377 [ERROR] LogOutputStream:75 - [STDERR_REDIRECT] [Fatal Error] :1:1: Premature end of file.
2026-07-17 09:08:57,377 [ERROR] LogOutputStream:75 - [STDERR_REDIRECT] 
2026-07-17 09:08:58,377 [ERROR] LogOutputStream:75 - [STDERR_REDIRECT] [Fatal Error] :1:1: Premature end of file.
2026-07-17 09:08:58,377 [ERROR] LogOutputStream:75 - [STDERR_REDIRECT] 
2026-07-17 09:08:59,379 [ERROR] LogOutputStream:75 - [STDERR_REDIRECT] [Fatal Error] :1:1: Premature end of file.
2026-07-17 09:08:59,380 [ERROR] LogOutputStream:75 - [STDERR_REDIRECT] 
2026-07-17 09:09:00,374 [ERROR] LogOutputStream:75 - [STDERR_REDIRECT] [Fatal Error] :1:1: Premature end of file.
2026-07-17 09:09:00,374 [ERROR] LogOutputStream:75 - [STDERR_REDIRECT] 
2026-07-17 09:09:01,380 [ERROR] LogOutputStream:75 - [STDERR_REDIRECT] [Fatal Error] :1:1: Premature end of file.
2026-07-17 09:09:01,380 [ERROR] LogOutputStream:75 - [STDERR_REDIRECT] 
2026-07-17 09:09:02,374 [ERROR] LogOutputStream:75 - [STDERR_REDIRECT] [Fatal Error] :1:1: Premature end of file.
2026-07-17 09:09:02,374 [ERROR] LogOutputStream:75 - [STDERR_REDIRECT] 
2026-07-17 09:09:03,379 [ERROR] LogOutputStream:75 - [STDERR_REDIRECT] [Fatal Error] :1:1: Premature end of file.
2026-07-17 09:09:03,379 [ERROR] LogOutputStream:75 - [STDERR_REDIRECT] 
2026-07-17 09:09:04,369 [ERROR] LogOutputStream:75 - [STDERR_REDIRECT] [Fatal Error] :1:1: Premature end of file.
2026-07-17 09:09:04,369 [ERROR] LogOutputStream:75 - [STDERR_REDIRECT] 
2026-07-17 09:09:05,375 [ERROR] LogOutputStream:75 - [STDERR_REDIRECT] [Fatal Error] :1:1: Premature end of file.
2026-07-17 09:09:05,375 [ERROR] LogOutputStream:75 - [STDERR_REDIRECT] 
2026-07-17 09:09:06,379 [ERROR] LogOutputStream:75 - [STDERR_REDIRECT] [Fatal Error] :1:1: Premature end of file.
2026-07-17 09:09:06,379 [ERROR] LogOutputStream:75 - [STDERR_REDIRECT] 
2026-07-17 09:09:07,367 [ERROR] LogOutputStream:75 - [STDERR_REDIRECT] [Fatal Error] :1:1: Premature end of file.
2026-07-17 09:09:07,367 [ERROR] LogOutputStream:75 - [STDERR_REDIRECT] 
2026-07-17 09:09:08,384 [ERROR] LogOutputStream:75 - [STDERR_REDIRECT] [Fatal Error] :1:1: Premature end of file.
2026-07-17 09:09:08,384 [ERROR] LogOutputStream:75 - [STDERR_REDIRECT] 
2026-07-17 09:09:09,382 [ERROR] LogOutputStream:75 - [STDERR_REDIRECT] [Fatal Error] :1:1: Premature end of file.
2026-07-17 09:09:09,382 [ERROR] LogOutputStream:75 - [STDERR_REDIRECT] 
2026-07-17 09:09:10,371 [ERROR] LogOutputStream:75 - [STDERR_REDIRECT] [Fatal Error] :1:1: Premature end of file.
2026-07-17 09:09:10,371 [ERROR] LogOutputStream:75 - [STDERR_REDIRECT] 
2026-07-17 09:09:11,361 [ERROR] LogOutputStream:75 - [STDERR_REDIRECT] [Fatal Error] :1:1: Premature end of file.
2026-07-17 09:09:11,361 [ERROR] LogOutputStream:75 - [STDERR_REDIRECT] 
2026-07-17 09:09:12,363 [ERROR] LogOutputStream:75 - [STDERR_REDIRECT] [Fatal Error] :1:1: Premature end of file.
2026-07-17 09:09:12,363 [ERROR] LogOutputStream:75 - [STDERR_REDIRECT] 
2026-07-17 09:09:13,365 [ERROR] LogOutputStream:75 - [STDERR_REDIRECT] [Fatal Error] :1:1: Premature end of file.
2026-07-17 09:09:13,365 [ERROR] LogOutputStream:75 - [STDERR_REDIRECT] 
2026-07-17 09:09:14,386 [ERROR] LogOutputStream:75 - [STDERR_REDIRECT] [Fatal Error] :1:1: Premature end of file.
2026-07-17 09:09:14,386 [ERROR] LogOutputStream:75 - [STDERR_REDIRECT] 
2026-07-17 09:09:15,377 [ERROR] LogOutputStream:75 - [STDERR_REDIRECT] [Fatal Error] :1:1: Premature end of file.
2026-07-17 09:09:15,377 [ERROR] LogOutputStream:75 - [STDERR_REDIRECT] 
2026-07-17 09:09:16,376 [ERROR] LogOutputStream:75 - [STDERR_REDIRECT] [Fatal Error] :1:1: Premature end of file.
2026-07-17 09:09:16,376 [ERROR] LogOutputStream:75 - [STDERR_REDIRECT] 
2026-07-17 09:09:17,377 [ERROR] LogOutputStream:75 - [STDERR_REDIRECT] [Fatal Error] :1:1: Premature end of file.
2026-07-17 09:09:17,377 [ERROR] LogOutputStream:75 - [STDERR_REDIRECT] 
2026-07-17 09:09:18,374 [ERROR] LogOutputStream:75 - [STDERR_REDIRECT] [Fatal Error] :1:1: Premature end of file.
2026-07-17 09:09:18,374 [ERROR] LogOutputStream:75 - [STDERR_REDIRECT] 
2026-07-17 09:09:19,383 [ERROR] LogOutputStream:75 - [STDERR_REDIRECT] [Fatal Error] :1:1: Premature end of file.
2026-07-17 09:09:19,383 [ERROR] LogOutputStream:75 - [STDERR_REDIRECT] 
2026-07-17 09:09:20,372 [ERROR] LogOutputStream:75 - [STDERR_REDIRECT] [Fatal Error] :1:1: Premature end of file.
2026-07-17 09:09:20,372 [ERROR] LogOutputStream:75 - [STDERR_REDIRECT] 
2026-07-17 09:09:21,378 [ERROR] LogOutputStream:75 - [STDERR_REDIRECT] [Fatal Error] :1:1: Premature end of file.
2026-07-17 09:09:21,378 [ERROR] LogOutputStream:75 - [STDERR_REDIRECT] 
2026-07-17 09:09:22,377 [ERROR] LogOutputStream:75 - [STDERR_REDIRECT] [Fatal Error] :1:1: Premature end of file.
2026-07-17 09:09:22,377 [ERROR] LogOutputStream:75 - [STDERR_REDIRECT] 
2026-07-17 09:09:23,388 [ERROR] LogOutputStream:75 - [STDERR_REDIRECT] [Fatal Error] :1:1: Premature end of file.
2026-07-17 09:09:23,388 [ERROR] LogOutputStream:75 - [STDERR_REDIRECT] 
2026-07-17 09:09:24,385 [ERROR] LogOutputStream:75 - [STDERR_REDIRECT] [Fatal Error] :1:1: Premature end of file.
2026-07-17 09:09:24,385 [ERROR] LogOutputStream:75 - [STDERR_REDIRECT] 
2026-07-17 09:09:25,389 [ERROR] LogOutputStream:75 - [STDERR_REDIRECT] [Fatal Error] :1:1: Premature end of file.
2026-07-17 09:09:25,389 [ERROR] LogOutputStream:75 - [STDERR_REDIRECT] 
2026-07-17 09:09:26,388 [ERROR] LogOutputStream:75 - [STDERR_REDIRECT] [Fatal Error] :1:1: Premature end of file.
2026-07-17 09:09:26,388 [ERROR] LogOutputStream:75 - [STDERR_REDIRECT] 
2026-07-17 09:09:27,467 [ERROR] LogOutputStream:75 - [STDERR_REDIRECT] [Fatal Error] :1:1: Premature end of file.
2026-07-17 09:09:27,467 [ERROR] LogOutputStream:75 - [STDERR_REDIRECT] 
2026-07-17 09:09:28,384 [ERROR] LogOutputStream:75 - [STDERR_REDIRECT] [Fatal Error] :1:1: Premature end of file.
2026-07-17 09:09:28,384 [ERROR] LogOutputStream:75 - [STDERR_REDIRECT] 
2026-07-17 09:09:29,378 [ERROR] LogOutputStream:75 - [STDERR_REDIRECT] [Fatal Error] :1:1: Premature end of file.
2026-07-17 09:09:29,378 [ERROR] LogOutputStream:75 - [STDERR_REDIRECT] 
2026-07-17 09:09:30,376 [ERROR] LogOutputStream:75 - [STDERR_REDIRECT] [Fatal Error] :1:1: Premature end of file.
2026-07-17 09:09:30,376 [ERROR] LogOutputStream:75 - [STDERR_REDIRECT] 
2026-07-17 09:09:31,379 [ERROR] LogOutputStream:75 - [STDERR_REDIRECT] [Fatal Error] :1:1: Premature end of file.
2026-07-17 09:09:31,379 [ERROR] LogOutputStream:75 - [STDERR_REDIRECT] 
2026-07-17 09:09:32,385 [ERROR] LogOutputStream:75 - [STDERR_REDIRECT] [Fatal Error] :1:1: Premature end of file.
2026-07-17 09:09:32,389 [ERROR] LogOutputStream:75 - [STDERR_REDIRECT] 
2026-07-17 09:09:33,384 [ERROR] LogOutputStream:75 - [STDERR_REDIRECT] [Fatal Error] :1:1: Premature end of file.
2026-07-17 09:09:33,384 [ERROR] LogOutputStream:75 - [STDERR_REDIRECT] 
2026-07-17 09:09:34,393 [ERROR] LogOutputStream:75 - [STDERR_REDIRECT] [Fatal Error] :1:1: Premature end of file.
2026-07-17 09:09:34,393 [ERROR] LogOutputStream:75 - [STDERR_REDIRECT] 
2026-07-17 09:09:35,381 [ERROR] LogOutputStream:75 - [STDERR_REDIRECT] [Fatal Error] :1:1: Premature end of file.
2026-07-17 09:09:35,381 [ERROR] LogOutputStream:75 - [STDERR_REDIRECT] 
2026-07-17 09:09:36,390 [ERROR] LogOutputStream:75 - [STDERR_REDIRECT] [Fatal Error] :1:1: Premature end of file.
2026-07-17 09:09:36,390 [ERROR] LogOutputStream:75 - [STDERR_REDIRECT] 
2026-07-17 09:09:37,384 [ERROR] LogOutputStream:75 - [STDERR_REDIRECT] [Fatal Error] :1:1: Premature end of file.
2026-07-17 09:09:37,384 [ERROR] LogOutputStream:75 - [STDERR_REDIRECT] 
2026-07-17 09:09:38,389 [ERROR] LogOutputStream:75 - [STDERR_REDIRECT] [Fatal Error] :1:1: Premature end of file.
2026-07-17 09:09:38,389 [ERROR] LogOutputStream:75 - [STDERR_REDIRECT] 
2026-07-17 09:09:39,383 [ERROR] LogOutputStream:75 - [STDERR_REDIRECT] [Fatal Error] :1:1: Premature end of file.
2026-07-17 09:09:39,383 [ERROR] LogOutputStream:75 - [STDERR_REDIRECT] 
2026-07-17 09:09:40,390 [ERROR] LogOutputStream:75 - [STDERR_REDIRECT] [Fatal Error] :1:1: Premature end of file.
2026-07-17 09:09:40,391 [ERROR] LogOutputStream:75 - [STDERR_REDIRECT] 
2026-07-17 09:09:41,392 [ERROR] LogOutputStream:75 - [STDERR_REDIRECT] [Fatal Error] :1:1: Premature end of file.
2026-07-17 09:09:41,392 [ERROR] LogOutputStream:75 - [STDERR_REDIRECT] 
2026-07-17 09:09:42,386 [ERROR] LogOutputStream:75 - [STDERR_REDIRECT] [Fatal Error] :1:1: Premature end of file.
2026-07-17 09:09:42,386 [ERROR] LogOutputStream:75 - [STDERR_REDIRECT] 
2026-07-17 09:09:43,386 [ERROR] LogOutputStream:75 - [STDERR_REDIRECT] [Fatal Error] :1:1: Premature end of file.
2026-07-17 09:09:43,386 [ERROR] LogOutputStream:75 - [STDERR_REDIRECT] 
2026-07-17 09:09:44,383 [ERROR] LogOutputStream:75 - [STDERR_REDIRECT] [Fatal Error] :1:1: Premature end of file.
2026-07-17 09:09:44,385 [ERROR] LogOutputStream:75 - [STDERR_REDIRECT] 
2026-07-17 09:09:45,385 [ERROR] LogOutputStream:75 - [STDERR_REDIRECT] [Fatal Error] :1:1: Premature end of file.
2026-07-17 09:09:45,385 [ERROR] LogOutputStream:75 - [STDERR_REDIRECT] 
2026-07-17 09:09:46,392 [ERROR] LogOutputStream:75 - [STDERR_REDIRECT] [Fatal Error] :1:1: Premature end of file.
2026-07-17 09:09:46,392 [ERROR] LogOutputStream:75 - [STDERR_REDIRECT] 
2026-07-17 09:09:47,385 [ERROR] LogOutputStream:75 - [STDERR_REDIRECT] [Fatal Error] :1:1: Premature end of file.
2026-07-17 09:09:47,385 [ERROR] LogOutputStream:75 - [STDERR_REDIRECT] 
2026-07-17 09:09:48,385 [ERROR] LogOutputStream:75 - [STDERR_REDIRECT] [Fatal Error] :1:1: Premature end of file.
2026-07-17 09:09:48,385 [ERROR] LogOutputStream:75 - [STDERR_REDIRECT] 
2026-07-17 09:09:49,389 [ERROR] LogOutputStream:75 - [STDERR_REDIRECT] [Fatal Error] :1:1: Premature end of file.
2026-07-17 09:09:49,389 [ERROR] LogOutputStream:75 - [STDERR_REDIRECT] 
2026-07-17 09:09:50,383 [ERROR] LogOutputStream:75 - [STDERR_REDIRECT] [Fatal Error] :1:1: Premature end of file.
2026-07-17 09:09:50,383 [ERROR] LogOutputStream:75 - [STDERR_REDIRECT] 
2026-07-17 09:09:51,404 [ERROR] LogOutputStream:75 - [STDERR_REDIRECT] [Fatal Error] :1:1: Premature end of file.
2026-07-17 09:09:51,404 [ERROR] LogOutputStream:75 - [STDERR_REDIRECT] 
2026-07-17 09:09:52,383 [ERROR] LogOutputStream:75 - [STDERR_REDIRECT] [Fatal Error] :1:1: Premature end of file.
2026-07-17 09:09:52,383 [ERROR] LogOutputStream:75 - [STDERR_REDIRECT] 
2026-07-17 09:09:53,366 [ERROR] LogOutputStream:75 - [STDERR_REDIRECT] [Fatal Error] :1:1: Premature end of file.
2026-07-17 09:09:53,369 [ERROR] LogOutputStream:75 - [STDERR_REDIRECT] 
2026-07-17 09:09:54,386 [ERROR] LogOutputStream:75 - [STDERR_REDIRECT] [Fatal Error] :1:1: Premature end of file.
2026-07-17 09:09:54,386 [ERROR] LogOutputStream:75 - [STDERR_REDIRECT] 
2026-07-17 09:09:55,379 [ERROR] LogOutputStream:75 - [STDERR_REDIRECT] [Fatal Error] :1:1: Premature end of file.
2026-07-17 09:09:55,379 [ERROR] LogOutputStream:75 - [STDERR_REDIRECT] 
2026-07-17 09:09:56,378 [ERROR] LogOutputStream:75 - [STDERR_REDIRECT] [Fatal Error] :1:1: Premature end of file.
2026-07-17 09:09:56,378 [ERROR] LogOutputStream:75 - [STDERR_REDIRECT] 
2026-07-17 09:09:57,385 [ERROR] LogOutputStream:75 - [STDERR_REDIRECT] [Fatal Error] :1:1: Premature end of file.
2026-07-17 09:09:57,385 [ERROR] LogOutputStream:75 - [STDERR_REDIRECT] 
2026-07-17 09:09:58,383 [ERROR] LogOutputStream:75 - [STDERR_REDIRECT] [Fatal Error] :1:1: Premature end of file.
2026-07-17 09:09:58,383 [ERROR] LogOutputStream:75 - [STDERR_REDIRECT] 
2026-07-17 09:09:59,385 [ERROR] LogOutputStream:75 - [STDERR_REDIRECT] [Fatal Error] :1:1: Premature end of file.
2026-07-17 09:09:59,385 [ERROR] LogOutputStream:75 - [STDERR_REDIRECT] 
2026-07-17 09:10:00,385 [ERROR] LogOutputStream:75 - [STDERR_REDIRECT] [Fatal Error] :1:1: Premature end of file.
2026-07-17 09:10:00,385 [ERROR] LogOutputStream:75 - [STDERR_REDIRECT] 
2026-07-17 09:10:01,385 [ERROR] LogOutputStream:75 - [STDERR_REDIRECT] [Fatal Error] :1:1: Premature end of file.
2026-07-17 09:10:01,385 [ERROR] LogOutputStream:75 - [STDERR_REDIRECT] 
2026-07-17 09:10:02,385 [ERROR] LogOutputStream:75 - [STDERR_REDIRECT] [Fatal Error] :1:1: Premature end of file.
2026-07-17 09:10:02,385 [ERROR] LogOutputStream:75 - [STDERR_REDIRECT] 
2026-07-17 09:10:03,385 [ERROR] LogOutputStream:75 - [STDERR_REDIRECT] [Fatal Error] :1:1: Premature end of file.
2026-07-17 09:10:03,385 [ERROR] LogOutputStream:75 - [STDERR_REDIRECT] 
2026-07-17 09:10:04,378 [ERROR] LogOutputStream:75 - [STDERR_REDIRECT] [Fatal Error] :1:1: Premature end of file.
2026-07-17 09:10:04,378 [ERROR] LogOutputStream:75 - [STDERR_REDIRECT] 
2026-07-17 09:10:05,376 [ERROR] LogOutputStream:75 - [STDERR_REDIRECT] [Fatal Error] :1:1: Premature end of file.
2026-07-17 09:10:05,376 [ERROR] LogOutputStream:75 - [STDERR_REDIRECT] 
2026-07-17 09:10:06,389 [ERROR] LogOutputStream:75 - [STDERR_REDIRECT] [Fatal Error] :1:1: Premature end of file.
2026-07-17 09:10:06,389 [ERROR] LogOutputStream:75 - [STDERR_REDIRECT] 
2026-07-17 09:10:07,377 [ERROR] LogOutputStream:75 - [STDERR_REDIRECT] [Fatal Error] :1:1: Premature end of file.
2026-07-17 09:10:07,377 [ERROR] LogOutputStream:75 - [STDERR_REDIRECT] 
2026-07-17 09:10:08,391 [ERROR] LogOutputStream:75 - [STDERR_REDIRECT] [Fatal Error] :1:1: Premature end of file.
2026-07-17 09:10:08,391 [ERROR] LogOutputStream:75 - [STDERR_REDIRECT] 
2026-07-17 09:10:09,384 [ERROR] LogOutputStream:75 - [STDERR_REDIRECT] [Fatal Error] :1:1: Premature end of file.
2026-07-17 09:10:09,384 [ERROR] LogOutputStream:75 - [STDERR_REDIRECT] 
2026-07-17 09:10:10,405 [ERROR] LogOutputStream:75 - [STDERR_REDIRECT] [Fatal Error] :1:1: Premature end of file.
2026-07-17 09:10:10,405 [ERROR] LogOutputStream:75 - [STDERR_REDIRECT] 
2026-07-17 09:10:11,392 [ERROR] LogOutputStream:75 - [STDERR_REDIRECT] [Fatal Error] :1:1: Premature end of file.
2026-07-17 09:10:11,392 [ERROR] LogOutputStream:75 - [STDERR_REDIRECT] 
2026-07-17 09:10:12,391 [ERROR] LogOutputStream:75 - [STDERR_REDIRECT] [Fatal Error] :1:1: Premature end of file.
2026-07-17 09:10:12,391 [ERROR] LogOutputStream:75 - [STDERR_REDIRECT] 
2026-07-17 09:10:13,396 [ERROR] LogOutputStream:75 - [STDERR_REDIRECT] [Fatal Error] :1:1: Premature end of file.
2026-07-17 09:10:13,396 [ERROR] LogOutputStream:75 - [STDERR_REDIRECT] 
2026-07-17 09:10:14,383 [ERROR] LogOutputStream:75 - [STDERR_REDIRECT] [Fatal Error] :1:1: Premature end of file.
2026-07-17 09:10:14,383 [ERROR] LogOutputStream:75 - [STDERR_REDIRECT] 
2026-07-17 09:10:15,396 [ERROR] LogOutputStream:75 - [STDERR_REDIRECT] [Fatal Error] :1:1: Premature end of file.
2026-07-17 09:10:15,396 [ERROR] LogOutputStream:75 - [STDERR_REDIRECT] 
2026-07-17 09:10:16,403 [ERROR] LogOutputStream:75 - [STDERR_REDIRECT] [Fatal Error] :1:1: Premature end of file.
2026-07-17 09:10:16,403 [ERROR] LogOutputStream:75 - [STDERR_REDIRECT] 
2026-07-17 09:10:17,383 [ERROR] LogOutputStream:75 - [STDERR_REDIRECT] [Fatal Error] :1:1: Premature end of file.
2026-07-17 09:10:17,383 [ERROR] LogOutputStream:75 - [STDERR_REDIRECT] 
2026-07-17 09:10:18,382 [ERROR] LogOutputStream:75 - [STDERR_REDIRECT] [Fatal Error] :1:1: Premature end of file.
2026-07-17 09:10:18,382 [ERROR] LogOutputStream:75 - [STDERR_REDIRECT] 
2026-07-17 09:10:19,385 [ERROR] LogOutputStream:75 - [STDERR_REDIRECT] [Fatal Error] :1:1: Premature end of file.
2026-07-17 09:10:19,385 [ERROR] LogOutputStream:75 - [STDERR_REDIRECT] 
2026-07-17 09:10:20,389 [ERROR] LogOutputStream:75 - [STDERR_REDIRECT] [Fatal Error] :1:1: Premature end of file.
2026-07-17 09:10:20,389 [ERROR] LogOutputStream:75 - [STDERR_REDIRECT] 
2026-07-17 09:10:21,392 [ERROR] LogOutputStream:75 - [STDERR_REDIRECT] [Fatal Error] :1:1: Premature end of file.
2026-07-17 09:10:21,392 [ERROR] LogOutputStream:75 - [STDERR_REDIRECT] 
2026-07-17 09:10:22,399 [ERROR] LogOutputStream:75 - [STDERR_REDIRECT] [Fatal Error] :1:1: Premature end of file.
2026-07-17 09:10:22,399 [ERROR] LogOutputStream:75 - [STDERR_REDIRECT] 
2026-07-17 09:10:23,377 [ERROR] LogOutputStream:75 - [STDERR_REDIRECT] [Fatal Error] :1:1: Premature end of file.
2026-07-17 09:10:23,377 [ERROR] LogOutputStream:75 - [STDERR_REDIRECT] 
2026-07-17 09:10:24,384 [ERROR] LogOutputStream:75 - [STDERR_REDIRECT] [Fatal Error] :1:1: Premature end of file.
2026-07-17 09:10:24,384 [ERROR] LogOutputStream:75 - [STDERR_REDIRECT] 
2026-07-17 09:10:25,394 [ERROR] LogOutputStream:75 - [STDERR_REDIRECT] [Fatal Error] :1:1: Premature end of file.
2026-07-17 09:10:25,394 [ERROR] LogOutputStream:75 - [STDERR_REDIRECT] 
2026-07-17 09:10:26,396 [ERROR] LogOutputStream:75 - [STDERR_REDIRECT] [Fatal Error] :1:1: Premature end of file.
2026-07-17 09:10:26,396 [ERROR] LogOutputStream:75 - [STDERR_REDIRECT] 
2026-07-17 09:10:27,399 [ERROR] LogOutputStream:75 - [STDERR_REDIRECT] [Fatal Error] :1:1: Premature end of file.
2026-07-17 09:10:27,399 [ERROR] LogOutputStream:75 - [STDERR_REDIRECT] 
2026-07-17 09:10:28,378 [ERROR] LogOutputStream:75 - [STDERR_REDIRECT] [Fatal Error] :1:1: Premature end of file.
2026-07-17 09:10:28,378 [ERROR] LogOutputStream:75 - [STDERR_REDIRECT] 
2026-07-17 09:10:29,387 [ERROR] LogOutputStream:75 - [STDERR_REDIRECT] [Fatal Error] :1:1: Premature end of file.
2026-07-17 09:10:29,387 [ERROR] LogOutputStream:75 - [STDERR_REDIRECT] 
2026-07-17 09:10:30,391 [ERROR] LogOutputStream:75 - [STDERR_REDIRECT] [Fatal Error] :1:1: Premature end of file.
2026-07-17 09:10:30,391 [ERROR] LogOutputStream:75 - [STDERR_REDIRECT] 
2026-07-17 09:10:31,387 [ERROR] LogOutputStream:75 - [STDERR_REDIRECT] [Fatal Error] :1:1: Premature end of file.
2026-07-17 09:10:31,387 [ERROR] LogOutputStream:75 - [STDERR_REDIRECT] 
2026-07-17 09:10:32,390 [ERROR] LogOutputStream:75 - [STDERR_REDIRECT] [Fatal Error] :1:1: Premature end of file.
2026-07-17 09:10:32,390 [ERROR] LogOutputStream:75 - [STDERR_REDIRECT] 
2026-07-17 09:10:33,384 [ERROR] LogOutputStream:75 - [STDERR_REDIRECT] [Fatal Error] :1:1: Premature end of file.
2026-07-17 09:10:33,384 [ERROR] LogOutputStream:75 - [STDERR_REDIRECT] 
2026-07-17 09:10:34,399 [ERROR] LogOutputStream:75 - [STDERR_REDIRECT] [Fatal Error] :1:1: Premature end of file.
2026-07-17 09:10:34,399 [ERROR] LogOutputStream:75 - [STDERR_REDIRECT] 
2026-07-17 09:10:35,389 [ERROR] LogOutputStream:75 - [STDERR_REDIRECT] [Fatal Error] :1:1: Premature end of file.
2026-07-17 09:10:35,389 [ERROR] LogOutputStream:75 - [STDERR_REDIRECT] 
2026-07-17 09:10:36,384 [ERROR] LogOutputStream:75 - [STDERR_REDIRECT] [Fatal Error] :1:1: Premature end of file.
2026-07-17 09:10:36,384 [ERROR] LogOutputStream:75 - [STDERR_REDIRECT] 
2026-07-17 09:10:37,384 [ERROR] LogOutputStream:75 - [STDERR_REDIRECT] [Fatal Error] :1:1: Premature end of file.
2026-07-17 09:10:37,384 [ERROR] LogOutputStream:75 - [STDERR_REDIRECT] 
2026-07-17 09:10:38,391 [ERROR] LogOutputStream:75 - [STDERR_REDIRECT] [Fatal Error] :1:1: Premature end of file.
2026-07-17 09:10:38,391 [ERROR] LogOutputStream:75 - [STDERR_REDIRECT] 
2026-07-17 09:10:39,383 [ERROR] LogOutputStream:75 - [STDERR_REDIRECT] [Fatal Error] :1:1: Premature end of file.
2026-07-17 09:10:39,383 [ERROR] LogOutputStream:75 - [STDERR_REDIRECT] 
2026-07-17 09:10:43,215 [ERROR] LogOutputStream:75 - [STDERR_REDIRECT] [Fatal Error] :1:1: Premature end of file.
2026-07-17 09:10:43,215 [ERROR] LogOutputStream:75 - [STDERR_REDIRECT] 
2026-07-17 09:10:43,263 [ERROR] LogOutputStream:75 - [STDERR_REDIRECT] [Fatal Error] :1:1: Premature end of file.
2026-07-17 09:10:43,263 [ERROR] LogOutputStream:75 - [STDERR_REDIRECT] 
2026-07-17 09:10:43,317 [ERROR] LogOutputStream:75 - [STDERR_REDIRECT] [Fatal Error] :1:1: Premature end of file.
2026-07-17 09:10:43,317 [ERROR] LogOutputStream:75 - [STDERR_REDIRECT] 
2026-07-17 09:10:43,380 [ERROR] LogOutputStream:75 - [STDERR_REDIRECT] [Fatal Error] :1:1: Premature end of file.
2026-07-17 09:10:43,380 [ERROR] LogOutputStream:75 - [STDERR_REDIRECT] 
2026-07-17 09:10:44,431 [ERROR] LogOutputStream:75 - [STDERR_REDIRECT] [Fatal Error] :1:1: Premature end of file.
2026-07-17 09:10:44,431 [ERROR] LogOutputStream:75 - [STDERR_REDIRECT] 
2026-07-17 09:10:45,430 [ERROR] LogOutputStream:75 - [STDERR_REDIRECT] [Fatal Error] :1:1: Premature end of file.
2026-07-17 09:10:45,430 [ERROR] LogOutputStream:75 - [STDERR_REDIRECT] 
2026-07-17 09:10:46,416 [ERROR] LogOutputStream:75 - [STDERR_REDIRECT] [Fatal Error] :1:1: Premature end of file.
2026-07-17 09:10:46,416 [ERROR] LogOutputStream:75 - [STDERR_REDIRECT] 
2026-07-17 09:10:47,386 [ERROR] LogOutputStream:75 - [STDERR_REDIRECT] [Fatal Error] :1:1: Premature end of file.
2026-07-17 09:10:47,386 [ERROR] LogOutputStream:75 - [STDERR_REDIRECT] 
2026-07-17 09:10:48,408 [ERROR] LogOutputStream:75 - [STDERR_REDIRECT] [Fatal Error] :1:1: Premature end of file.
2026-07-17 09:10:48,408 [ERROR] LogOutputStream:75 - [STDERR_REDIRECT] 
2026-07-17 09:10:49,414 [ERROR] LogOutputStream:75 - [STDERR_REDIRECT] [Fatal Error] :1:1: Premature end of file.
2026-07-17 09:10:49,414 [ERROR] LogOutputStream:75 - [STDERR_REDIRECT] 
2026-07-17 09:10:50,415 [ERROR] LogOutputStream:75 - [STDERR_REDIRECT] [Fatal Error] :1:1: Premature end of file.
2026-07-17 09:10:50,415 [ERROR] LogOutputStream:75 - [STDERR_REDIRECT] 
2026-07-17 09:10:51,436 [ERROR] LogOutputStream:75 - [STDERR_REDIRECT] [Fatal Error] :1:1: Premature end of file.
2026-07-17 09:10:51,436 [ERROR] LogOutputStream:75 - [STDERR_REDIRECT] 
2026-07-17 09:10:52,392 [ERROR] LogOutputStream:75 - [STDERR_REDIRECT] [Fatal Error] :1:1: Premature end of file.
2026-07-17 09:10:52,392 [ERROR] LogOutputStream:75 - [STDERR_REDIRECT] 
2026-07-17 09:10:53,410 [ERROR] LogOutputStream:75 - [STDERR_REDIRECT] [Fatal Error] :1:1: Premature end of file.
2026-07-17 09:10:53,410 [ERROR] LogOutputStream:75 - [STDERR_REDIRECT] 
2026-07-17 09:10:54,407 [ERROR] LogOutputStream:75 - [STDERR_REDIRECT] [Fatal Error] :1:1: Premature end of file.
2026-07-17 09:10:54,407 [ERROR] LogOutputStream:75 - [STDERR_REDIRECT] 
2026-07-17 09:10:55,387 [ERROR] LogOutputStream:75 - [STDERR_REDIRECT] [Fatal Error] :1:1: Premature end of file.
2026-07-17 09:10:55,387 [ERROR] LogOutputStream:75 - [STDERR_REDIRECT] 
2026-07-17 09:10:56,406 [ERROR] LogOutputStream:75 - [STDERR_REDIRECT] [Fatal Error] :1:1: Premature end of file.
2026-07-17 09:10:56,406 [ERROR] LogOutputStream:75 - [STDERR_REDIRECT] 
2026-07-17 09:10:57,411 [ERROR] LogOutputStream:75 - [STDERR_REDIRECT] [Fatal Error] :1:1: Premature end of file.
2026-07-17 09:10:57,411 [ERROR] LogOutputStream:75 - [STDERR_REDIRECT] 
2026-07-17 09:10:58,413 [ERROR] LogOutputStream:75 - [STDERR_REDIRECT] [Fatal Error] :1:1: Premature end of file.
2026-07-17 09:10:58,413 [ERROR] LogOutputStream:75 - [STDERR_REDIRECT] 
2026-07-17 09:10:59,401 [ERROR] LogOutputStream:75 - [STDERR_REDIRECT] [Fatal Error] :1:1: Premature end of file.
2026-07-17 09:10:59,401 [ERROR] LogOutputStream:75 - [STDERR_REDIRECT] 
2026-07-17 09:11:00,403 [ERROR] LogOutputStream:75 - [STDERR_REDIRECT] [Fatal Error] :1:1: Premature end of file.
2026-07-17 09:11:00,403 [ERROR] LogOutputStream:75 - [STDERR_REDIRECT] 
2026-07-17 09:11:01,404 [ERROR] LogOutputStream:75 - [STDERR_REDIRECT] [Fatal Error] :1:1: Premature end of file.
2026-07-17 09:11:01,404 [ERROR] LogOutputStream:75 - [STDERR_REDIRECT] 
2026-07-17 09:11:02,405 [ERROR] LogOutputStream:75 - [STDERR_REDIRECT] [Fatal Error] :1:1: Premature end of file.
2026-07-17 09:11:02,405 [ERROR] LogOutputStream:75 - [STDERR_REDIRECT] 
2026-07-17 09:11:03,406 [ERROR] LogOutputStream:75 - [STDERR_REDIRECT] [Fatal Error] :1:1: Premature end of file.
2026-07-17 09:11:03,406 [ERROR] LogOutputStream:75 - [STDERR_REDIRECT] 
2026-07-17 09:11:04,390 [ERROR] LogOutputStream:75 - [STDERR_REDIRECT] [Fatal Error] :1:1: Premature end of file.
2026-07-17 09:11:04,406 [ERROR] LogOutputStream:75 - [STDERR_REDIRECT] 
2026-07-17 09:11:05,408 [ERROR] LogOutputStream:75 - [STDERR_REDIRECT] [Fatal Error] :1:1: Premature end of file.
2026-07-17 09:11:05,408 [ERROR] LogOutputStream:75 - [STDERR_REDIRECT] 
2026-07-17 09:11:06,408 [ERROR] LogOutputStream:75 - [STDERR_REDIRECT] [Fatal Error] :1:1: Premature end of file.
2026-07-17 09:11:06,408 [ERROR] LogOutputStream:75 - [STDERR_REDIRECT] 
2026-07-17 09:11:07,409 [ERROR] LogOutputStream:75 - [STDERR_REDIRECT] [Fatal Error] :1:1: Premature end of file.
2026-07-17 09:11:07,409 [ERROR] LogOutputStream:75 - [STDERR_REDIRECT] 
2026-07-17 09:11:08,412 [ERROR] LogOutputStream:75 - [STDERR_REDIRECT] [Fatal Error] :1:1: Premature end of file.
2026-07-17 09:11:08,412 [ERROR] LogOutputStream:75 - [STDERR_REDIRECT] 
2026-07-17 09:11:09,414 [ERROR] LogOutputStream:75 - [STDERR_REDIRECT] [Fatal Error] :1:1: Premature end of file.
2026-07-17 09:11:09,414 [ERROR] LogOutputStream:75 - [STDERR_REDIRECT] 
2026-07-17 09:11:10,405 [ERROR] LogOutputStream:75 - [STDERR_REDIRECT] [Fatal Error] :1:1: Premature end of file.
2026-07-17 09:11:10,405 [ERROR] LogOutputStream:75 - [STDERR_REDIRECT] 
2026-07-17 09:11:11,386 [ERROR] LogOutputStream:75 - [STDERR_REDIRECT] [Fatal Error] :1:1: Premature end of file.
2026-07-17 09:11:11,386 [ERROR] LogOutputStream:75 - [STDERR_REDIRECT] 
2026-07-17 09:11:12,403 [ERROR] LogOutputStream:75 - [STDERR_REDIRECT] [Fatal Error] :1:1: Premature end of file.
2026-07-17 09:11:12,403 [ERROR] LogOutputStream:75 - [STDERR_REDIRECT] 
2026-07-17 09:11:13,403 [ERROR] LogOutputStream:75 - [STDERR_REDIRECT] [Fatal Error] :1:1: Premature end of file.
2026-07-17 09:11:13,403 [ERROR] LogOutputStream:75 - [STDERR_REDIRECT] 
2026-07-17 09:11:14,405 [ERROR] LogOutputStream:75 - [STDERR_REDIRECT] [Fatal Error] :1:1: Premature end of file.
2026-07-17 09:11:14,405 [ERROR] LogOutputStream:75 - [STDERR_REDIRECT] 
2026-07-17 09:11:15,371 [ERROR] LogOutputStream:75 - [STDERR_REDIRECT] [Fatal Error] :1:1: Premature end of file.
2026-07-17 09:11:15,371 [ERROR] LogOutputStream:75 - [STDERR_REDIRECT] 
2026-07-17 09:11:16,359 [ERROR] LogOutputStream:75 - [STDERR_REDIRECT] [Fatal Error] :1:1: Premature end of file.
2026-07-17 09:11:16,359 [ERROR] LogOutputStream:75 - [STDERR_REDIRECT] 
2026-07-17 09:11:17,371 [ERROR] LogOutputStream:75 - [STDERR_REDIRECT] [Fatal Error] :1:1: Premature end of file.
2026-07-17 09:11:17,371 [ERROR] LogOutputStream:75 - [STDERR_REDIRECT] 
2026-07-17 09:11:18,371 [ERROR] LogOutputStream:75 - [STDERR_REDIRECT] [Fatal Error] :1:1: Premature end of file.
2026-07-17 09:11:18,371 [ERROR] LogOutputStream:75 - [STDERR_REDIRECT] 
2026-07-17 09:11:19,376 [ERROR] LogOutputStream:75 - [STDERR_REDIRECT] [Fatal Error] :1:1: Premature end of file.
2026-07-17 09:11:19,376 [ERROR] LogOutputStream:75 - [STDERR_REDIRECT] 
2026-07-17 09:11:20,405 [ERROR] LogOutputStream:75 - [STDERR_REDIRECT] [Fatal Error] :1:1: Premature end of file.
2026-07-17 09:11:20,405 [ERROR] LogOutputStream:75 - [STDERR_REDIRECT] 
2026-07-17 09:11:21,384 [ERROR] LogOutputStream:75 - [STDERR_REDIRECT] [Fatal Error] :1:1: Premature end of file.
2026-07-17 09:11:21,384 [ERROR] LogOutputStream:75 - [STDERR_REDIRECT] 
2026-07-17 09:11:22,459 [ERROR] LogOutputStream:75 - [STDERR_REDIRECT] [Fatal Error] :1:1: Premature end of file.
2026-07-17 09:11:22,460 [ERROR] LogOutputStream:75 - [STDERR_REDIRECT] 
2026-07-17 09:11:23,404 [ERROR] LogOutputStream:75 - [STDERR_REDIRECT] [Fatal Error] :1:1: Premature end of file.
2026-07-17 09:11:23,409 [ERROR] LogOutputStream:75 - [STDERR_REDIRECT] 
2026-07-17 09:11:24,481 [ERROR] LogOutputStream:75 - [STDERR_REDIRECT] [Fatal Error] :1:1: Premature end of file.
2026-07-17 09:11:24,481 [ERROR] LogOutputStream:75 - [STDERR_REDIRECT] 
2026-07-17 09:11:25,462 [ERROR] LogOutputStream:75 - [STDERR_REDIRECT] [Fatal Error] :1:1: Premature end of file.
2026-07-17 09:11:25,462 [ERROR] LogOutputStream:75 - [STDERR_REDIRECT] 
2026-07-17 09:11:26,453 [ERROR] LogOutputStream:75 - [STDERR_REDIRECT] [Fatal Error] :1:1: Premature end of file.
2026-07-17 09:11:26,453 [ERROR] LogOutputStream:75 - [STDERR_REDIRECT] 
2026-07-17 09:11:27,498 [ERROR] LogOutputStream:75 - [STDERR_REDIRECT] [Fatal Error] :1:1: Premature end of file.
2026-07-17 09:11:27,498 [ERROR] LogOutputStream:75 - [STDERR_REDIRECT] 
2026-07-17 09:11:28,488 [ERROR] LogOutputStream:75 - [STDERR_REDIRECT] [Fatal Error] :1:1: Premature end of file.
2026-07-17 09:11:28,488 [ERROR] LogOutputStream:75 - [STDERR_REDIRECT] 
2026-07-17 09:11:29,467 [ERROR] LogOutputStream:75 - [STDERR_REDIRECT] [Fatal Error] :1:1: Premature end of file.
2026-07-17 09:11:29,467 [ERROR] LogOutputStream:75 - [STDERR_REDIRECT] 
2026-07-17 09:11:30,469 [ERROR] LogOutputStream:75 - [STDERR_REDIRECT] [Fatal Error] :1:1: Premature end of file.
2026-07-17 09:11:30,469 [ERROR] LogOutputStream:75 - [STDERR_REDIRECT] 
2026-07-17 09:11:31,431 [ERROR] LogOutputStream:75 - [STDERR_REDIRECT] [Fatal Error] :1:1: Premature end of file.
2026-07-17 09:11:31,431 [ERROR] LogOutputStream:75 - [STDERR_REDIRECT] 
2026-07-17 09:11:32,452 [ERROR] LogOutputStream:75 - [STDERR_REDIRECT] [Fatal Error] :1:1: Premature end of file.
2026-07-17 09:11:32,452 [ERROR] LogOutputStream:75 - [STDERR_REDIRECT] 
2026-07-17 09:11:33,474 [ERROR] LogOutputStream:75 - [STDERR_REDIRECT] [Fatal Error] :1:1: Premature end of file.
2026-07-17 09:11:33,476 [ERROR] LogOutputStream:75 - [STDERR_REDIRECT] 
2026-07-17 09:11:34,403 [ERROR] LogOutputStream:75 - [STDERR_REDIRECT] [Fatal Error] :1:1: Premature end of file.
2026-07-17 09:11:34,403 [ERROR] LogOutputStream:75 - [STDERR_REDIRECT] 
2026-07-17 09:11:35,421 [ERROR] LogOutputStream:75 - [STDERR_REDIRECT] [Fatal Error] :1:1: Premature end of file.
2026-07-17 09:11:35,421 [ERROR] LogOutputStream:75 - [STDERR_REDIRECT] 
2026-07-17 09:11:36,381 [ERROR] LogOutputStream:75 - [STDERR_REDIRECT] [Fatal Error] :1:1: Premature end of file.
2026-07-17 09:11:36,381 [ERROR] LogOutputStream:75 - [STDERR_REDIRECT] 
2026-07-17 09:11:37,400 [ERROR] LogOutputStream:75 - [STDERR_REDIRECT] [Fatal Error] :1:1: Premature end of file.
2026-07-17 09:11:37,400 [ERROR] LogOutputStream:75 - [STDERR_REDIRECT] 
2026-07-17 09:11:38,403 [ERROR] LogOutputStream:75 - [STDERR_REDIRECT] [Fatal Error] :1:1: Premature end of file.
2026-07-17 09:11:38,403 [ERROR] LogOutputStream:75 - [STDERR_REDIRECT] 
2026-07-17 09:11:39,402 [ERROR] LogOutputStream:75 - [STDERR_REDIRECT] [Fatal Error] :1:1: Premature end of file.
2026-07-17 09:11:39,402 [ERROR] LogOutputStream:75 - [STDERR_REDIRECT] 
2026-07-17 09:11:40,415 [ERROR] LogOutputStream:75 - [STDERR_REDIRECT] [Fatal Error] :1:1: Premature end of file.
2026-07-17 09:11:40,415 [ERROR] LogOutputStream:75 - [STDERR_REDIRECT] 
2026-07-17 09:11:41,418 [ERROR] LogOutputStream:75 - [STDERR_REDIRECT] [Fatal Error] :1:1: Premature end of file.
2026-07-17 09:11:41,418 [ERROR] LogOutputStream:75 - [STDERR_REDIRECT] 
2026-07-17 09:11:42,416 [ERROR] LogOutputStream:75 - [STDERR_REDIRECT] [Fatal Error] :1:1: Premature end of file.
2026-07-17 09:11:42,416 [ERROR] LogOutputStream:75 - [STDERR_REDIRECT] 
2026-07-17 09:11:43,418 [ERROR] LogOutputStream:75 - [STDERR_REDIRECT] [Fatal Error] :1:1: Premature end of file.
2026-07-17 09:11:43,418 [ERROR] LogOutputStream:75 - [STDERR_REDIRECT] 
2026-07-17 09:11:44,412 [ERROR] LogOutputStream:75 - [STDERR_REDIRECT] [Fatal Error] :1:1: Premature end of file.
2026-07-17 09:11:44,412 [ERROR] LogOutputStream:75 - [STDERR_REDIRECT] 
2026-07-17 09:11:45,412 [ERROR] LogOutputStream:75 - [STDERR_REDIRECT] [Fatal Error] :1:1: Premature end of file.
2026-07-17 09:11:45,412 [ERROR] LogOutputStream:75 - [STDERR_REDIRECT] 
2026-07-17 09:11:46,420 [ERROR] LogOutputStream:75 - [STDERR_REDIRECT] [Fatal Error] :1:1: Premature end of file.
2026-07-17 09:11:46,420 [ERROR] LogOutputStream:75 - [STDERR_REDIRECT] 
2026-07-17 09:11:47,416 [ERROR] LogOutputStream:75 - [STDERR_REDIRECT] [Fatal Error] :1:1: Premature end of file.
2026-07-17 09:11:47,416 [ERROR] LogOutputStream:75 - [STDERR_REDIRECT] 
2026-07-17 09:11:48,400 [ERROR] LogOutputStream:75 - [STDERR_REDIRECT] [Fatal Error] :1:1: Premature end of file.
2026-07-17 09:11:48,400 [ERROR] LogOutputStream:75 - [STDERR_REDIRECT] 
2026-07-17 09:11:49,389 [ERROR] LogOutputStream:75 - [STDERR_REDIRECT] [Fatal Error] :1:1: Premature end of file.
2026-07-17 09:11:49,389 [ERROR] LogOutputStream:75 - [STDERR_REDIRECT] 
2026-07-17 09:11:50,398 [ERROR] LogOutputStream:75 - [STDERR_REDIRECT] [Fatal Error] :1:1: Premature end of file.
2026-07-17 09:11:50,398 [ERROR] LogOutputStream:75 - [STDERR_REDIRECT] 
2026-07-17 09:11:51,372 [ERROR] LogOutputStream:75 - [STDERR_REDIRECT] [Fatal Error] :1:1: Premature end of file.
2026-07-17 09:11:51,388 [ERROR] LogOutputStream:75 - [STDERR_REDIRECT] 
2026-07-17 09:11:52,395 [ERROR] LogOutputStream:75 - [STDERR_REDIRECT] [Fatal Error] :1:1: Premature end of file.
2026-07-17 09:11:52,395 [ERROR] LogOutputStream:75 - [STDERR_REDIRECT] 
2026-07-17 09:11:53,393 [ERROR] LogOutputStream:75 - [STDERR_REDIRECT] [Fatal Error] :1:1: Premature end of file.
2026-07-17 09:11:53,393 [ERROR] LogOutputStream:75 - [STDERR_REDIRECT] 
2026-07-17 09:11:54,381 [ERROR] LogOutputStream:75 - [STDERR_REDIRECT] [Fatal Error] :1:1: Premature end of file.
2026-07-17 09:11:54,381 [ERROR] LogOutputStream:75 - [STDERR_REDIRECT] 
2026-07-17 09:11:55,392 [ERROR] LogOutputStream:75 - [STDERR_REDIRECT] [Fatal Error] :1:1: Premature end of file.
2026-07-17 09:11:55,392 [ERROR] LogOutputStream:75 - [STDERR_REDIRECT] 
2026-07-17 09:11:56,448 [ERROR] LogOutputStream:75 - [STDERR_REDIRECT] [Fatal Error] :1:1: Premature end of file.
2026-07-17 09:11:56,448 [ERROR] LogOutputStream:75 - [STDERR_REDIRECT] 
2026-07-17 09:11:57,442 [ERROR] LogOutputStream:75 - [STDERR_REDIRECT] [Fatal Error] :1:1: Premature end of file.
2026-07-17 09:11:57,442 [ERROR] LogOutputStream:75 - [STDERR_REDIRECT] 
2026-07-17 09:11:58,489 [ERROR] LogOutputStream:75 - [STDERR_REDIRECT] [Fatal Error] :1:1: Premature end of file.
2026-07-17 09:11:58,489 [ERROR] LogOutputStream:75 - [STDERR_REDIRECT] 
2026-07-17 09:11:59,416 [ERROR] LogOutputStream:75 - [STDERR_REDIRECT] [Fatal Error] :1:1: Premature end of file.
2026-07-17 09:11:59,416 [ERROR] LogOutputStream:75 - [STDERR_REDIRECT] 
2026-07-17 09:12:00,408 [ERROR] LogOutputStream:75 - [STDERR_REDIRECT] [Fatal Error] :1:1: Premature end of file.
2026-07-17 09:12:00,408 [ERROR] LogOutputStream:75 - [STDERR_REDIRECT] 
2026-07-17 09:12:01,420 [ERROR] LogOutputStream:75 - [STDERR_REDIRECT] [Fatal Error] :1:1: Premature end of file.
2026-07-17 09:12:01,420 [ERROR] LogOutputStream:75 - [STDERR_REDIRECT] 
2026-07-17 09:12:02,416 [ERROR] LogOutputStream:75 - [STDERR_REDIRECT] [Fatal Error] :1:1: Premature end of file.
2026-07-17 09:12:02,416 [ERROR] LogOutputStream:75 - [STDERR_REDIRECT] 
2026-07-17 09:12:03,403 [ERROR] LogOutputStream:75 - [STDERR_REDIRECT] [Fatal Error] :1:1: Premature end of file.
2026-07-17 09:12:03,403 [ERROR] LogOutputStream:75 - [STDERR_REDIRECT] 
2026-07-17 09:12:04,424 [ERROR] LogOutputStream:75 - [STDERR_REDIRECT] [Fatal Error] :1:1: Premature end of file.
2026-07-17 09:12:04,424 [ERROR] LogOutputStream:75 - [STDERR_REDIRECT] 
2026-07-17 09:12:05,420 [ERROR] LogOutputStream:75 - [STDERR_REDIRECT] [Fatal Error] :1:1: Premature end of file.
2026-07-17 09:12:05,420 [ERROR] LogOutputStream:75 - [STDERR_REDIRECT] 
2026-07-17 09:12:06,404 [ERROR] LogOutputStream:75 - [STDERR_REDIRECT] [Fatal Error] :1:1: Premature end of file.
2026-07-17 09:12:06,404 [ERROR] LogOutputStream:75 - [STDERR_REDIRECT] 
2026-07-17 09:12:07,394 [ERROR] LogOutputStream:75 - [STDERR_REDIRECT] [Fatal Error] :1:1: Premature end of file.
2026-07-17 09:12:07,394 [ERROR] LogOutputStream:75 - [STDERR_REDIRECT] 
2026-07-17 09:12:08,408 [ERROR] LogOutputStream:75 - [STDERR_REDIRECT] [Fatal Error] :1:1: Premature end of file.
2026-07-17 09:12:08,408 [ERROR] LogOutputStream:75 - [STDERR_REDIRECT] 
2026-07-17 09:12:09,424 [ERROR] LogOutputStream:75 - [STDERR_REDIRECT] [Fatal Error] :1:1: Premature end of file.
2026-07-17 09:12:09,424 [ERROR] LogOutputStream:75 - [STDERR_REDIRECT] 
2026-07-17 09:12:10,411 [ERROR] LogOutputStream:75 - [STDERR_REDIRECT] [Fatal Error] :1:1: Premature end of file.
2026-07-17 09:12:10,411 [ERROR] LogOutputStream:75 - [STDERR_REDIRECT] 
2026-07-17 09:12:11,419 [ERROR] LogOutputStream:75 - [STDERR_REDIRECT] [Fatal Error] :1:1: Premature end of file.
2026-07-17 09:12:11,419 [ERROR] LogOutputStream:75 - [STDERR_REDIRECT] 
2026-07-17 09:12:12,404 [ERROR] LogOutputStream:75 - [STDERR_REDIRECT] [Fatal Error] :1:1: Premature end of file.
2026-07-17 09:12:12,404 [ERROR] LogOutputStream:75 - [STDERR_REDIRECT] 
2026-07-17 09:12:13,410 [ERROR] LogOutputStream:75 - [STDERR_REDIRECT] [Fatal Error] :1:1: Premature end of file.
2026-07-17 09:12:13,410 [ERROR] LogOutputStream:75 - [STDERR_REDIRECT] 
2026-07-17 09:12:14,400 [ERROR] LogOutputStream:75 - [STDERR_REDIRECT] [Fatal Error] :1:1: Premature end of file.
2026-07-17 09:12:14,400 [ERROR] LogOutputStream:75 - [STDERR_REDIRECT] 
2026-07-17 09:12:15,409 [ERROR] LogOutputStream:75 - [STDERR_REDIRECT] [Fatal Error] :1:1: Premature end of file.
2026-07-17 09:12:15,409 [ERROR] LogOutputStream:75 - [STDERR_REDIRECT] 
2026-07-17 09:12:16,417 [ERROR] LogOutputStream:75 - [STDERR_REDIRECT] [Fatal Error] :1:1: Premature end of file.
2026-07-17 09:12:16,417 [ERROR] LogOutputStream:75 - [STDERR_REDIRECT] 
2026-07-17 09:12:17,406 [ERROR] LogOutputStream:75 - [STDERR_REDIRECT] [Fatal Error] :1:1: Premature end of file.
2026-07-17 09:12:17,406 [ERROR] LogOutputStream:75 - [STDERR_REDIRECT] 
2026-07-17 09:12:18,413 [ERROR] LogOutputStream:75 - [STDERR_REDIRECT] [Fatal Error] :1:1: Premature end of file.
2026-07-17 09:12:18,413 [ERROR] LogOutputStream:75 - [STDERR_REDIRECT] 
2026-07-17 09:12:19,404 [ERROR] LogOutputStream:75 - [STDERR_REDIRECT] [Fatal Error] :1:1: Premature end of file.
2026-07-17 09:12:19,404 [ERROR] LogOutputStream:75 - [STDERR_REDIRECT] 
2026-07-17 09:12:20,413 [ERROR] LogOutputStream:75 - [STDERR_REDIRECT] [Fatal Error] :1:1: Premature end of file.
2026-07-17 09:12:20,413 [ERROR] LogOutputStream:75 - [STDERR_REDIRECT] 
2026-07-17 09:12:21,413 [ERROR] LogOutputStream:75 - [STDERR_REDIRECT] [Fatal Error] :1:1: Premature end of file.
2026-07-17 09:12:21,413 [ERROR] LogOutputStream:75 - [STDERR_REDIRECT] 
2026-07-17 09:12:22,402 [ERROR] LogOutputStream:75 - [STDERR_REDIRECT] [Fatal Error] :1:1: Premature end of file.
2026-07-17 09:12:22,402 [ERROR] LogOutputStream:75 - [STDERR_REDIRECT] 
2026-07-17 09:12:23,411 [ERROR] LogOutputStream:75 - [STDERR_REDIRECT] [Fatal Error] :1:1: Premature end of file.
2026-07-17 09:12:23,411 [ERROR] LogOutputStream:75 - [STDERR_REDIRECT] 
2026-07-17 09:12:24,417 [ERROR] LogOutputStream:75 - [STDERR_REDIRECT] [Fatal Error] :1:1: Premature end of file.
2026-07-17 09:12:24,417 [ERROR] LogOutputStream:75 - [STDERR_REDIRECT] 
2026-07-17 09:12:25,405 [ERROR] LogOutputStream:75 - [STDERR_REDIRECT] [Fatal Error] :1:1: Premature end of file.
2026-07-17 09:12:25,405 [ERROR] LogOutputStream:75 - [STDERR_REDIRECT] 
2026-07-17 09:12:26,418 [ERROR] LogOutputStream:75 - [STDERR_REDIRECT] [Fatal Error] :1:1: Premature end of file.
2026-07-17 09:12:26,418 [ERROR] LogOutputStream:75 - [STDERR_REDIRECT] 
2026-07-17 09:12:27,413 [ERROR] LogOutputStream:75 - [STDERR_REDIRECT] [Fatal Error] :1:1: Premature end of file.
2026-07-17 09:12:27,413 [ERROR] LogOutputStream:75 - [STDERR_REDIRECT] 
2026-07-17 09:12:28,409 [ERROR] LogOutputStream:75 - [STDERR_REDIRECT] [Fatal Error] :1:1: Premature end of file.
2026-07-17 09:12:28,409 [ERROR] LogOutputStream:75 - [STDERR_REDIRECT] 
2026-07-17 09:12:29,418 [ERROR] LogOutputStream:75 - [STDERR_REDIRECT] [Fatal Error] :1:1: Premature end of file.
2026-07-17 09:12:29,418 [ERROR] LogOutputStream:75 - [STDERR_REDIRECT] 
2026-07-17 09:12:30,402 [ERROR] LogOutputStream:75 - [STDERR_REDIRECT] [Fatal Error] :1:1: Premature end of file.
2026-07-17 09:12:30,402 [ERROR] LogOutputStream:75 - [STDERR_REDIRECT] 
2026-07-17 09:12:31,425 [ERROR] LogOutputStream:75 - [STDERR_REDIRECT] [Fatal Error] :1:1: Premature end of file.
2026-07-17 09:12:31,425 [ERROR] LogOutputStream:75 - [STDERR_REDIRECT] 
2026-07-17 09:12:32,401 [ERROR] LogOutputStream:75 - [STDERR_REDIRECT] [Fatal Error] :1:1: Premature end of file.
2026-07-17 09:12:32,401 [ERROR] LogOutputStream:75 - [STDERR_REDIRECT] 
2026-07-17 09:12:33,413 [ERROR] LogOutputStream:75 - [STDERR_REDIRECT] [Fatal Error] :1:1: Premature end of file.
2026-07-17 09:12:33,413 [ERROR] LogOutputStream:75 - [STDERR_REDIRECT] 
2026-07-17 09:12:34,413 [ERROR] LogOutputStream:75 - [STDERR_REDIRECT] [Fatal Error] :1:1: Premature end of file.
2026-07-17 09:12:34,413 [ERROR] LogOutputStream:75 - [STDERR_REDIRECT] 
2026-07-17 09:12:35,403 [ERROR] LogOutputStream:75 - [STDERR_REDIRECT] [Fatal Error] :1:1: Premature end of file.
2026-07-17 09:12:35,403 [ERROR] LogOutputStream:75 - [STDERR_REDIRECT] 
2026-07-17 09:12:36,408 [ERROR] LogOutputStream:75 - [STDERR_REDIRECT] [Fatal Error] :1:1: Premature end of file.
2026-07-17 09:12:36,408 [ERROR] LogOutputStream:75 - [STDERR_REDIRECT] 
2026-07-17 09:12:37,412 [ERROR] LogOutputStream:75 - [STDERR_REDIRECT] [Fatal Error] :1:1: Premature end of file.
2026-07-17 09:12:37,412 [ERROR] LogOutputStream:75 - [STDERR_REDIRECT] 
2026-07-17 09:12:38,403 [ERROR] LogOutputStream:75 - [STDERR_REDIRECT] [Fatal Error] :1:1: Premature end of file.
2026-07-17 09:12:38,403 [ERROR] LogOutputStream:75 - [STDERR_REDIRECT] 
2026-07-17 09:12:39,391 [ERROR] LogOutputStream:75 - [STDERR_REDIRECT] [Fatal Error] :1:1: Premature end of file.
2026-07-17 09:12:39,391 [ERROR] LogOutputStream:75 - [STDERR_REDIRECT] 
2026-07-17 09:12:40,407 [ERROR] LogOutputStream:75 - [STDERR_REDIRECT] [Fatal Error] :1:1: Premature end of file.
2026-07-17 09:12:40,407 [ERROR] LogOutputStream:75 - [STDERR_REDIRECT] 
2026-07-17 09:12:41,401 [ERROR] LogOutputStream:75 - [STDERR_REDIRECT] [Fatal Error] :1:1: Premature end of file.
2026-07-17 09:12:41,401 [ERROR] LogOutputStream:75 - [STDERR_REDIRECT] 
2026-07-17 09:12:42,405 [ERROR] LogOutputStream:75 - [STDERR_REDIRECT] [Fatal Error] :1:1: Premature end of file.
2026-07-17 09:12:42,405 [ERROR] LogOutputStream:75 - [STDERR_REDIRECT] 
2026-07-17 09:12:43,388 [ERROR] LogOutputStream:75 - [STDERR_REDIRECT] [Fatal Error] :1:1: Premature end of file.
2026-07-17 09:12:43,388 [ERROR] LogOutputStream:75 - [STDERR_REDIRECT] 
2026-07-17 09:12:44,402 [ERROR] LogOutputStream:75 - [STDERR_REDIRECT] [Fatal Error] :1:1: Premature end of file.
2026-07-17 09:12:44,402 [ERROR] LogOutputStream:75 - [STDERR_REDIRECT] 
2026-07-17 09:12:45,398 [ERROR] LogOutputStream:75 - [STDERR_REDIRECT] [Fatal Error] :1:1: Premature end of file.
2026-07-17 09:12:45,398 [ERROR] LogOutputStream:75 - [STDERR_REDIRECT] 
2026-07-17 09:12:46,397 [ERROR] LogOutputStream:75 - [STDERR_REDIRECT] [Fatal Error] :1:1: Premature end of file.
2026-07-17 09:12:46,397 [ERROR] LogOutputStream:75 - [STDERR_REDIRECT] 
2026-07-17 09:12:47,393 [ERROR] LogOutputStream:75 - [STDERR_REDIRECT] [Fatal Error] :1:1: Premature end of file.
2026-07-17 09:12:47,393 [ERROR] LogOutputStream:75 - [STDERR_REDIRECT] 
2026-07-17 09:12:48,403 [ERROR] LogOutputStream:75 - [STDERR_REDIRECT] [Fatal Error] :1:1: Premature end of file.
2026-07-17 09:12:48,403 [ERROR] LogOutputStream:75 - [STDERR_REDIRECT] 
2026-07-17 09:12:49,414 [ERROR] LogOutputStream:75 - [STDERR_REDIRECT] [Fatal Error] :1:1: Premature end of file.
2026-07-17 09:12:49,414 [ERROR] LogOutputStream:75 - [STDERR_REDIRECT] 
2026-07-17 09:12:50,404 [ERROR] LogOutputStream:75 - [STDERR_REDIRECT] [Fatal Error] :1:1: Premature end of file.
2026-07-17 09:12:50,404 [ERROR] LogOutputStream:75 - [STDERR_REDIRECT] 
2026-07-17 09:12:51,402 [ERROR] LogOutputStream:75 - [STDERR_REDIRECT] [Fatal Error] :1:1: Premature end of file.
2026-07-17 09:12:51,402 [ERROR] LogOutputStream:75 - [STDERR_REDIRECT] 
2026-07-17 09:12:52,408 [ERROR] LogOutputStream:75 - [STDERR_REDIRECT] [Fatal Error] :1:1: Premature end of file.
2026-07-17 09:12:52,408 [ERROR] LogOutputStream:75 - [STDERR_REDIRECT] 
2026-07-17 09:12:53,404 [ERROR] LogOutputStream:75 - [STDERR_REDIRECT] [Fatal Error] :1:1: Premature end of file.
2026-07-17 09:12:53,404 [ERROR] LogOutputStream:75 - [STDERR_REDIRECT] 
2026-07-17 09:12:54,405 [ERROR] LogOutputStream:75 - [STDERR_REDIRECT] [Fatal Error] :1:1: Premature end of file.
2026-07-17 09:12:54,405 [ERROR] LogOutputStream:75 - [STDERR_REDIRECT] 
2026-07-17 09:12:55,412 [ERROR] LogOutputStream:75 - [STDERR_REDIRECT] [Fatal Error] :1:1: Premature end of file.
2026-07-17 09:12:55,412 [ERROR] LogOutputStream:75 - [STDERR_REDIRECT] 
2026-07-17 09:12:56,403 [ERROR] LogOutputStream:75 - [STDERR_REDIRECT] [Fatal Error] :1:1: Premature end of file.
2026-07-17 09:12:56,403 [ERROR] LogOutputStream:75 - [STDERR_REDIRECT] 
2026-07-17 09:12:57,403 [ERROR] LogOutputStream:75 - [STDERR_REDIRECT] [Fatal Error] :1:1: Premature end of file.
2026-07-17 09:12:57,403 [ERROR] LogOutputStream:75 - [STDERR_REDIRECT] 
2026-07-17 09:12:58,408 [ERROR] LogOutputStream:75 - [STDERR_REDIRECT] [Fatal Error] :1:1: Premature end of file.
2026-07-17 09:12:58,408 [ERROR] LogOutputStream:75 - [STDERR_REDIRECT] 
2026-07-17 09:12:59,417 [ERROR] LogOutputStream:75 - [STDERR_REDIRECT] [Fatal Error] :1:1: Premature end of file.
2026-07-17 09:12:59,417 [ERROR] LogOutputStream:75 - [STDERR_REDIRECT] 
2026-07-17 09:13:00,405 [ERROR] LogOutputStream:75 - [STDERR_REDIRECT] [Fatal Error] :1:1: Premature end of file.
2026-07-17 09:13:00,405 [ERROR] LogOutputStream:75 - [STDERR_REDIRECT] 
2026-07-17 09:13:01,403 [ERROR] LogOutputStream:75 - [STDERR_REDIRECT] [Fatal Error] :1:1: Premature end of file.
2026-07-17 09:13:01,403 [ERROR] LogOutputStream:75 - [STDERR_REDIRECT] 
2026-07-17 09:13:02,402 [ERROR] LogOutputStream:75 - [STDERR_REDIRECT] [Fatal Error] :1:1: Premature end of file.
2026-07-17 09:13:02,402 [ERROR] LogOutputStream:75 - [STDERR_REDIRECT] 
2026-07-17 09:13:03,405 [ERROR] LogOutputStream:75 - [STDERR_REDIRECT] [Fatal Error] :1:1: Premature end of file.
2026-07-17 09:13:03,405 [ERROR] LogOutputStream:75 - [STDERR_REDIRECT] 
2026-07-17 09:13:04,410 [ERROR] LogOutputStream:75 - [STDERR_REDIRECT] [Fatal Error] :1:1: Premature end of file.
2026-07-17 09:13:04,410 [ERROR] LogOutputStream:75 - [STDERR_REDIRECT] 
2026-07-17 09:13:05,384 [ERROR] LogOutputStream:75 - [STDERR_REDIRECT] [Fatal Error] :1:1: Premature end of file.
2026-07-17 09:13:05,384 [ERROR] LogOutputStream:75 - [STDERR_REDIRECT] 
2026-07-17 09:13:06,411 [ERROR] LogOutputStream:75 - [STDERR_REDIRECT] [Fatal Error] :1:1: Premature end of file.
2026-07-17 09:13:06,411 [ERROR] LogOutputStream:75 - [STDERR_REDIRECT] 
2026-07-17 09:13:07,400 [ERROR] LogOutputStream:75 - [STDERR_REDIRECT] [Fatal Error] :1:1: Premature end of file.
2026-07-17 09:13:07,400 [ERROR] LogOutputStream:75 - [STDERR_REDIRECT] 
2026-07-17 09:13:08,412 [ERROR] LogOutputStream:75 - [STDERR_REDIRECT] [Fatal Error] :1:1: Premature end of file.
2026-07-17 09:13:08,412 [ERROR] LogOutputStream:75 - [STDERR_REDIRECT] 
2026-07-17 09:13:09,398 [ERROR] LogOutputStream:75 - [STDERR_REDIRECT] [Fatal Error] :1:1: Premature end of file.
2026-07-17 09:13:09,398 [ERROR] LogOutputStream:75 - [STDERR_REDIRECT] 
2026-07-17 09:13:10,415 [ERROR] LogOutputStream:75 - [STDERR_REDIRECT] [Fatal Error] :1:1: Premature end of file.
2026-07-17 09:13:10,415 [ERROR] LogOutputStream:75 - [STDERR_REDIRECT] 
2026-07-17 09:13:11,416 [ERROR] LogOutputStream:75 - [STDERR_REDIRECT] [Fatal Error] :1:1: Premature end of file.
2026-07-17 09:13:11,416 [ERROR] LogOutputStream:75 - [STDERR_REDIRECT] 
2026-07-17 09:13:12,389 [ERROR] LogOutputStream:75 - [STDERR_REDIRECT] [Fatal Error] :1:1: Premature end of file.
2026-07-17 09:13:12,389 [ERROR] LogOutputStream:75 - [STDERR_REDIRECT] 
2026-07-17 09:13:13,393 [ERROR] LogOutputStream:75 - [STDERR_REDIRECT] [Fatal Error] :1:1: Premature end of file.
2026-07-17 09:13:13,393 [ERROR] LogOutputStream:75 - [STDERR_REDIRECT] 
2026-07-17 09:13:14,397 [ERROR] LogOutputStream:75 - [STDERR_REDIRECT] [Fatal Error] :1:1: Premature end of file.
2026-07-17 09:13:14,397 [ERROR] LogOutputStream:75 - [STDERR_REDIRECT] 
2026-07-17 09:13:15,400 [ERROR] LogOutputStream:75 - [STDERR_REDIRECT] [Fatal Error] :1:1: Premature end of file.
2026-07-17 09:13:15,400 [ERROR] LogOutputStream:75 - [STDERR_REDIRECT] 
2026-07-17 09:13:16,389 [ERROR] LogOutputStream:75 - [STDERR_REDIRECT] [Fatal Error] :1:1: Premature end of file.
2026-07-17 09:13:16,389 [ERROR] LogOutputStream:75 - [STDERR_REDIRECT] 
2026-07-17 09:13:17,399 [ERROR] LogOutputStream:75 - [STDERR_REDIRECT] [Fatal Error] :1:1: Premature end of file.
2026-07-17 09:13:17,399 [ERROR] LogOutputStream:75 - [STDERR_REDIRECT] 
2026-07-17 09:13:18,400 [ERROR] LogOutputStream:75 - [STDERR_REDIRECT] [Fatal Error] :1:1: Premature end of file.
2026-07-17 09:13:18,400 [ERROR] LogOutputStream:75 - [STDERR_REDIRECT] 
2026-07-17 09:13:19,394 [ERROR] LogOutputStream:75 - [STDERR_REDIRECT] [Fatal Error] :1:1: Premature end of file.
2026-07-17 09:13:19,394 [ERROR] LogOutputStream:75 - [STDERR_REDIRECT] 
2026-07-17 09:13:20,390 [ERROR] LogOutputStream:75 - [STDERR_REDIRECT] [Fatal Error] :1:1: Premature end of file.
2026-07-17 09:13:20,390 [ERROR] LogOutputStream:75 - [STDERR_REDIRECT] 
2026-07-17 09:13:21,403 [ERROR] LogOutputStream:75 - [STDERR_REDIRECT] [Fatal Error] :1:1: Premature end of file.
2026-07-17 09:13:21,403 [ERROR] LogOutputStream:75 - [STDERR_REDIRECT] 
2026-07-17 09:13:22,407 [ERROR] LogOutputStream:75 - [STDERR_REDIRECT] [Fatal Error] :1:1: Premature end of file.
2026-07-17 09:13:22,407 [ERROR] LogOutputStream:75 - [STDERR_REDIRECT] 
2026-07-17 09:13:23,395 [ERROR] LogOutputStream:75 - [STDERR_REDIRECT] [Fatal Error] :1:1: Premature end of file.
2026-07-17 09:13:23,395 [ERROR] LogOutputStream:75 - [STDERR_REDIRECT] 
2026-07-17 09:13:24,398 [ERROR] LogOutputStream:75 - [STDERR_REDIRECT] [Fatal Error] :1:1: Premature end of file.
2026-07-17 09:13:24,398 [ERROR] LogOutputStream:75 - [STDERR_REDIRECT] 
2026-07-17 09:13:25,406 [ERROR] LogOutputStream:75 - [STDERR_REDIRECT] [Fatal Error] :1:1: Premature end of file.
2026-07-17 09:13:25,406 [ERROR] LogOutputStream:75 - [STDERR_REDIRECT] 
2026-07-17 09:13:26,400 [ERROR] LogOutputStream:75 - [STDERR_REDIRECT] [Fatal Error] :1:1: Premature end of file.
2026-07-17 09:13:26,400 [ERROR] LogOutputStream:75 - [STDERR_REDIRECT] 
2026-07-17 09:13:27,410 [ERROR] LogOutputStream:75 - [STDERR_REDIRECT] [Fatal Error] :1:1: Premature end of file.
2026-07-17 09:13:27,410 [ERROR] LogOutputStream:75 - [STDERR_REDIRECT] 
2026-07-17 09:13:28,395 [ERROR] LogOutputStream:75 - [STDERR_REDIRECT] [Fatal Error] :1:1: Premature end of file.
2026-07-17 09:13:28,395 [ERROR] LogOutputStream:75 - [STDERR_REDIRECT] 
2026-07-17 09:13:29,408 [ERROR] LogOutputStream:75 - [STDERR_REDIRECT] [Fatal Error] :1:1: Premature end of file.
2026-07-17 09:13:29,408 [ERROR] LogOutputStream:75 - [STDERR_REDIRECT] 
2026-07-17 09:13:30,396 [ERROR] LogOutputStream:75 - [STDERR_REDIRECT] [Fatal Error] :1:1: Premature end of file.
2026-07-17 09:13:30,396 [ERROR] LogOutputStream:75 - [STDERR_REDIRECT] 
2026-07-17 09:13:31,401 [ERROR] LogOutputStream:75 - [STDERR_REDIRECT] [Fatal Error] :1:1: Premature end of file.
2026-07-17 09:13:31,401 [ERROR] LogOutputStream:75 - [STDERR_REDIRECT] 
2026-07-17 09:13:32,415 [ERROR] LogOutputStream:75 - [STDERR_REDIRECT] [Fatal Error] :1:1: Premature end of file.
2026-07-17 09:13:32,415 [ERROR] LogOutputStream:75 - [STDERR_REDIRECT] 
2026-07-17 09:13:33,401 [ERROR] LogOutputStream:75 - [STDERR_REDIRECT] [Fatal Error] :1:1: Premature end of file.
2026-07-17 09:13:33,401 [ERROR] LogOutputStream:75 - [STDERR_REDIRECT] 
2026-07-17 09:13:34,399 [ERROR] LogOutputStream:75 - [STDERR_REDIRECT] [Fatal Error] :1:1: Premature end of file.
2026-07-17 09:13:34,399 [ERROR] LogOutputStream:75 - [STDERR_REDIRECT] 
2026-07-17 09:13:35,399 [ERROR] LogOutputStream:75 - [STDERR_REDIRECT] [Fatal Error] :1:1: Premature end of file.
2026-07-17 09:13:35,399 [ERROR] LogOutputStream:75 - [STDERR_REDIRECT] 
2026-07-17 09:13:36,414 [ERROR] LogOutputStream:75 - [STDERR_REDIRECT] [Fatal Error] :1:1: Premature end of file.
2026-07-17 09:13:36,414 [ERROR] LogOutputStream:75 - [STDERR_REDIRECT] 
2026-07-17 09:13:37,416 [ERROR] LogOutputStream:75 - [STDERR_REDIRECT] [Fatal Error] :1:1: Premature end of file.
2026-07-17 09:13:37,416 [ERROR] LogOutputStream:75 - [STDERR_REDIRECT] 
2026-07-17 09:13:38,407 [ERROR] LogOutputStream:75 - [STDERR_REDIRECT] [Fatal Error] :1:1: Premature end of file.
2026-07-17 09:13:38,407 [ERROR] LogOutputStream:75 - [STDERR_REDIRECT] 
2026-07-17 09:13:39,411 [ERROR] LogOutputStream:75 - [STDERR_REDIRECT] [Fatal Error] :1:1: Premature end of file.
2026-07-17 09:13:39,411 [ERROR] LogOutputStream:75 - [STDERR_REDIRECT] 
2026-07-17 09:13:40,415 [ERROR] LogOutputStream:75 - [STDERR_REDIRECT] [Fatal Error] :1:1: Premature end of file.
2026-07-17 09:13:40,415 [ERROR] LogOutputStream:75 - [STDERR_REDIRECT] 
2026-07-17 09:13:41,400 [ERROR] LogOutputStream:75 - [STDERR_REDIRECT] [Fatal Error] :1:1: Premature end of file.
2026-07-17 09:13:41,400 [ERROR] LogOutputStream:75 - [STDERR_REDIRECT] 
2026-07-17 09:13:42,403 [ERROR] LogOutputStream:75 - [STDERR_REDIRECT] [Fatal Error] :1:1: Premature end of file.
2026-07-17 09:13:42,403 [ERROR] LogOutputStream:75 - [STDERR_REDIRECT] 
2026-07-17 09:13:43,413 [ERROR] LogOutputStream:75 - [STDERR_REDIRECT] [Fatal Error] :1:1: Premature end of file.
2026-07-17 09:13:43,413 [ERROR] LogOutputStream:75 - [STDERR_REDIRECT] 
2026-07-17 09:13:44,409 [ERROR] LogOutputStream:75 - [STDERR_REDIRECT] [Fatal Error] :1:1: Premature end of file.
2026-07-17 09:13:44,409 [ERROR] LogOutputStream:75 - [STDERR_REDIRECT] 
2026-07-17 09:13:45,397 [ERROR] LogOutputStream:75 - [STDERR_REDIRECT] [Fatal Error] :1:1: Premature end of file.
2026-07-17 09:13:45,397 [ERROR] LogOutputStream:75 - [STDERR_REDIRECT] 
2026-07-17 09:13:46,377 [ERROR] LogOutputStream:75 - [STDERR_REDIRECT] [Fatal Error] :1:1: Premature end of file.
2026-07-17 09:13:46,377 [ERROR] LogOutputStream:75 - [STDERR_REDIRECT] 
2026-07-17 09:13:47,373 [ERROR] LogOutputStream:75 - [STDERR_REDIRECT] [Fatal Error] :1:1: Premature end of file.
2026-07-17 09:13:47,373 [ERROR] LogOutputStream:75 - [STDERR_REDIRECT] 
2026-07-17 09:13:48,379 [ERROR] LogOutputStream:75 - [STDERR_REDIRECT] [Fatal Error] :1:1: Premature end of file.
2026-07-17 09:13:48,379 [ERROR] LogOutputStream:75 - [STDERR_REDIRECT] 
2026-07-17 09:13:49,374 [ERROR] LogOutputStream:75 - [STDERR_REDIRECT] [Fatal Error] :1:1: Premature end of file.
2026-07-17 09:13:49,374 [ERROR] LogOutputStream:75 - [STDERR_REDIRECT] 
2026-07-17 09:13:50,391 [ERROR] LogOutputStream:75 - [STDERR_REDIRECT] [Fatal Error] :1:1: Premature end of file.
2026-07-17 09:13:50,391 [ERROR] LogOutputStream:75 - [STDERR_REDIRECT] 
2026-07-17 09:13:51,397 [ERROR] LogOutputStream:75 - [STDERR_REDIRECT] [Fatal Error] :1:1: Premature end of file.
2026-07-17 09:13:51,397 [ERROR] LogOutputStream:75 - [STDERR_REDIRECT] 
2026-07-17 09:13:52,375 [ERROR] LogOutputStream:75 - [STDERR_REDIRECT] [Fatal Error] :1:1: Premature end of file.
2026-07-17 09:13:52,375 [ERROR] LogOutputStream:75 - [STDERR_REDIRECT] 
2026-07-17 09:13:53,379 [ERROR] LogOutputStream:75 - [STDERR_REDIRECT] [Fatal Error] :1:1: Premature end of file.
2026-07-17 09:13:53,379 [ERROR] LogOutputStream:75 - [STDERR_REDIRECT] 
2026-07-17 09:13:54,378 [ERROR] LogOutputStream:75 - [STDERR_REDIRECT] [Fatal Error] :1:1: Premature end of file.
2026-07-17 09:13:54,378 [ERROR] LogOutputStream:75 - [STDERR_REDIRECT] 
2026-07-17 09:13:55,412 [ERROR] LogOutputStream:75 - [STDERR_REDIRECT] [Fatal Error] :1:1: Premature end of file.
2026-07-17 09:13:55,412 [ERROR] LogOutputStream:75 - [STDERR_REDIRECT] 
2026-07-17 09:13:56,410 [ERROR] LogOutputStream:75 - [STDERR_REDIRECT] [Fatal Error] :1:1: Premature end of file.
2026-07-17 09:13:56,410 [ERROR] LogOutputStream:75 - [STDERR_REDIRECT] 
2026-07-17 09:13:57,403 [ERROR] LogOutputStream:75 - [STDERR_REDIRECT] [Fatal Error] :1:1: Premature end of file.
2026-07-17 09:13:57,403 [ERROR] LogOutputStream:75 - [STDERR_REDIRECT] 
2026-07-17 09:13:58,404 [ERROR] LogOutputStream:75 - [STDERR_REDIRECT] [Fatal Error] :1:1: Premature end of file.
2026-07-17 09:13:58,404 [ERROR] LogOutputStream:75 - [STDERR_REDIRECT] 
2026-07-17 09:13:59,406 [ERROR] LogOutputStream:75 - [STDERR_REDIRECT] [Fatal Error] :1:1: Premature end of file.
2026-07-17 09:13:59,406 [ERROR] LogOutputStream:75 - [STDERR_REDIRECT] 
2026-07-17 09:14:00,408 [ERROR] LogOutputStream:75 - [STDERR_REDIRECT] [Fatal Error] :1:1: Premature end of file.
2026-07-17 09:14:00,408 [ERROR] LogOutputStream:75 - [STDERR_REDIRECT] 
2026-07-17 09:14:01,392 [ERROR] LogOutputStream:75 - [STDERR_REDIRECT] [Fatal Error] :1:1: Premature end of file.
2026-07-17 09:14:01,392 [ERROR] LogOutputStream:75 - [STDERR_REDIRECT] 
2026-07-17 09:14:02,397 [ERROR] LogOutputStream:75 - [STDERR_REDIRECT] [Fatal Error] :1:1: Premature end of file.
2026-07-17 09:14:02,413 [ERROR] LogOutputStream:75 - [STDERR_REDIRECT] 
2026-07-17 09:14:03,408 [ERROR] LogOutputStream:75 - [STDERR_REDIRECT] [Fatal Error] :1:1: Premature end of file.
2026-07-17 09:14:03,408 [ERROR] LogOutputStream:75 - [STDERR_REDIRECT] 
2026-07-17 09:14:04,390 [ERROR] LogOutputStream:75 - [STDERR_REDIRECT] [Fatal Error] :1:1: Premature end of file.
2026-07-17 09:14:04,390 [ERROR] LogOutputStream:75 - [STDERR_REDIRECT] 
2026-07-17 09:14:05,411 [ERROR] LogOutputStream:75 - [STDERR_REDIRECT] [Fatal Error] :1:1: Premature end of file.
2026-07-17 09:14:05,411 [ERROR] LogOutputStream:75 - [STDERR_REDIRECT] 
2026-07-17 09:14:06,406 [ERROR] LogOutputStream:75 - [STDERR_REDIRECT] [Fatal Error] :1:1: Premature end of file.
2026-07-17 09:14:06,406 [ERROR] LogOutputStream:75 - [STDERR_REDIRECT] 
2026-07-17 09:14:07,401 [ERROR] LogOutputStream:75 - [STDERR_REDIRECT] [Fatal Error] :1:1: Premature end of file.
2026-07-17 09:14:07,401 [ERROR] LogOutputStream:75 - [STDERR_REDIRECT] 
2026-07-17 09:14:08,391 [ERROR] LogOutputStream:75 - [STDERR_REDIRECT] [Fatal Error] :1:1: Premature end of file.
2026-07-17 09:14:08,391 [ERROR] LogOutputStream:75 - [STDERR_REDIRECT] 
2026-07-17 09:14:09,411 [ERROR] LogOutputStream:75 - [STDERR_REDIRECT] [Fatal Error] :1:1: Premature end of file.
2026-07-17 09:14:09,411 [ERROR] LogOutputStream:75 - [STDERR_REDIRECT] 
2026-07-17 09:14:10,397 [ERROR] LogOutputStream:75 - [STDERR_REDIRECT] [Fatal Error] :1:1: Premature end of file.
2026-07-17 09:14:10,397 [ERROR] LogOutputStream:75 - [STDERR_REDIRECT] 
2026-07-17 09:14:11,404 [ERROR] LogOutputStream:75 - [STDERR_REDIRECT] [Fatal Error] :1:1: Premature end of file.
2026-07-17 09:14:11,404 [ERROR] LogOutputStream:75 - [STDERR_REDIRECT] 
2026-07-17 09:14:12,400 [ERROR] LogOutputStream:75 - [STDERR_REDIRECT] [Fatal Error] :1:1: Premature end of file.
2026-07-17 09:14:12,400 [ERROR] LogOutputStream:75 - [STDERR_REDIRECT] 
2026-07-17 09:14:13,403 [ERROR] LogOutputStream:75 - [STDERR_REDIRECT] [Fatal Error] :1:1: Premature end of file.
2026-07-17 09:14:13,403 [ERROR] LogOutputStream:75 - [STDERR_REDIRECT] 
2026-07-17 09:14:14,407 [ERROR] LogOutputStream:75 - [STDERR_REDIRECT] [Fatal Error] :1:1: Premature end of file.
2026-07-17 09:14:14,407 [ERROR] LogOutputStream:75 - [STDERR_REDIRECT] 
2026-07-17 09:14:15,416 [ERROR] LogOutputStream:75 - [STDERR_REDIRECT] [Fatal Error] :1:1: Premature end of file.
2026-07-17 09:14:15,416 [ERROR] LogOutputStream:75 - [STDERR_REDIRECT] 
2026-07-17 09:14:16,416 [ERROR] LogOutputStream:75 - [STDERR_REDIRECT] [Fatal Error] :1:1: Premature end of file.
2026-07-17 09:14:16,416 [ERROR] LogOutputStream:75 - [STDERR_REDIRECT] 
2026-07-17 09:14:17,418 [ERROR] LogOutputStream:75 - [STDERR_REDIRECT] [Fatal Error] :1:1: Premature end of file.
2026-07-17 09:14:17,418 [ERROR] LogOutputStream:75 - [STDERR_REDIRECT] 
2026-07-17 09:14:18,408 [ERROR] LogOutputStream:75 - [STDERR_REDIRECT] [Fatal Error] :1:1: Premature end of file.
2026-07-17 09:14:18,408 [ERROR] LogOutputStream:75 - [STDERR_REDIRECT] 
2026-07-17 09:14:19,412 [ERROR] LogOutputStream:75 - [STDERR_REDIRECT] [Fatal Error] :1:1: Premature end of file.
2026-07-17 09:14:19,412 [ERROR] LogOutputStream:75 - [STDERR_REDIRECT] 
2026-07-17 09:14:20,429 [ERROR] LogOutputStream:75 - [STDERR_REDIRECT] [Fatal Error] :1:1: Premature end of file.
2026-07-17 09:14:20,429 [ERROR] LogOutputStream:75 - [STDERR_REDIRECT] 
2026-07-17 09:14:21,418 [ERROR] LogOutputStream:75 - [STDERR_REDIRECT] [Fatal Error] :1:1: Premature end of file.
2026-07-17 09:14:21,418 [ERROR] LogOutputStream:75 - [STDERR_REDIRECT] 
2026-07-17 09:14:22,414 [ERROR] LogOutputStream:75 - [STDERR_REDIRECT] [Fatal Error] :1:1: Premature end of file.
2026-07-17 09:14:22,414 [ERROR] LogOutputStream:75 - [STDERR_REDIRECT] 
2026-07-17 09:14:23,421 [ERROR] LogOutputStream:75 - [STDERR_REDIRECT] [Fatal Error] :1:1: Premature end of file.
2026-07-17 09:14:23,421 [ERROR] LogOutputStream:75 - [STDERR_REDIRECT] 
2026-07-17 09:14:24,392 [ERROR] LogOutputStream:75 - [STDERR_REDIRECT] [Fatal Error] :1:1: Premature end of file.
2026-07-17 09:14:24,392 [ERROR] LogOutputStream:75 - [STDERR_REDIRECT] 
2026-07-17 09:14:25,412 [ERROR] LogOutputStream:75 - [STDERR_REDIRECT] [Fatal Error] :1:1: Premature end of file.
2026-07-17 09:14:25,412 [ERROR] LogOutputStream:75 - [STDERR_REDIRECT] 
2026-07-17 09:14:26,399 [ERROR] LogOutputStream:75 - [STDERR_REDIRECT] [Fatal Error] :1:1: Premature end of file.
2026-07-17 09:14:26,399 [ERROR] LogOutputStream:75 - [STDERR_REDIRECT] 
2026-07-17 09:14:27,403 [ERROR] LogOutputStream:75 - [STDERR_REDIRECT] [Fatal Error] :1:1: Premature end of file.
2026-07-17 09:14:27,403 [ERROR] LogOutputStream:75 - [STDERR_REDIRECT] 
2026-07-17 09:14:28,396 [ERROR] LogOutputStream:75 - [STDERR_REDIRECT] [Fatal Error] :1:1: Premature end of file.
2026-07-17 09:14:28,396 [ERROR] LogOutputStream:75 - [STDERR_REDIRECT] 
2026-07-17 09:14:29,412 [ERROR] LogOutputStream:75 - [STDERR_REDIRECT] [Fatal Error] :1:1: Premature end of file.
2026-07-17 09:14:29,412 [ERROR] LogOutputStream:75 - [STDERR_REDIRECT] 
2026-07-17 09:14:33,472 [ERROR] LogOutputStream:75 - [STDERR_REDIRECT] [Fatal Error] :1:1: Premature end of file.
2026-07-17 09:14:33,472 [ERROR] LogOutputStream:75 - [STDERR_REDIRECT] 
2026-07-17 09:14:33,572 [ERROR] LogOutputStream:75 - [STDERR_REDIRECT] [Fatal Error] :1:1: Premature end of file.
2026-07-17 09:14:33,572 [ERROR] LogOutputStream:75 - [STDERR_REDIRECT] 
2026-07-17 09:14:33,664 [ERROR] LogOutputStream:75 - [STDERR_REDIRECT] [Fatal Error] :1:1: Premature end of file.
2026-07-17 09:14:33,664 [ERROR] LogOutputStream:75 - [STDERR_REDIRECT] 
2026-07-17 09:14:33,764 [ERROR] LogOutputStream:75 - [STDERR_REDIRECT] [Fatal Error] :1:1: Premature end of file.
2026-07-17 09:14:33,764 [ERROR] LogOutputStream:75 - [STDERR_REDIRECT] 
2026-07-17 09:14:34,388 [ERROR] LogOutputStream:75 - [STDERR_REDIRECT] [Fatal Error] :1:1: Premature end of file.
2026-07-17 09:14:34,388 [ERROR] LogOutputStream:75 - [STDERR_REDIRECT] 
2026-07-17 09:14:35,387 [ERROR] LogOutputStream:75 - [STDERR_REDIRECT] [Fatal Error] :1:1: Premature end of file.
2026-07-17 09:14:35,387 [ERROR] LogOutputStream:75 - [STDERR_REDIRECT] 
2026-07-17 09:14:36,400 [ERROR] LogOutputStream:75 - [STDERR_REDIRECT] [Fatal Error] :1:1: Premature end of file.
2026-07-17 09:14:36,400 [ERROR] LogOutputStream:75 - [STDERR_REDIRECT] 
2026-07-17 09:14:37,404 [ERROR] LogOutputStream:75 - [STDERR_REDIRECT] [Fatal Error] :1:1: Premature end of file.
2026-07-17 09:14:37,404 [ERROR] LogOutputStream:75 - [STDERR_REDIRECT] 
2026-07-17 09:14:38,421 [ERROR] LogOutputStream:75 - [STDERR_REDIRECT] [Fatal Error] :1:1: Premature end of file.
2026-07-17 09:14:38,421 [ERROR] LogOutputStream:75 - [STDERR_REDIRECT] 
2026-07-17 09:14:39,395 [ERROR] LogOutputStream:75 - [STDERR_REDIRECT] [Fatal Error] :1:1: Premature end of file.
2026-07-17 09:14:39,395 [ERROR] LogOutputStream:75 - [STDERR_REDIRECT] 
2026-07-17 09:14:40,426 [ERROR] LogOutputStream:75 - [STDERR_REDIRECT] [Fatal Error] :1:1: Premature end of file.
2026-07-17 09:14:40,426 [ERROR] LogOutputStream:75 - [STDERR_REDIRECT] 
2026-07-17 09:14:41,412 [ERROR] LogOutputStream:75 - [STDERR_REDIRECT] [Fatal Error] :1:1: Premature end of file.
2026-07-17 09:14:41,412 [ERROR] LogOutputStream:75 - [STDERR_REDIRECT] 
2026-07-17 09:14:42,405 [ERROR] LogOutputStream:75 - [STDERR_REDIRECT] [Fatal Error] :1:1: Premature end of file.
2026-07-17 09:14:42,405 [ERROR] LogOutputStream:75 - [STDERR_REDIRECT] 
2026-07-17 09:14:43,425 [ERROR] LogOutputStream:75 - [STDERR_REDIRECT] [Fatal Error] :1:1: Premature end of file.
2026-07-17 09:14:43,425 [ERROR] LogOutputStream:75 - [STDERR_REDIRECT] 
2026-07-17 09:14:44,413 [ERROR] LogOutputStream:75 - [STDERR_REDIRECT] [Fatal Error] :1:1: Premature end of file.
2026-07-17 09:14:44,413 [ERROR] LogOutputStream:75 - [STDERR_REDIRECT] 
2026-07-17 09:14:45,401 [ERROR] LogOutputStream:75 - [STDERR_REDIRECT] [Fatal Error] :1:1: Premature end of file.
2026-07-17 09:14:45,401 [ERROR] LogOutputStream:75 - [STDERR_REDIRECT] 
2026-07-17 09:14:46,369 [ERROR] LogOutputStream:75 - [STDERR_REDIRECT] [Fatal Error] :1:1: Premature end of file.
2026-07-17 09:14:46,369 [ERROR] LogOutputStream:75 - [STDERR_REDIRECT] 
2026-07-17 09:14:47,379 [ERROR] LogOutputStream:75 - [STDERR_REDIRECT] [Fatal Error] :1:1: Premature end of file.
2026-07-17 09:14:47,379 [ERROR] LogOutputStream:75 - [STDERR_REDIRECT] 
2026-07-17 09:14:48,374 [ERROR] LogOutputStream:75 - [STDERR_REDIRECT] [Fatal Error] :1:1: Premature end of file.
2026-07-17 09:14:48,374 [ERROR] LogOutputStream:75 - [STDERR_REDIRECT] 
2026-07-17 09:14:49,393 [ERROR] LogOutputStream:75 - [STDERR_REDIRECT] [Fatal Error] :1:1: Premature end of file.
2026-07-17 09:14:49,393 [ERROR] LogOutputStream:75 - [STDERR_REDIRECT] 
2026-07-17 09:14:50,378 [ERROR] LogOutputStream:75 - [STDERR_REDIRECT] [Fatal Error] :1:1: Premature end of file.
2026-07-17 09:14:50,378 [ERROR] LogOutputStream:75 - [STDERR_REDIRECT] 
2026-07-17 09:14:51,383 [ERROR] LogOutputStream:75 - [STDERR_REDIRECT] [Fatal Error] :1:1: Premature end of file.
2026-07-17 09:14:51,383 [ERROR] LogOutputStream:75 - [STDERR_REDIRECT] 
2026-07-17 09:14:52,378 [ERROR] LogOutputStream:75 - [STDERR_REDIRECT] [Fatal Error] :1:1: Premature end of file.
2026-07-17 09:14:52,378 [ERROR] LogOutputStream:75 - [STDERR_REDIRECT] 
2026-07-17 09:14:53,370 [ERROR] LogOutputStream:75 - [STDERR_REDIRECT] [Fatal Error] :1:1: Premature end of file.
2026-07-17 09:14:53,370 [ERROR] LogOutputStream:75 - [STDERR_REDIRECT] 
2026-07-17 09:14:54,374 [ERROR] LogOutputStream:75 - [STDERR_REDIRECT] [Fatal Error] :1:1: Premature end of file.
2026-07-17 09:14:54,374 [ERROR] LogOutputStream:75 - [STDERR_REDIRECT] 
2026-07-17 09:14:55,377 [ERROR] LogOutputStream:75 - [STDERR_REDIRECT] [Fatal Error] :1:1: Premature end of file.
2026-07-17 09:14:55,377 [ERROR] LogOutputStream:75 - [STDERR_REDIRECT] 
2026-07-17 09:14:56,380 [ERROR] LogOutputStream:75 - [STDERR_REDIRECT] [Fatal Error] :1:1: Premature end of file.
2026-07-17 09:14:56,380 [ERROR] LogOutputStream:75 - [STDERR_REDIRECT] 
2026-07-17 09:14:57,388 [ERROR] LogOutputStream:75 - [STDERR_REDIRECT] [Fatal Error] :1:1: Premature end of file.
2026-07-17 09:14:57,388 [ERROR] LogOutputStream:75 - [STDERR_REDIRECT] 
2026-07-17 09:14:58,379 [ERROR] LogOutputStream:75 - [STDERR_REDIRECT] [Fatal Error] :1:1: Premature end of file.
2026-07-17 09:14:58,379 [ERROR] LogOutputStream:75 - [STDERR_REDIRECT] 
2026-07-17 09:14:59,378 [ERROR] LogOutputStream:75 - [STDERR_REDIRECT] [Fatal Error] :1:1: Premature end of file.
2026-07-17 09:14:59,378 [ERROR] LogOutputStream:75 - [STDERR_REDIRECT] 
2026-07-17 09:15:00,382 [ERROR] LogOutputStream:75 - [STDERR_REDIRECT] [Fatal Error] :1:1: Premature end of file.
2026-07-17 09:15:00,382 [ERROR] LogOutputStream:75 - [STDERR_REDIRECT] 
2026-07-17 09:15:01,373 [ERROR] LogOutputStream:75 - [STDERR_REDIRECT] [Fatal Error] :1:1: Premature end of file.
2026-07-17 09:15:01,373 [ERROR] LogOutputStream:75 - [STDERR_REDIRECT] 
2026-07-17 09:15:02,375 [ERROR] LogOutputStream:75 - [STDERR_REDIRECT] [Fatal Error] :1:1: Premature end of file.
2026-07-17 09:15:02,375 [ERROR] LogOutputStream:75 - [STDERR_REDIRECT] 
2026-07-17 09:15:03,382 [ERROR] LogOutputStream:75 - [STDERR_REDIRECT] [Fatal Error] :1:1: Premature end of file.
2026-07-17 09:15:03,382 [ERROR] LogOutputStream:75 - [STDERR_REDIRECT] 
2026-07-17 09:15:04,400 [ERROR] LogOutputStream:75 - [STDERR_REDIRECT] [Fatal Error] :1:1: Premature end of file.
2026-07-17 09:15:04,400 [ERROR] LogOutputStream:75 - [STDERR_REDIRECT] 
2026-07-17 09:15:05,408 [ERROR] LogOutputStream:75 - [STDERR_REDIRECT] [Fatal Error] :1:1: Premature end of file.
2026-07-17 09:15:05,408 [ERROR] LogOutputStream:75 - [STDERR_REDIRECT] 
2026-07-17 09:15:06,402 [ERROR] LogOutputStream:75 - [STDERR_REDIRECT] [Fatal Error] :1:1: Premature end of file.
2026-07-17 09:15:06,402 [ERROR] LogOutputStream:75 - [STDERR_REDIRECT] 
2026-07-17 09:15:07,375 [ERROR] LogOutputStream:75 - [STDERR_REDIRECT] [Fatal Error] :1:1: Premature end of file.
2026-07-17 09:15:07,375 [ERROR] LogOutputStream:75 - [STDERR_REDIRECT] 
2026-07-17 09:15:08,375 [ERROR] LogOutputStream:75 - [STDERR_REDIRECT] [Fatal Error] :1:1: Premature end of file.
2026-07-17 09:15:08,375 [ERROR] LogOutputStream:75 - [STDERR_REDIRECT] 
2026-07-17 09:15:09,396 [ERROR] LogOutputStream:75 - [STDERR_REDIRECT] [Fatal Error] :1:1: Premature end of file.
2026-07-17 09:15:09,396 [ERROR] LogOutputStream:75 - [STDERR_REDIRECT] 
2026-07-17 09:15:10,392 [ERROR] LogOutputStream:75 - [STDERR_REDIRECT] [Fatal Error] :1:1: Premature end of file.
2026-07-17 09:15:10,392 [ERROR] LogOutputStream:75 - [STDERR_REDIRECT] 
2026-07-17 09:15:11,388 [ERROR] LogOutputStream:75 - [STDERR_REDIRECT] [Fatal Error] :1:1: Premature end of file.
2026-07-17 09:15:11,388 [ERROR] LogOutputStream:75 - [STDERR_REDIRECT] 
2026-07-17 09:15:12,398 [ERROR] LogOutputStream:75 - [STDERR_REDIRECT] [Fatal Error] :1:1: Premature end of file.
2026-07-17 09:15:12,398 [ERROR] LogOutputStream:75 - [STDERR_REDIRECT] 
2026-07-17 09:15:13,397 [ERROR] LogOutputStream:75 - [STDERR_REDIRECT] [Fatal Error] :1:1: Premature end of file.
2026-07-17 09:15:13,397 [ERROR] LogOutputStream:75 - [STDERR_REDIRECT] 
2026-07-17 09:15:14,392 [ERROR] LogOutputStream:75 - [STDERR_REDIRECT] [Fatal Error] :1:1: Premature end of file.
2026-07-17 09:15:14,392 [ERROR] LogOutputStream:75 - [STDERR_REDIRECT] 
2026-07-17 09:15:15,375 [ERROR] LogOutputStream:75 - [STDERR_REDIRECT] [Fatal Error] :1:1: Premature end of file.
2026-07-17 09:15:15,375 [ERROR] LogOutputStream:75 - [STDERR_REDIRECT] 
2026-07-17 09:15:16,401 [ERROR] LogOutputStream:75 - [STDERR_REDIRECT] [Fatal Error] :1:1: Premature end of file.
2026-07-17 09:15:16,401 [ERROR] LogOutputStream:75 - [STDERR_REDIRECT] 
2026-07-17 09:15:17,391 [ERROR] LogOutputStream:75 - [STDERR_REDIRECT] [Fatal Error] :1:1: Premature end of file.
2026-07-17 09:15:17,391 [ERROR] LogOutputStream:75 - [STDERR_REDIRECT] 
2026-07-17 09:15:18,386 [ERROR] LogOutputStream:75 - [STDERR_REDIRECT] [Fatal Error] :1:1: Premature end of file.
2026-07-17 09:15:18,386 [ERROR] LogOutputStream:75 - [STDERR_REDIRECT] 
2026-07-17 09:15:19,390 [ERROR] LogOutputStream:75 - [STDERR_REDIRECT] [Fatal Error] :1:1: Premature end of file.
2026-07-17 09:15:19,390 [ERROR] LogOutputStream:75 - [STDERR_REDIRECT] 
2026-07-17 09:15:20,397 [ERROR] LogOutputStream:75 - [STDERR_REDIRECT] [Fatal Error] :1:1: Premature end of file.
2026-07-17 09:15:20,397 [ERROR] LogOutputStream:75 - [STDERR_REDIRECT] 
2026-07-17 09:15:21,386 [ERROR] LogOutputStream:75 - [STDERR_REDIRECT] [Fatal Error] :1:1: Premature end of file.
2026-07-17 09:15:21,386 [ERROR] LogOutputStream:75 - [STDERR_REDIRECT] 
2026-07-17 09:15:22,394 [ERROR] LogOutputStream:75 - [STDERR_REDIRECT] [Fatal Error] :1:1: Premature end of file.
2026-07-17 09:15:22,394 [ERROR] LogOutputStream:75 - [STDERR_REDIRECT] 
2026-07-17 09:15:23,397 [ERROR] LogOutputStream:75 - [STDERR_REDIRECT] [Fatal Error] :1:1: Premature end of file.
2026-07-17 09:15:23,397 [ERROR] LogOutputStream:75 - [STDERR_REDIRECT] 
2026-07-17 09:15:24,390 [ERROR] LogOutputStream:75 - [STDERR_REDIRECT] [Fatal Error] :1:1: Premature end of file.
2026-07-17 09:15:24,390 [ERROR] LogOutputStream:75 - [STDERR_REDIRECT] 
2026-07-17 09:15:25,403 [ERROR] LogOutputStream:75 - [STDERR_REDIRECT] [Fatal Error] :1:1: Premature end of file.
2026-07-17 09:15:25,403 [ERROR] LogOutputStream:75 - [STDERR_REDIRECT] 
2026-07-17 09:15:26,371 [ERROR] LogOutputStream:75 - [STDERR_REDIRECT] [Fatal Error] :1:1: Premature end of file.
2026-07-17 09:15:26,387 [ERROR] LogOutputStream:75 - [STDERR_REDIRECT] 
2026-07-17 09:15:27,392 [ERROR] LogOutputStream:75 - [STDERR_REDIRECT] [Fatal Error] :1:1: Premature end of file.
2026-07-17 09:15:27,392 [ERROR] LogOutputStream:75 - [STDERR_REDIRECT] 
2026-07-17 09:15:28,394 [ERROR] LogOutputStream:75 - [STDERR_REDIRECT] [Fatal Error] :1:1: Premature end of file.
2026-07-17 09:15:28,396 [ERROR] LogOutputStream:75 - [STDERR_REDIRECT] 
2026-07-17 09:15:29,392 [ERROR] LogOutputStream:75 - [STDERR_REDIRECT] [Fatal Error] :1:1: Premature end of file.
2026-07-17 09:15:29,392 [ERROR] LogOutputStream:75 - [STDERR_REDIRECT] 
2026-07-17 09:15:30,389 [ERROR] LogOutputStream:75 - [STDERR_REDIRECT] [Fatal Error] :1:1: Premature end of file.
2026-07-17 09:15:30,389 [ERROR] LogOutputStream:75 - [STDERR_REDIRECT] 
2026-07-17 09:15:31,369 [ERROR] LogOutputStream:75 - [STDERR_REDIRECT] [Fatal Error] :1:1: Premature end of file.
2026-07-17 09:15:31,369 [ERROR] LogOutputStream:75 - [STDERR_REDIRECT] 
2026-07-17 09:15:32,396 [ERROR] LogOutputStream:75 - [STDERR_REDIRECT] [Fatal Error] :1:1: Premature end of file.
2026-07-17 09:15:32,396 [ERROR] LogOutputStream:75 - [STDERR_REDIRECT] 
2026-07-17 09:15:33,373 [ERROR] LogOutputStream:75 - [STDERR_REDIRECT] [Fatal Error] :1:1: Premature end of file.
2026-07-17 09:15:33,373 [ERROR] LogOutputStream:75 - [STDERR_REDIRECT] 
2026-07-17 09:15:34,384 [ERROR] LogOutputStream:75 - [STDERR_REDIRECT] [Fatal Error] :1:1: Premature end of file.
2026-07-17 09:15:34,384 [ERROR] LogOutputStream:75 - [STDERR_REDIRECT] 
2026-07-17 09:15:35,396 [ERROR] LogOutputStream:75 - [STDERR_REDIRECT] [Fatal Error] :1:1: Premature end of file.
2026-07-17 09:15:35,396 [ERROR] LogOutputStream:75 - [STDERR_REDIRECT] 
2026-07-17 09:15:36,392 [ERROR] LogOutputStream:75 - [STDERR_REDIRECT] [Fatal Error] :1:1: Premature end of file.
2026-07-17 09:15:36,392 [ERROR] LogOutputStream:75 - [STDERR_REDIRECT] 
2026-07-17 09:15:37,387 [ERROR] LogOutputStream:75 - [STDERR_REDIRECT] [Fatal Error] :1:1: Premature end of file.
2026-07-17 09:15:37,387 [ERROR] LogOutputStream:75 - [STDERR_REDIRECT] 
2026-07-17 09:15:38,398 [ERROR] LogOutputStream:75 - [STDERR_REDIRECT] [Fatal Error] :1:1: Premature end of file.
2026-07-17 09:15:38,398 [ERROR] LogOutputStream:75 - [STDERR_REDIRECT] 
2026-07-17 09:15:39,378 [ERROR] LogOutputStream:75 - [STDERR_REDIRECT] [Fatal Error] :1:1: Premature end of file.
2026-07-17 09:15:39,378 [ERROR] LogOutputStream:75 - [STDERR_REDIRECT] 
2026-07-17 09:15:40,387 [ERROR] LogOutputStream:75 - [STDERR_REDIRECT] [Fatal Error] :1:1: Premature end of file.
2026-07-17 09:15:40,387 [ERROR] LogOutputStream:75 - [STDERR_REDIRECT] 
2026-07-17 09:15:41,394 [ERROR] LogOutputStream:75 - [STDERR_REDIRECT] [Fatal Error] :1:1: Premature end of file.
2026-07-17 09:15:41,394 [ERROR] LogOutputStream:75 - [STDERR_REDIRECT] 
2026-07-17 09:15:42,376 [ERROR] LogOutputStream:75 - [STDERR_REDIRECT] [Fatal Error] :1:1: Premature end of file.
2026-07-17 09:15:42,376 [ERROR] LogOutputStream:75 - [STDERR_REDIRECT] 
2026-07-17 09:15:43,379 [ERROR] LogOutputStream:75 - [STDERR_REDIRECT] [Fatal Error] :1:1: Premature end of file.
2026-07-17 09:15:43,379 [ERROR] LogOutputStream:75 - [STDERR_REDIRECT] 
2026-07-17 09:15:44,381 [ERROR] LogOutputStream:75 - [STDERR_REDIRECT] [Fatal Error] :1:1: Premature end of file.
2026-07-17 09:15:44,381 [ERROR] LogOutputStream:75 - [STDERR_REDIRECT] 
2026-07-17 09:15:45,398 [ERROR] LogOutputStream:75 - [STDERR_REDIRECT] [Fatal Error] :1:1: Premature end of file.
2026-07-17 09:15:45,398 [ERROR] LogOutputStream:75 - [STDERR_REDIRECT] 
2026-07-17 09:15:46,401 [ERROR] LogOutputStream:75 - [STDERR_REDIRECT] [Fatal Error] :1:1: Premature end of file.
2026-07-17 09:15:46,401 [ERROR] LogOutputStream:75 - [STDERR_REDIRECT] 
2026-07-17 09:15:47,389 [ERROR] LogOutputStream:75 - [STDERR_REDIRECT] [Fatal Error] :1:1: Premature end of file.
2026-07-17 09:15:47,389 [ERROR] LogOutputStream:75 - [STDERR_REDIRECT] 
2026-07-17 09:15:48,386 [ERROR] LogOutputStream:75 - [STDERR_REDIRECT] [Fatal Error] :1:1: Premature end of file.
2026-07-17 09:15:48,386 [ERROR] LogOutputStream:75 - [STDERR_REDIRECT] 
2026-07-17 09:15:49,387 [ERROR] LogOutputStream:75 - [STDERR_REDIRECT] [Fatal Error] :1:1: Premature end of file.
2026-07-17 09:15:49,387 [ERROR] LogOutputStream:75 - [STDERR_REDIRECT] 
2026-07-17 09:15:50,391 [ERROR] LogOutputStream:75 - [STDERR_REDIRECT] [Fatal Error] :1:1: Premature end of file.
2026-07-17 09:15:50,391 [ERROR] LogOutputStream:75 - [STDERR_REDIRECT] 
2026-07-17 09:15:51,381 [ERROR] LogOutputStream:75 - [STDERR_REDIRECT] [Fatal Error] :1:1: Premature end of file.
2026-07-17 09:15:51,381 [ERROR] LogOutputStream:75 - [STDERR_REDIRECT] 
2026-07-17 09:15:52,396 [ERROR] LogOutputStream:75 - [STDERR_REDIRECT] [Fatal Error] :1:1: Premature end of file.
2026-07-17 09:15:52,396 [ERROR] LogOutputStream:75 - [STDERR_REDIRECT] 
2026-07-17 09:15:53,393 [ERROR] LogOutputStream:75 - [STDERR_REDIRECT] [Fatal Error] :1:1: Premature end of file.
2026-07-17 09:15:53,393 [ERROR] LogOutputStream:75 - [STDERR_REDIRECT] 
2026-07-17 09:15:54,388 [ERROR] LogOutputStream:75 - [STDERR_REDIRECT] [Fatal Error] :1:1: Premature end of file.
2026-07-17 09:15:54,388 [ERROR] LogOutputStream:75 - [STDERR_REDIRECT] 
2026-07-17 09:15:55,406 [ERROR] LogOutputStream:75 - [STDERR_REDIRECT] [Fatal Error] :1:1: Premature end of file.
2026-07-17 09:15:55,406 [ERROR] LogOutputStream:75 - [STDERR_REDIRECT] 
2026-07-17 09:15:56,399 [ERROR] LogOutputStream:75 - [STDERR_REDIRECT] [Fatal Error] :1:1: Premature end of file.
2026-07-17 09:15:56,399 [ERROR] LogOutputStream:75 - [STDERR_REDIRECT] 
2026-07-17 09:15:57,396 [ERROR] LogOutputStream:75 - [STDERR_REDIRECT] [Fatal Error] :1:1: Premature end of file.
2026-07-17 09:15:57,396 [ERROR] LogOutputStream:75 - [STDERR_REDIRECT] 
2026-07-17 09:15:58,397 [ERROR] LogOutputStream:75 - [STDERR_REDIRECT] [Fatal Error] :1:1: Premature end of file.
2026-07-17 09:15:58,397 [ERROR] LogOutputStream:75 - [STDERR_REDIRECT] 
2026-07-17 09:15:59,386 [ERROR] LogOutputStream:75 - [STDERR_REDIRECT] [Fatal Error] :1:1: Premature end of file.
2026-07-17 09:15:59,386 [ERROR] LogOutputStream:75 - [STDERR_REDIRECT] 
2026-07-17 09:16:00,387 [ERROR] LogOutputStream:75 - [STDERR_REDIRECT] [Fatal Error] :1:1: Premature end of file.
2026-07-17 09:16:00,387 [ERROR] LogOutputStream:75 - [STDERR_REDIRECT] 
2026-07-17 09:16:01,398 [ERROR] LogOutputStream:75 - [STDERR_REDIRECT] [Fatal Error] :1:1: Premature end of file.
2026-07-17 09:16:01,398 [ERROR] LogOutputStream:75 - [STDERR_REDIRECT] 
2026-07-17 09:16:02,367 [ERROR] LogOutputStream:75 - [STDERR_REDIRECT] [Fatal Error] :1:1: Premature end of file.
2026-07-17 09:16:02,374 [ERROR] LogOutputStream:75 - [STDERR_REDIRECT] 
2026-07-17 09:16:03,381 [ERROR] LogOutputStream:75 - [STDERR_REDIRECT] [Fatal Error] :1:1: Premature end of file.
2026-07-17 09:16:03,381 [ERROR] LogOutputStream:75 - [STDERR_REDIRECT] 
2026-07-17 09:16:04,359 [ERROR] LogOutputStream:75 - [STDERR_REDIRECT] [Fatal Error] :1:1: Premature end of file.
2026-07-17 09:16:04,359 [ERROR] LogOutputStream:75 - [STDERR_REDIRECT] 
2026-07-17 09:16:05,398 [ERROR] LogOutputStream:75 - [STDERR_REDIRECT] [Fatal Error] :1:1: Premature end of file.
2026-07-17 09:16:05,398 [ERROR] LogOutputStream:75 - [STDERR_REDIRECT] 
2026-07-17 09:16:06,394 [ERROR] LogOutputStream:75 - [STDERR_REDIRECT] [Fatal Error] :1:1: Premature end of file.
2026-07-17 09:16:06,394 [ERROR] LogOutputStream:75 - [STDERR_REDIRECT] 
2026-07-17 09:16:07,382 [ERROR] LogOutputStream:75 - [STDERR_REDIRECT] [Fatal Error] :1:1: Premature end of file.
2026-07-17 09:16:07,382 [ERROR] LogOutputStream:75 - [STDERR_REDIRECT] 
2026-07-17 09:16:08,377 [ERROR] LogOutputStream:75 - [STDERR_REDIRECT] [Fatal Error] :1:1: Premature end of file.
2026-07-17 09:16:08,377 [ERROR] LogOutputStream:75 - [STDERR_REDIRECT] 
2026-07-17 09:16:09,386 [ERROR] LogOutputStream:75 - [STDERR_REDIRECT] [Fatal Error] :1:1: Premature end of file.
2026-07-17 09:16:09,386 [ERROR] LogOutputStream:75 - [STDERR_REDIRECT] 
2026-07-17 09:16:10,398 [ERROR] LogOutputStream:75 - [STDERR_REDIRECT] [Fatal Error] :1:1: Premature end of file.
2026-07-17 09:16:10,398 [ERROR] LogOutputStream:75 - [STDERR_REDIRECT] 
2026-07-17 09:16:11,376 [ERROR] LogOutputStream:75 - [STDERR_REDIRECT] [Fatal Error] :1:1: Premature end of file.
2026-07-17 09:16:11,376 [ERROR] LogOutputStream:75 - [STDERR_REDIRECT] 
2026-07-17 09:16:12,400 [ERROR] LogOutputStream:75 - [STDERR_REDIRECT] [Fatal Error] :1:1: Premature end of file.
2026-07-17 09:16:12,400 [ERROR] LogOutputStream:75 - [STDERR_REDIRECT] 
2026-07-17 09:16:13,394 [ERROR] LogOutputStream:75 - [STDERR_REDIRECT] [Fatal Error] :1:1: Premature end of file.
2026-07-17 09:16:13,394 [ERROR] LogOutputStream:75 - [STDERR_REDIRECT] 
2026-07-17 09:16:14,388 [ERROR] LogOutputStream:75 - [STDERR_REDIRECT] [Fatal Error] :1:1: Premature end of file.
2026-07-17 09:16:14,388 [ERROR] LogOutputStream:75 - [STDERR_REDIRECT] 
2026-07-17 09:16:15,395 [ERROR] LogOutputStream:75 - [STDERR_REDIRECT] [Fatal Error] :1:1: Premature end of file.
2026-07-17 09:16:15,395 [ERROR] LogOutputStream:75 - [STDERR_REDIRECT] 
2026-07-17 09:16:16,390 [ERROR] LogOutputStream:75 - [STDERR_REDIRECT] [Fatal Error] :1:1: Premature end of file.
2026-07-17 09:16:16,390 [ERROR] LogOutputStream:75 - [STDERR_REDIRECT] 
2026-07-17 09:16:17,391 [ERROR] LogOutputStream:75 - [STDERR_REDIRECT] [Fatal Error] :1:1: Premature end of file.
2026-07-17 09:16:17,391 [ERROR] LogOutputStream:75 - [STDERR_REDIRECT] 
2026-07-17 09:16:18,389 [ERROR] LogOutputStream:75 - [STDERR_REDIRECT] [Fatal Error] :1:1: Premature end of file.
2026-07-17 09:16:18,389 [ERROR] LogOutputStream:75 - [STDERR_REDIRECT] 
2026-07-17 09:16:19,394 [ERROR] LogOutputStream:75 - [STDERR_REDIRECT] [Fatal Error] :1:1: Premature end of file.
2026-07-17 09:16:19,394 [ERROR] LogOutputStream:75 - [STDERR_REDIRECT] 
2026-07-17 09:16:20,374 [ERROR] LogOutputStream:75 - [STDERR_REDIRECT] [Fatal Error] :1:1: Premature end of file.
2026-07-17 09:16:20,374 [ERROR] LogOutputStream:75 - [STDERR_REDIRECT] 
2026-07-17 09:16:21,377 [ERROR] LogOutputStream:75 - [STDERR_REDIRECT] [Fatal Error] :1:1: Premature end of file.
2026-07-17 09:16:21,377 [ERROR] LogOutputStream:75 - [STDERR_REDIRECT] 
2026-07-17 09:16:22,381 [ERROR] LogOutputStream:75 - [STDERR_REDIRECT] [Fatal Error] :1:1: Premature end of file.
2026-07-17 09:16:22,381 [ERROR] LogOutputStream:75 - [STDERR_REDIRECT] 
2026-07-17 09:16:23,394 [ERROR] LogOutputStream:75 - [STDERR_REDIRECT] [Fatal Error] :1:1: Premature end of file.
2026-07-17 09:16:23,394 [ERROR] LogOutputStream:75 - [STDERR_REDIRECT] 
2026-07-17 09:16:24,387 [ERROR] LogOutputStream:75 - [STDERR_REDIRECT] [Fatal Error] :1:1: Premature end of file.
2026-07-17 09:16:24,387 [ERROR] LogOutputStream:75 - [STDERR_REDIRECT] 
2026-07-17 09:16:25,386 [ERROR] LogOutputStream:75 - [STDERR_REDIRECT] [Fatal Error] :1:1: Premature end of file.
2026-07-17 09:16:25,386 [ERROR] LogOutputStream:75 - [STDERR_REDIRECT] 
2026-07-17 09:16:26,396 [ERROR] LogOutputStream:75 - [STDERR_REDIRECT] [Fatal Error] :1:1: Premature end of file.
2026-07-17 09:16:26,396 [ERROR] LogOutputStream:75 - [STDERR_REDIRECT] 
2026-07-17 09:16:27,392 [ERROR] LogOutputStream:75 - [STDERR_REDIRECT] [Fatal Error] :1:1: Premature end of file.
2026-07-17 09:16:27,392 [ERROR] LogOutputStream:75 - [STDERR_REDIRECT] 
2026-07-17 09:16:28,381 [ERROR] LogOutputStream:75 - [STDERR_REDIRECT] [Fatal Error] :1:1: Premature end of file.
2026-07-17 09:16:28,381 [ERROR] LogOutputStream:75 - [STDERR_REDIRECT] 
2026-07-17 09:16:29,398 [ERROR] LogOutputStream:75 - [STDERR_REDIRECT] [Fatal Error] :1:1: Premature end of file.
2026-07-17 09:16:29,398 [ERROR] LogOutputStream:75 - [STDERR_REDIRECT] 
2026-07-17 09:16:30,401 [ERROR] LogOutputStream:75 - [STDERR_REDIRECT] [Fatal Error] :1:1: Premature end of file.
2026-07-17 09:16:30,401 [ERROR] LogOutputStream:75 - [STDERR_REDIRECT] 
2026-07-17 09:16:31,354 [ERROR] LogOutputStream:75 - [STDERR_REDIRECT] [Fatal Error] :1:1: Premature end of file.
2026-07-17 09:16:31,354 [ERROR] LogOutputStream:75 - [STDERR_REDIRECT] 
2026-07-17 09:16:32,366 [ERROR] LogOutputStream:75 - [STDERR_REDIRECT] [Fatal Error] :1:1: Premature end of file.
2026-07-17 09:16:32,366 [ERROR] LogOutputStream:75 - [STDERR_REDIRECT] 
2026-07-17 09:16:33,359 [ERROR] LogOutputStream:75 - [STDERR_REDIRECT] [Fatal Error] :1:1: Premature end of file.
2026-07-17 09:16:33,359 [ERROR] LogOutputStream:75 - [STDERR_REDIRECT] 
2026-07-17 09:16:34,355 [ERROR] LogOutputStream:75 - [STDERR_REDIRECT] [Fatal Error] :1:1: Premature end of file.
2026-07-17 09:16:34,355 [ERROR] LogOutputStream:75 - [STDERR_REDIRECT] 
2026-07-17 09:16:35,362 [ERROR] LogOutputStream:75 - [STDERR_REDIRECT] [Fatal Error] :1:1: Premature end of file.
2026-07-17 09:16:35,362 [ERROR] LogOutputStream:75 - [STDERR_REDIRECT] 
2026-07-17 09:16:36,388 [ERROR] LogOutputStream:75 - [STDERR_REDIRECT] [Fatal Error] :1:1: Premature end of file.
2026-07-17 09:16:36,388 [ERROR] LogOutputStream:75 - [STDERR_REDIRECT] 
2026-07-17 09:16:37,382 [ERROR] LogOutputStream:75 - [STDERR_REDIRECT] [Fatal Error] :1:1: Premature end of file.
2026-07-17 09:16:37,386 [ERROR] LogOutputStream:75 - [STDERR_REDIRECT] 
2026-07-17 09:16:38,403 [ERROR] LogOutputStream:75 - [STDERR_REDIRECT] [Fatal Error] :1:1: Premature end of file.
2026-07-17 09:16:38,403 [ERROR] LogOutputStream:75 - [STDERR_REDIRECT] 
2026-07-17 09:16:39,388 [ERROR] LogOutputStream:75 - [STDERR_REDIRECT] [Fatal Error] :1:1: Premature end of file.
2026-07-17 09:16:39,388 [ERROR] LogOutputStream:75 - [STDERR_REDIRECT] 
2026-07-17 09:16:40,393 [ERROR] LogOutputStream:75 - [STDERR_REDIRECT] [Fatal Error] :1:1: Premature end of file.
2026-07-17 09:16:40,393 [ERROR] LogOutputStream:75 - [STDERR_REDIRECT] 
2026-07-17 09:16:41,393 [ERROR] LogOutputStream:75 - [STDERR_REDIRECT] [Fatal Error] :1:1: Premature end of file.
2026-07-17 09:16:41,393 [ERROR] LogOutputStream:75 - [STDERR_REDIRECT] 
2026-07-17 09:16:42,395 [ERROR] LogOutputStream:75 - [STDERR_REDIRECT] [Fatal Error] :1:1: Premature end of file.
2026-07-17 09:16:42,395 [ERROR] LogOutputStream:75 - [STDERR_REDIRECT] 
2026-07-17 09:16:43,380 [ERROR] LogOutputStream:75 - [STDERR_REDIRECT] [Fatal Error] :1:1: Premature end of file.
2026-07-17 09:16:43,380 [ERROR] LogOutputStream:75 - [STDERR_REDIRECT] 
2026-07-17 09:16:44,467 [ERROR] LogOutputStream:75 - [STDERR_REDIRECT] [Fatal Error] :1:1: Premature end of file.
2026-07-17 09:16:44,467 [ERROR] LogOutputStream:75 - [STDERR_REDIRECT] 
2026-07-17 09:16:45,381 [ERROR] LogOutputStream:75 - [STDERR_REDIRECT] [Fatal Error] :1:1: Premature end of file.
2026-07-17 09:16:45,381 [ERROR] LogOutputStream:75 - [STDERR_REDIRECT] 
2026-07-17 09:16:46,391 [ERROR] LogOutputStream:75 - [STDERR_REDIRECT] [Fatal Error] :1:1: Premature end of file.
2026-07-17 09:16:46,391 [ERROR] LogOutputStream:75 - [STDERR_REDIRECT] 
2026-07-17 09:16:47,421 [ERROR] LogOutputStream:75 - [STDERR_REDIRECT] [Fatal Error] :1:1: Premature end of file.
2026-07-17 09:16:47,421 [ERROR] LogOutputStream:75 - [STDERR_REDIRECT] 
2026-07-17 09:16:48,449 [ERROR] LogOutputStream:75 - [STDERR_REDIRECT] [Fatal Error] :1:1: Premature end of file.
2026-07-17 09:16:48,449 [ERROR] LogOutputStream:75 - [STDERR_REDIRECT] 
2026-07-17 09:16:49,424 [ERROR] LogOutputStream:75 - [STDERR_REDIRECT] [Fatal Error] :1:1: Premature end of file.
2026-07-17 09:16:49,424 [ERROR] LogOutputStream:75 - [STDERR_REDIRECT] 
2026-07-17 09:16:50,423 [ERROR] LogOutputStream:75 - [STDERR_REDIRECT] [Fatal Error] :1:1: Premature end of file.
2026-07-17 09:16:50,423 [ERROR] LogOutputStream:75 - [STDERR_REDIRECT] 
2026-07-17 09:16:51,444 [ERROR] LogOutputStream:75 - [STDERR_REDIRECT] [Fatal Error] :1:1: Premature end of file.
2026-07-17 09:16:51,444 [ERROR] LogOutputStream:75 - [STDERR_REDIRECT] 
2026-07-17 09:16:52,420 [ERROR] LogOutputStream:75 - [STDERR_REDIRECT] [Fatal Error] :1:1: Premature end of file.
2026-07-17 09:16:52,420 [ERROR] LogOutputStream:75 - [STDERR_REDIRECT] 
2026-07-17 09:16:53,433 [ERROR] LogOutputStream:75 - [STDERR_REDIRECT] [Fatal Error] :1:1: Premature end of file.
2026-07-17 09:16:53,433 [ERROR] LogOutputStream:75 - [STDERR_REDIRECT] 
2026-07-17 09:16:54,395 [ERROR] LogOutputStream:75 - [STDERR_REDIRECT] [Fatal Error] :1:1: Premature end of file.
2026-07-17 09:16:54,395 [ERROR] LogOutputStream:75 - [STDERR_REDIRECT] 
2026-07-17 09:16:55,384 [ERROR] LogOutputStream:75 - [STDERR_REDIRECT] [Fatal Error] :1:1: Premature end of file.
2026-07-17 09:16:55,384 [ERROR] LogOutputStream:75 - [STDERR_REDIRECT] 
2026-07-17 09:16:56,374 [ERROR] LogOutputStream:75 - [STDERR_REDIRECT] [Fatal Error] :1:1: Premature end of file.
2026-07-17 09:16:56,374 [ERROR] LogOutputStream:75 - [STDERR_REDIRECT] 
2026-07-17 09:16:57,387 [ERROR] LogOutputStream:75 - [STDERR_REDIRECT] [Fatal Error] :1:1: Premature end of file.
2026-07-17 09:16:57,387 [ERROR] LogOutputStream:75 - [STDERR_REDIRECT] 
2026-07-17 09:16:58,378 [ERROR] LogOutputStream:75 - [STDERR_REDIRECT] [Fatal Error] :1:1: Premature end of file.
2026-07-17 09:16:58,378 [ERROR] LogOutputStream:75 - [STDERR_REDIRECT] 
2026-07-17 09:16:59,383 [ERROR] LogOutputStream:75 - [STDERR_REDIRECT] [Fatal Error] :1:1: Premature end of file.
2026-07-17 09:16:59,383 [ERROR] LogOutputStream:75 - [STDERR_REDIRECT] 
2026-07-17 09:17:00,455 [ERROR] LogOutputStream:75 - [STDERR_REDIRECT] [Fatal Error] :1:1: Premature end of file.
2026-07-17 09:17:00,455 [ERROR] LogOutputStream:75 - [STDERR_REDIRECT] 
2026-07-17 09:17:01,395 [ERROR] LogOutputStream:75 - [STDERR_REDIRECT] [Fatal Error] :1:1: Premature end of file.
2026-07-17 09:17:01,395 [ERROR] LogOutputStream:75 - [STDERR_REDIRECT] 
2026-07-17 09:17:02,383 [ERROR] LogOutputStream:75 - [STDERR_REDIRECT] [Fatal Error] :1:1: Premature end of file.
2026-07-17 09:17:02,383 [ERROR] LogOutputStream:75 - [STDERR_REDIRECT] 
2026-07-17 09:17:03,387 [ERROR] LogOutputStream:75 - [STDERR_REDIRECT] [Fatal Error] :1:1: Premature end of file.
2026-07-17 09:17:03,387 [ERROR] LogOutputStream:75 - [STDERR_REDIRECT] 
2026-07-17 09:17:04,388 [ERROR] LogOutputStream:75 - [STDERR_REDIRECT] [Fatal Error] :1:1: Premature end of file.
2026-07-17 09:17:04,388 [ERROR] LogOutputStream:75 - [STDERR_REDIRECT] 
2026-07-17 09:17:05,383 [ERROR] LogOutputStream:75 - [STDERR_REDIRECT] [Fatal Error] :1:1: Premature end of file.
2026-07-17 09:17:05,383 [ERROR] LogOutputStream:75 - [STDERR_REDIRECT] 
2026-07-17 09:17:06,407 [ERROR] LogOutputStream:75 - [STDERR_REDIRECT] [Fatal Error] :1:1: Premature end of file.
2026-07-17 09:17:06,407 [ERROR] LogOutputStream:75 - [STDERR_REDIRECT] 
2026-07-17 09:17:07,389 [ERROR] LogOutputStream:75 - [STDERR_REDIRECT] [Fatal Error] :1:1: Premature end of file.
2026-07-17 09:17:07,389 [ERROR] LogOutputStream:75 - [STDERR_REDIRECT] 
2026-07-17 09:17:08,393 [ERROR] LogOutputStream:75 - [STDERR_REDIRECT] [Fatal Error] :1:1: Premature end of file.
2026-07-17 09:17:08,393 [ERROR] LogOutputStream:75 - [STDERR_REDIRECT] 
2026-07-17 09:17:09,378 [ERROR] LogOutputStream:75 - [STDERR_REDIRECT] [Fatal Error] :1:1: Premature end of file.
2026-07-17 09:17:09,378 [ERROR] LogOutputStream:75 - [STDERR_REDIRECT] 
2026-07-17 09:17:10,389 [ERROR] LogOutputStream:75 - [STDERR_REDIRECT] [Fatal Error] :1:1: Premature end of file.
2026-07-17 09:17:10,389 [ERROR] LogOutputStream:75 - [STDERR_REDIRECT] 
2026-07-17 09:17:11,404 [ERROR] LogOutputStream:75 - [STDERR_REDIRECT] [Fatal Error] :1:1: Premature end of file.
2026-07-17 09:17:11,404 [ERROR] LogOutputStream:75 - [STDERR_REDIRECT] 
2026-07-17 09:17:12,391 [ERROR] LogOutputStream:75 - [STDERR_REDIRECT] [Fatal Error] :1:1: Premature end of file.
2026-07-17 09:17:12,391 [ERROR] LogOutputStream:75 - [STDERR_REDIRECT] 
2026-07-17 09:17:13,386 [ERROR] LogOutputStream:75 - [STDERR_REDIRECT] [Fatal Error] :1:1: Premature end of file.
2026-07-17 09:17:13,386 [ERROR] LogOutputStream:75 - [STDERR_REDIRECT] 
2026-07-17 09:17:14,363 [ERROR] LogOutputStream:75 - [STDERR_REDIRECT] [Fatal Error] :1:1: Premature end of file.
2026-07-17 09:17:14,371 [ERROR] LogOutputStream:75 - [STDERR_REDIRECT] 
2026-07-17 09:17:15,381 [ERROR] LogOutputStream:75 - [STDERR_REDIRECT] [Fatal Error] :1:1: Premature end of file.
2026-07-17 09:17:15,381 [ERROR] LogOutputStream:75 - [STDERR_REDIRECT] 
2026-07-17 09:17:16,393 [ERROR] LogOutputStream:75 - [STDERR_REDIRECT] [Fatal Error] :1:1: Premature end of file.
2026-07-17 09:17:16,393 [ERROR] LogOutputStream:75 - [STDERR_REDIRECT] 
2026-07-17 09:17:17,388 [ERROR] LogOutputStream:75 - [STDERR_REDIRECT] [Fatal Error] :1:1: Premature end of file.
2026-07-17 09:17:17,388 [ERROR] LogOutputStream:75 - [STDERR_REDIRECT] 
2026-07-17 09:17:18,390 [ERROR] LogOutputStream:75 - [STDERR_REDIRECT] [Fatal Error] :1:1: Premature end of file.
2026-07-17 09:17:18,390 [ERROR] LogOutputStream:75 - [STDERR_REDIRECT] 
2026-07-17 09:17:19,414 [ERROR] LogOutputStream:75 - [STDERR_REDIRECT] [Fatal Error] :1:1: Premature end of file.
2026-07-17 09:17:19,414 [ERROR] LogOutputStream:75 - [STDERR_REDIRECT] 
2026-07-17 09:17:20,413 [ERROR] LogOutputStream:75 - [STDERR_REDIRECT] [Fatal Error] :1:1: Premature end of file.
2026-07-17 09:17:20,414 [ERROR] LogOutputStream:75 - [STDERR_REDIRECT] 
2026-07-17 09:17:21,402 [ERROR] LogOutputStream:75 - [STDERR_REDIRECT] [Fatal Error] :1:1: Premature end of file.
2026-07-17 09:17:21,408 [ERROR] LogOutputStream:75 - [STDERR_REDIRECT] 
2026-07-17 09:17:22,440 [ERROR] LogOutputStream:75 - [STDERR_REDIRECT] [Fatal Error] :1:1: Premature end of file.
2026-07-17 09:17:22,440 [ERROR] LogOutputStream:75 - [STDERR_REDIRECT] 
2026-07-17 09:17:23,393 [ERROR] LogOutputStream:75 - [STDERR_REDIRECT] [Fatal Error] :1:1: Premature end of file.
2026-07-17 09:17:23,397 [ERROR] LogOutputStream:75 - [STDERR_REDIRECT] 
2026-07-17 09:17:24,404 [ERROR] LogOutputStream:75 - [STDERR_REDIRECT] [Fatal Error] :1:1: Premature end of file.
2026-07-17 09:17:24,404 [ERROR] LogOutputStream:75 - [STDERR_REDIRECT] 
2026-07-17 09:17:25,410 [ERROR] LogOutputStream:75 - [STDERR_REDIRECT] [Fatal Error] :1:1: Premature end of file.
2026-07-17 09:17:25,418 [ERROR] LogOutputStream:75 - [STDERR_REDIRECT] 
2026-07-17 09:17:26,395 [ERROR] LogOutputStream:75 - [STDERR_REDIRECT] [Fatal Error] :1:1: Premature end of file.
2026-07-17 09:17:26,395 [ERROR] LogOutputStream:75 - [STDERR_REDIRECT] 
2026-07-17 09:17:27,399 [ERROR] LogOutputStream:75 - [STDERR_REDIRECT] [Fatal Error] :1:1: Premature end of file.
2026-07-17 09:17:27,399 [ERROR] LogOutputStream:75 - [STDERR_REDIRECT] 
2026-07-17 09:17:28,392 [ERROR] LogOutputStream:75 - [STDERR_REDIRECT] [Fatal Error] :1:1: Premature end of file.
2026-07-17 09:17:28,400 [ERROR] LogOutputStream:75 - [STDERR_REDIRECT] 
2026-07-17 09:17:29,391 [ERROR] LogOutputStream:75 - [STDERR_REDIRECT] [Fatal Error] :1:1: Premature end of file.
2026-07-17 09:17:29,391 [ERROR] LogOutputStream:75 - [STDERR_REDIRECT] 
2026-07-17 09:17:30,404 [ERROR] LogOutputStream:75 - [STDERR_REDIRECT] [Fatal Error] :1:1: Premature end of file.
2026-07-17 09:17:30,404 [ERROR] LogOutputStream:75 - [STDERR_REDIRECT] 
2026-07-17 09:17:31,379 [ERROR] LogOutputStream:75 - [STDERR_REDIRECT] [Fatal Error] :1:1: Premature end of file.
2026-07-17 09:17:31,379 [ERROR] LogOutputStream:75 - [STDERR_REDIRECT] 
2026-07-17 09:17:32,391 [ERROR] LogOutputStream:75 - [STDERR_REDIRECT] [Fatal Error] :1:1: Premature end of file.
2026-07-17 09:17:32,391 [ERROR] LogOutputStream:75 - [STDERR_REDIRECT] 
2026-07-17 09:17:33,386 [ERROR] LogOutputStream:75 - [STDERR_REDIRECT] [Fatal Error] :1:1: Premature end of file.
2026-07-17 09:17:33,386 [ERROR] LogOutputStream:75 - [STDERR_REDIRECT] 
2026-07-17 09:17:34,403 [ERROR] LogOutputStream:75 - [STDERR_REDIRECT] [Fatal Error] :1:1: Premature end of file.
2026-07-17 09:17:34,403 [ERROR] LogOutputStream:75 - [STDERR_REDIRECT] 
2026-07-17 09:17:35,391 [ERROR] LogOutputStream:75 - [STDERR_REDIRECT] [Fatal Error] :1:1: Premature end of file.
2026-07-17 09:17:35,391 [ERROR] LogOutputStream:75 - [STDERR_REDIRECT] 
2026-07-17 09:17:36,401 [ERROR] LogOutputStream:75 - [STDERR_REDIRECT] [Fatal Error] :1:1: Premature end of file.
2026-07-17 09:17:36,401 [ERROR] LogOutputStream:75 - [STDERR_REDIRECT] 
2026-07-17 09:17:37,369 [ERROR] LogOutputStream:75 - [STDERR_REDIRECT] [Fatal Error] :1:1: Premature end of file.
2026-07-17 09:17:37,369 [ERROR] LogOutputStream:75 - [STDERR_REDIRECT] 
2026-07-17 09:17:38,372 [ERROR] LogOutputStream:75 - [STDERR_REDIRECT] [Fatal Error] :1:1: Premature end of file.
2026-07-17 09:17:38,372 [ERROR] LogOutputStream:75 - [STDERR_REDIRECT] 
2026-07-17 09:17:39,400 [ERROR] LogOutputStream:75 - [STDERR_REDIRECT] [Fatal Error] :1:1: Premature end of file.
2026-07-17 09:17:39,400 [ERROR] LogOutputStream:75 - [STDERR_REDIRECT] 
2026-07-17 09:17:40,393 [ERROR] LogOutputStream:75 - [STDERR_REDIRECT] [Fatal Error] :1:1: Premature end of file.
2026-07-17 09:17:40,393 [ERROR] LogOutputStream:75 - [STDERR_REDIRECT] 
2026-07-17 09:17:41,406 [ERROR] LogOutputStream:75 - [STDERR_REDIRECT] [Fatal Error] :1:1: Premature end of file.
2026-07-17 09:17:41,407 [ERROR] LogOutputStream:75 - [STDERR_REDIRECT] 
2026-07-17 09:17:42,397 [ERROR] LogOutputStream:75 - [STDERR_REDIRECT] [Fatal Error] :1:1: Premature end of file.
2026-07-17 09:17:42,397 [ERROR] LogOutputStream:75 - [STDERR_REDIRECT] 
2026-07-17 09:17:43,409 [ERROR] LogOutputStream:75 - [STDERR_REDIRECT] [Fatal Error] :1:1: Premature end of file.
2026-07-17 09:17:43,409 [ERROR] LogOutputStream:75 - [STDERR_REDIRECT] 
2026-07-17 09:17:44,411 [ERROR] LogOutputStream:75 - [STDERR_REDIRECT] [Fatal Error] :1:1: Premature end of file.
2026-07-17 09:17:44,411 [ERROR] LogOutputStream:75 - [STDERR_REDIRECT] 
2026-07-17 09:17:45,384 [ERROR] LogOutputStream:75 - [STDERR_REDIRECT] [Fatal Error] :1:1: Premature end of file.
2026-07-17 09:17:45,384 [ERROR] LogOutputStream:75 - [STDERR_REDIRECT] 
2026-07-17 09:17:46,389 [ERROR] LogOutputStream:75 - [STDERR_REDIRECT] [Fatal Error] :1:1: Premature end of file.
2026-07-17 09:17:46,389 [ERROR] LogOutputStream:75 - [STDERR_REDIRECT] 
2026-07-17 09:17:47,385 [ERROR] LogOutputStream:75 - [STDERR_REDIRECT] [Fatal Error] :1:1: Premature end of file.
2026-07-17 09:17:47,385 [ERROR] LogOutputStream:75 - [STDERR_REDIRECT] 
2026-07-17 09:17:48,397 [ERROR] LogOutputStream:75 - [STDERR_REDIRECT] [Fatal Error] :1:1: Premature end of file.
2026-07-17 09:17:48,397 [ERROR] LogOutputStream:75 - [STDERR_REDIRECT] 
2026-07-17 09:17:49,393 [ERROR] LogOutputStream:75 - [STDERR_REDIRECT] [Fatal Error] :1:1: Premature end of file.
2026-07-17 09:17:49,393 [ERROR] LogOutputStream:75 - [STDERR_REDIRECT] 
2026-07-17 09:17:50,406 [ERROR] LogOutputStream:75 - [STDERR_REDIRECT] [Fatal Error] :1:1: Premature end of file.
2026-07-17 09:17:50,406 [ERROR] LogOutputStream:75 - [STDERR_REDIRECT] 
2026-07-17 09:17:51,392 [ERROR] LogOutputStream:75 - [STDERR_REDIRECT] [Fatal Error] :1:1: Premature end of file.
2026-07-17 09:17:51,392 [ERROR] LogOutputStream:75 - [STDERR_REDIRECT] 
2026-07-17 09:17:52,401 [ERROR] LogOutputStream:75 - [STDERR_REDIRECT] [Fatal Error] :1:1: Premature end of file.
2026-07-17 09:17:52,401 [ERROR] LogOutputStream:75 - [STDERR_REDIRECT] 
2026-07-17 09:17:53,392 [ERROR] LogOutputStream:75 - [STDERR_REDIRECT] [Fatal Error] :1:1: Premature end of file.
2026-07-17 09:17:53,392 [ERROR] LogOutputStream:75 - [STDERR_REDIRECT] 
2026-07-17 09:17:54,393 [ERROR] LogOutputStream:75 - [STDERR_REDIRECT] [Fatal Error] :1:1: Premature end of file.
2026-07-17 09:17:54,393 [ERROR] LogOutputStream:75 - [STDERR_REDIRECT] 
2026-07-17 09:17:55,396 [ERROR] LogOutputStream:75 - [STDERR_REDIRECT] [Fatal Error] :1:1: Premature end of file.
2026-07-17 09:17:55,396 [ERROR] LogOutputStream:75 - [STDERR_REDIRECT] 
2026-07-17 09:17:56,405 [ERROR] LogOutputStream:75 - [STDERR_REDIRECT] [Fatal Error] :1:1: Premature end of file.
2026-07-17 09:17:56,405 [ERROR] LogOutputStream:75 - [STDERR_REDIRECT] 
2026-07-17 09:17:57,400 [ERROR] LogOutputStream:75 - [STDERR_REDIRECT] [Fatal Error] :1:1: Premature end of file.
2026-07-17 09:17:57,400 [ERROR] LogOutputStream:75 - [STDERR_REDIRECT] 
2026-07-17 09:17:58,478 [ERROR] LogOutputStream:75 - [STDERR_REDIRECT] [Fatal Error] :1:1: Premature end of file.
2026-07-17 09:17:58,478 [ERROR] LogOutputStream:75 - [STDERR_REDIRECT] 
2026-07-17 09:17:59,437 [ERROR] LogOutputStream:75 - [STDERR_REDIRECT] [Fatal Error] :1:1: Premature end of file.
2026-07-17 09:17:59,437 [ERROR] LogOutputStream:75 - [STDERR_REDIRECT] 
2026-07-17 09:18:00,486 [ERROR] LogOutputStream:75 - [STDERR_REDIRECT] [Fatal Error] :1:1: Premature end of file.
2026-07-17 09:18:00,486 [ERROR] LogOutputStream:75 - [STDERR_REDIRECT] 
2026-07-17 09:18:01,450 [ERROR] LogOutputStream:75 - [STDERR_REDIRECT] [Fatal Error] :1:1: Premature end of file.
2026-07-17 09:18:01,453 [ERROR] LogOutputStream:75 - [STDERR_REDIRECT] 
2026-07-17 09:18:02,444 [ERROR] LogOutputStream:75 - [STDERR_REDIRECT] [Fatal Error] :1:1: Premature end of file.
2026-07-17 09:18:02,444 [ERROR] LogOutputStream:75 - [STDERR_REDIRECT] 
2026-07-17 09:18:03,433 [ERROR] LogOutputStream:75 - [STDERR_REDIRECT] [Fatal Error] :1:1: Premature end of file.
2026-07-17 09:18:03,439 [ERROR] LogOutputStream:75 - [STDERR_REDIRECT] 
2026-07-17 09:18:04,453 [ERROR] LogOutputStream:75 - [STDERR_REDIRECT] [Fatal Error] :1:1: Premature end of file.
2026-07-17 09:18:04,453 [ERROR] LogOutputStream:75 - [STDERR_REDIRECT] 
2026-07-17 09:18:05,399 [ERROR] LogOutputStream:75 - [STDERR_REDIRECT] [Fatal Error] :1:1: Premature end of file.
2026-07-17 09:18:05,399 [ERROR] LogOutputStream:75 - [STDERR_REDIRECT] 
2026-07-17 09:18:06,381 [ERROR] LogOutputStream:75 - [STDERR_REDIRECT] [Fatal Error] :1:1: Premature end of file.
2026-07-17 09:18:06,389 [ERROR] LogOutputStream:75 - [STDERR_REDIRECT] 
2026-07-17 09:18:07,385 [ERROR] LogOutputStream:75 - [STDERR_REDIRECT] [Fatal Error] :1:1: Premature end of file.
2026-07-17 09:18:07,385 [ERROR] LogOutputStream:75 - [STDERR_REDIRECT] 
2026-07-17 09:18:08,408 [ERROR] LogOutputStream:75 - [STDERR_REDIRECT] [Fatal Error] :1:1: Premature end of file.
2026-07-17 09:18:08,408 [ERROR] LogOutputStream:75 - [STDERR_REDIRECT] 
2026-07-17 09:18:09,411 [ERROR] LogOutputStream:75 - [STDERR_REDIRECT] [Fatal Error] :1:1: Premature end of file.
2026-07-17 09:18:09,411 [ERROR] LogOutputStream:75 - [STDERR_REDIRECT] 
2026-07-17 09:18:10,382 [ERROR] LogOutputStream:75 - [STDERR_REDIRECT] [Fatal Error] :1:1: Premature end of file.
2026-07-17 09:18:10,382 [ERROR] LogOutputStream:75 - [STDERR_REDIRECT] 
2026-07-17 09:18:11,394 [ERROR] LogOutputStream:75 - [STDERR_REDIRECT] [Fatal Error] :1:1: Premature end of file.
2026-07-17 09:18:11,394 [ERROR] LogOutputStream:75 - [STDERR_REDIRECT] 
2026-07-17 09:18:12,398 [ERROR] LogOutputStream:75 - [STDERR_REDIRECT] [Fatal Error] :1:1: Premature end of file.
2026-07-17 09:18:12,398 [ERROR] LogOutputStream:75 - [STDERR_REDIRECT] 
2026-07-17 09:18:13,397 [ERROR] LogOutputStream:75 - [STDERR_REDIRECT] [Fatal Error] :1:1: Premature end of file.
2026-07-17 09:18:13,397 [ERROR] LogOutputStream:75 - [STDERR_REDIRECT] 
2026-07-17 09:18:14,512 [ERROR] LogOutputStream:75 - [STDERR_REDIRECT] [Fatal Error] :1:1: Premature end of file.
2026-07-17 09:18:14,512 [ERROR] LogOutputStream:75 - [STDERR_REDIRECT] 
2026-07-17 09:18:15,382 [ERROR] LogOutputStream:75 - [STDERR_REDIRECT] [Fatal Error] :1:1: Premature end of file.
2026-07-17 09:18:15,382 [ERROR] LogOutputStream:75 - [STDERR_REDIRECT] 
2026-07-17 09:18:16,384 [ERROR] LogOutputStream:75 - [STDERR_REDIRECT] [Fatal Error] :1:1: Premature end of file.
2026-07-17 09:18:16,384 [ERROR] LogOutputStream:75 - [STDERR_REDIRECT] 
2026-07-17 09:18:17,402 [ERROR] LogOutputStream:75 - [STDERR_REDIRECT] [Fatal Error] :1:1: Premature end of file.
2026-07-17 09:18:17,402 [ERROR] LogOutputStream:75 - [STDERR_REDIRECT] 
2026-07-17 09:18:18,401 [ERROR] LogOutputStream:75 - [STDERR_REDIRECT] [Fatal Error] :1:1: Premature end of file.
2026-07-17 09:18:18,401 [ERROR] LogOutputStream:75 - [STDERR_REDIRECT] 
2026-07-17 09:18:19,396 [ERROR] LogOutputStream:75 - [STDERR_REDIRECT] [Fatal Error] :1:1: Premature end of file.
2026-07-17 09:18:19,396 [ERROR] LogOutputStream:75 - [STDERR_REDIRECT] 
2026-07-17 09:18:20,402 [ERROR] LogOutputStream:75 - [STDERR_REDIRECT] [Fatal Error] :1:1: Premature end of file.
2026-07-17 09:18:20,402 [ERROR] LogOutputStream:75 - [STDERR_REDIRECT] 
2026-07-17 09:18:21,406 [ERROR] LogOutputStream:75 - [STDERR_REDIRECT] [Fatal Error] :1:1: Premature end of file.
2026-07-17 09:18:21,406 [ERROR] LogOutputStream:75 - [STDERR_REDIRECT] 
2026-07-17 09:18:22,399 [ERROR] LogOutputStream:75 - [STDERR_REDIRECT] [Fatal Error] :1:1: Premature end of file.
2026-07-17 09:18:22,399 [ERROR] LogOutputStream:75 - [STDERR_REDIRECT] 
2026-07-17 09:18:23,378 [ERROR] LogOutputStream:75 - [STDERR_REDIRECT] [Fatal Error] :1:1: Premature end of file.
2026-07-17 09:18:23,383 [ERROR] LogOutputStream:75 - [STDERR_REDIRECT] 
2026-07-17 09:18:24,412 [ERROR] LogOutputStream:75 - [STDERR_REDIRECT] [Fatal Error] :1:1: Premature end of file.
2026-07-17 09:18:24,412 [ERROR] LogOutputStream:75 - [STDERR_REDIRECT] 
2026-07-17 09:18:25,384 [ERROR] LogOutputStream:75 - [STDERR_REDIRECT] [Fatal Error] :1:1: Premature end of file.
2026-07-17 09:18:25,384 [ERROR] LogOutputStream:75 - [STDERR_REDIRECT] 
2026-07-17 09:18:26,376 [ERROR] LogOutputStream:75 - [STDERR_REDIRECT] [Fatal Error] :1:1: Premature end of file.
2026-07-17 09:18:26,376 [ERROR] LogOutputStream:75 - [STDERR_REDIRECT] 
2026-07-17 09:18:27,366 [ERROR] LogOutputStream:75 - [STDERR_REDIRECT] [Fatal Error] :1:1: Premature end of file.
2026-07-17 09:18:27,366 [ERROR] LogOutputStream:75 - [STDERR_REDIRECT] 
2026-07-17 09:18:28,381 [ERROR] LogOutputStream:75 - [STDERR_REDIRECT] [Fatal Error] :1:1: Premature end of file.
2026-07-17 09:18:28,381 [ERROR] LogOutputStream:75 - [STDERR_REDIRECT] 
2026-07-17 09:18:29,404 [ERROR] LogOutputStream:75 - [STDERR_REDIRECT] [Fatal Error] :1:1: Premature end of file.
2026-07-17 09:18:29,404 [ERROR] LogOutputStream:75 - [STDERR_REDIRECT] 
2026-07-17 09:18:30,400 [ERROR] LogOutputStream:75 - [STDERR_REDIRECT] [Fatal Error] :1:1: Premature end of file.
2026-07-17 09:18:30,400 [ERROR] LogOutputStream:75 - [STDERR_REDIRECT] 
2026-07-17 09:18:31,401 [ERROR] LogOutputStream:75 - [STDERR_REDIRECT] [Fatal Error] :1:1: Premature end of file.
2026-07-17 09:18:31,401 [ERROR] LogOutputStream:75 - [STDERR_REDIRECT] 
2026-07-17 09:18:32,396 [ERROR] LogOutputStream:75 - [STDERR_REDIRECT] [Fatal Error] :1:1: Premature end of file.
2026-07-17 09:18:32,396 [ERROR] LogOutputStream:75 - [STDERR_REDIRECT] 
2026-07-17 09:18:33,380 [ERROR] LogOutputStream:75 - [STDERR_REDIRECT] [Fatal Error] :1:1: Premature end of file.
2026-07-17 09:18:33,380 [ERROR] LogOutputStream:75 - [STDERR_REDIRECT] 
2026-07-17 09:18:34,387 [ERROR] LogOutputStream:75 - [STDERR_REDIRECT] [Fatal Error] :1:1: Premature end of file.
2026-07-17 09:18:34,387 [ERROR] LogOutputStream:75 - [STDERR_REDIRECT] 
2026-07-17 09:18:35,387 [ERROR] LogOutputStream:75 - [STDERR_REDIRECT] [Fatal Error] :1:1: Premature end of file.
2026-07-17 09:18:35,387 [ERROR] LogOutputStream:75 - [STDERR_REDIRECT] 
2026-07-17 09:18:36,385 [ERROR] LogOutputStream:75 - [STDERR_REDIRECT] [Fatal Error] :1:1: Premature end of file.
2026-07-17 09:18:36,385 [ERROR] LogOutputStream:75 - [STDERR_REDIRECT] 
2026-07-17 09:18:37,400 [ERROR] LogOutputStream:75 - [STDERR_REDIRECT] [Fatal Error] :1:1: Premature end of file.
2026-07-17 09:18:37,400 [ERROR] LogOutputStream:75 - [STDERR_REDIRECT] 
2026-07-17 09:18:38,400 [ERROR] LogOutputStream:75 - [STDERR_REDIRECT] [Fatal Error] :1:1: Premature end of file.
2026-07-17 09:18:38,400 [ERROR] LogOutputStream:75 - [STDERR_REDIRECT] 
2026-07-17 09:18:39,396 [ERROR] LogOutputStream:75 - [STDERR_REDIRECT] [Fatal Error] :1:1: Premature end of file.
2026-07-17 09:18:39,396 [ERROR] LogOutputStream:75 - [STDERR_REDIRECT] 
2026-07-17 09:18:40,398 [ERROR] LogOutputStream:75 - [STDERR_REDIRECT] [Fatal Error] :1:1: Premature end of file.
2026-07-17 09:18:40,398 [ERROR] LogOutputStream:75 - [STDERR_REDIRECT] 
2026-07-17 09:18:41,409 [ERROR] LogOutputStream:75 - [STDERR_REDIRECT] [Fatal Error] :1:1: Premature end of file.
2026-07-17 09:18:41,409 [ERROR] LogOutputStream:75 - [STDERR_REDIRECT] 
2026-07-17 09:18:42,381 [ERROR] LogOutputStream:75 - [STDERR_REDIRECT] [Fatal Error] :1:1: Premature end of file.
2026-07-17 09:18:42,381 [ERROR] LogOutputStream:75 - [STDERR_REDIRECT] 
2026-07-17 09:18:43,400 [ERROR] LogOutputStream:75 - [STDERR_REDIRECT] [Fatal Error] :1:1: Premature end of file.
2026-07-17 09:18:43,400 [ERROR] LogOutputStream:75 - [STDERR_REDIRECT] 
2026-07-17 09:18:44,408 [ERROR] LogOutputStream:75 - [STDERR_REDIRECT] [Fatal Error] :1:1: Premature end of file.
2026-07-17 09:18:44,408 [ERROR] LogOutputStream:75 - [STDERR_REDIRECT] 
2026-07-17 09:18:45,386 [ERROR] LogOutputStream:75 - [STDERR_REDIRECT] [Fatal Error] :1:1: Premature end of file.
2026-07-17 09:18:45,386 [ERROR] LogOutputStream:75 - [STDERR_REDIRECT] 
2026-07-17 09:18:46,411 [ERROR] LogOutputStream:75 - [STDERR_REDIRECT] [Fatal Error] :1:1: Premature end of file.
2026-07-17 09:18:46,411 [ERROR] LogOutputStream:75 - [STDERR_REDIRECT] 
2026-07-17 09:18:47,410 [ERROR] LogOutputStream:75 - [STDERR_REDIRECT] [Fatal Error] :1:1: Premature end of file.
2026-07-17 09:18:47,410 [ERROR] LogOutputStream:75 - [STDERR_REDIRECT] 
2026-07-17 09:18:48,372 [ERROR] LogOutputStream:75 - [STDERR_REDIRECT] [Fatal Error] :1:1: Premature end of file.
2026-07-17 09:18:48,372 [ERROR] LogOutputStream:75 - [STDERR_REDIRECT] 
2026-07-17 09:18:49,401 [ERROR] LogOutputStream:75 - [STDERR_REDIRECT] [Fatal Error] :1:1: Premature end of file.
2026-07-17 09:18:49,401 [ERROR] LogOutputStream:75 - [STDERR_REDIRECT] 
2026-07-17 09:18:50,374 [ERROR] LogOutputStream:75 - [STDERR_REDIRECT] [Fatal Error] :1:1: Premature end of file.
2026-07-17 09:18:50,374 [ERROR] LogOutputStream:75 - [STDERR_REDIRECT] 
2026-07-17 09:18:51,365 [ERROR] LogOutputStream:75 - [STDERR_REDIRECT] [Fatal Error] :1:1: Premature end of file.
2026-07-17 09:18:51,365 [ERROR] LogOutputStream:75 - [STDERR_REDIRECT] 
2026-07-17 09:18:52,386 [ERROR] LogOutputStream:75 - [STDERR_REDIRECT] [Fatal Error] :1:1: Premature end of file.
2026-07-17 09:18:52,386 [ERROR] LogOutputStream:75 - [STDERR_REDIRECT] 
2026-07-17 09:18:53,382 [ERROR] LogOutputStream:75 - [STDERR_REDIRECT] [Fatal Error] :1:1: Premature end of file.
2026-07-17 09:18:53,382 [ERROR] LogOutputStream:75 - [STDERR_REDIRECT] 
2026-07-17 09:18:54,399 [ERROR] LogOutputStream:75 - [STDERR_REDIRECT] [Fatal Error] :1:1: Premature end of file.
2026-07-17 09:18:54,399 [ERROR] LogOutputStream:75 - [STDERR_REDIRECT] 
2026-07-17 09:18:55,388 [ERROR] LogOutputStream:75 - [STDERR_REDIRECT] [Fatal Error] :1:1: Premature end of file.
2026-07-17 09:18:55,388 [ERROR] LogOutputStream:75 - [STDERR_REDIRECT] 
2026-07-17 09:18:56,401 [ERROR] LogOutputStream:75 - [STDERR_REDIRECT] [Fatal Error] :1:1: Premature end of file.
2026-07-17 09:18:56,401 [ERROR] LogOutputStream:75 - [STDERR_REDIRECT] 
2026-07-17 09:18:57,391 [ERROR] LogOutputStream:75 - [STDERR_REDIRECT] [Fatal Error] :1:1: Premature end of file.
2026-07-17 09:18:57,391 [ERROR] LogOutputStream:75 - [STDERR_REDIRECT] 
2026-07-17 09:18:58,403 [ERROR] LogOutputStream:75 - [STDERR_REDIRECT] [Fatal Error] :1:1: Premature end of file.
2026-07-17 09:18:58,403 [ERROR] LogOutputStream:75 - [STDERR_REDIRECT] 
2026-07-17 09:18:59,409 [ERROR] LogOutputStream:75 - [STDERR_REDIRECT] [Fatal Error] :1:1: Premature end of file.
2026-07-17 09:18:59,410 [ERROR] LogOutputStream:75 - [STDERR_REDIRECT] 
2026-07-17 09:19:00,401 [ERROR] LogOutputStream:75 - [STDERR_REDIRECT] [Fatal Error] :1:1: Premature end of file.
2026-07-17 09:19:00,401 [ERROR] LogOutputStream:75 - [STDERR_REDIRECT] 
2026-07-17 09:19:01,386 [ERROR] LogOutputStream:75 - [STDERR_REDIRECT] [Fatal Error] :1:1: Premature end of file.
2026-07-17 09:19:01,386 [ERROR] LogOutputStream:75 - [STDERR_REDIRECT] 
2026-07-17 09:19:02,398 [ERROR] LogOutputStream:75 - [STDERR_REDIRECT] [Fatal Error] :1:1: Premature end of file.
2026-07-17 09:19:02,398 [ERROR] LogOutputStream:75 - [STDERR_REDIRECT] 
2026-07-17 09:19:03,394 [ERROR] LogOutputStream:75 - [STDERR_REDIRECT] [Fatal Error] :1:1: Premature end of file.
2026-07-17 09:19:03,394 [ERROR] LogOutputStream:75 - [STDERR_REDIRECT] 
2026-07-17 09:19:04,396 [ERROR] LogOutputStream:75 - [STDERR_REDIRECT] [Fatal Error] :1:1: Premature end of file.
2026-07-17 09:19:04,396 [ERROR] LogOutputStream:75 - [STDERR_REDIRECT] 
2026-07-17 09:19:05,411 [ERROR] LogOutputStream:75 - [STDERR_REDIRECT] [Fatal Error] :1:1: Premature end of file.
2026-07-17 09:19:05,411 [ERROR] LogOutputStream:75 - [STDERR_REDIRECT] 
2026-07-17 09:19:06,404 [ERROR] LogOutputStream:75 - [STDERR_REDIRECT] [Fatal Error] :1:1: Premature end of file.
2026-07-17 09:19:06,404 [ERROR] LogOutputStream:75 - [STDERR_REDIRECT] 
2026-07-17 09:19:07,398 [ERROR] LogOutputStream:75 - [STDERR_REDIRECT] [Fatal Error] :1:1: Premature end of file.
2026-07-17 09:19:07,398 [ERROR] LogOutputStream:75 - [STDERR_REDIRECT] 
2026-07-17 09:19:08,397 [ERROR] LogOutputStream:75 - [STDERR_REDIRECT] [Fatal Error] :1:1: Premature end of file.
2026-07-17 09:19:08,397 [ERROR] LogOutputStream:75 - [STDERR_REDIRECT] 
2026-07-17 09:19:09,406 [ERROR] LogOutputStream:75 - [STDERR_REDIRECT] [Fatal Error] :1:1: Premature end of file.
2026-07-17 09:19:09,406 [ERROR] LogOutputStream:75 - [STDERR_REDIRECT] 
2026-07-17 09:19:10,391 [ERROR] LogOutputStream:75 - [STDERR_REDIRECT] [Fatal Error] :1:1: Premature end of file.
2026-07-17 09:19:10,391 [ERROR] LogOutputStream:75 - [STDERR_REDIRECT] 
2026-07-17 09:19:11,386 [ERROR] LogOutputStream:75 - [STDERR_REDIRECT] [Fatal Error] :1:1: Premature end of file.
2026-07-17 09:19:11,386 [ERROR] LogOutputStream:75 - [STDERR_REDIRECT] 
2026-07-17 09:19:12,393 [ERROR] LogOutputStream:75 - [STDERR_REDIRECT] [Fatal Error] :1:1: Premature end of file.
2026-07-17 09:19:12,393 [ERROR] LogOutputStream:75 - [STDERR_REDIRECT] 
2026-07-17 09:19:13,409 [ERROR] LogOutputStream:75 - [STDERR_REDIRECT] [Fatal Error] :1:1: Premature end of file.
2026-07-17 09:19:13,409 [ERROR] LogOutputStream:75 - [STDERR_REDIRECT] 
2026-07-17 09:19:14,453 [ERROR] LogOutputStream:75 - [STDERR_REDIRECT] [Fatal Error] :1:1: Premature end of file.
2026-07-17 09:19:14,453 [ERROR] LogOutputStream:75 - [STDERR_REDIRECT] 
2026-07-17 09:19:15,376 [ERROR] LogOutputStream:75 - [STDERR_REDIRECT] [Fatal Error] :1:1: Premature end of file.
2026-07-17 09:19:15,376 [ERROR] LogOutputStream:75 - [STDERR_REDIRECT] 
2026-07-17 09:19:16,372 [ERROR] LogOutputStream:75 - [STDERR_REDIRECT] [Fatal Error] :1:1: Premature end of file.
2026-07-17 09:19:16,372 [ERROR] LogOutputStream:75 - [STDERR_REDIRECT] 
2026-07-17 09:19:17,362 [ERROR] LogOutputStream:75 - [STDERR_REDIRECT] [Fatal Error] :1:1: Premature end of file.
2026-07-17 09:19:17,362 [ERROR] LogOutputStream:75 - [STDERR_REDIRECT] 
2026-07-17 09:19:18,382 [ERROR] LogOutputStream:75 - [STDERR_REDIRECT] [Fatal Error] :1:1: Premature end of file.
2026-07-17 09:19:18,389 [ERROR] LogOutputStream:75 - [STDERR_REDIRECT] 
2026-07-17 09:19:19,376 [ERROR] LogOutputStream:75 - [STDERR_REDIRECT] [Fatal Error] :1:1: Premature end of file.
2026-07-17 09:19:19,376 [ERROR] LogOutputStream:75 - [STDERR_REDIRECT] 
2026-07-17 09:19:20,395 [ERROR] LogOutputStream:75 - [STDERR_REDIRECT] [Fatal Error] :1:1: Premature end of file.
2026-07-17 09:19:20,395 [ERROR] LogOutputStream:75 - [STDERR_REDIRECT] 
2026-07-17 09:19:21,429 [ERROR] LogOutputStream:75 - [STDERR_REDIRECT] [Fatal Error] :1:1: Premature end of file.
2026-07-17 09:19:21,429 [ERROR] LogOutputStream:75 - [STDERR_REDIRECT] 
2026-07-17 09:19:22,384 [ERROR] LogOutputStream:75 - [STDERR_REDIRECT] [Fatal Error] :1:1: Premature end of file.
2026-07-17 09:19:22,384 [ERROR] LogOutputStream:75 - [STDERR_REDIRECT] 
2026-07-17 09:19:23,402 [ERROR] LogOutputStream:75 - [STDERR_REDIRECT] [Fatal Error] :1:1: Premature end of file.
2026-07-17 09:19:23,402 [ERROR] LogOutputStream:75 - [STDERR_REDIRECT] 
2026-07-17 09:19:24,401 [ERROR] LogOutputStream:75 - [STDERR_REDIRECT] [Fatal Error] :1:1: Premature end of file.
2026-07-17 09:19:24,401 [ERROR] LogOutputStream:75 - [STDERR_REDIRECT] 
2026-07-17 09:19:25,394 [ERROR] LogOutputStream:75 - [STDERR_REDIRECT] [Fatal Error] :1:1: Premature end of file.
2026-07-17 09:19:25,399 [ERROR] LogOutputStream:75 - [STDERR_REDIRECT] 
2026-07-17 09:19:26,408 [ERROR] LogOutputStream:75 - [STDERR_REDIRECT] [Fatal Error] :1:1: Premature end of file.
2026-07-17 09:19:26,408 [ERROR] LogOutputStream:75 - [STDERR_REDIRECT] 
2026-07-17 09:19:27,395 [ERROR] LogOutputStream:75 - [STDERR_REDIRECT] [Fatal Error] :1:1: Premature end of file.
2026-07-17 09:19:27,397 [ERROR] LogOutputStream:75 - [STDERR_REDIRECT] 
2026-07-17 09:19:28,409 [ERROR] LogOutputStream:75 - [STDERR_REDIRECT] [Fatal Error] :1:1: Premature end of file.
2026-07-17 09:19:28,409 [ERROR] LogOutputStream:75 - [STDERR_REDIRECT] 
2026-07-17 09:19:29,408 [ERROR] LogOutputStream:75 - [STDERR_REDIRECT] [Fatal Error] :1:1: Premature end of file.
2026-07-17 09:19:29,408 [ERROR] LogOutputStream:75 - [STDERR_REDIRECT] 
2026-07-17 09:19:30,393 [ERROR] LogOutputStream:75 - [STDERR_REDIRECT] [Fatal Error] :1:1: Premature end of file.
2026-07-17 09:19:30,393 [ERROR] LogOutputStream:75 - [STDERR_REDIRECT] 
2026-07-17 09:19:31,387 [ERROR] LogOutputStream:75 - [STDERR_REDIRECT] [Fatal Error] :1:1: Premature end of file.
2026-07-17 09:19:31,387 [ERROR] LogOutputStream:75 - [STDERR_REDIRECT] 
2026-07-17 09:19:32,399 [ERROR] LogOutputStream:75 - [STDERR_REDIRECT] [Fatal Error] :1:1: Premature end of file.
2026-07-17 09:19:32,399 [ERROR] LogOutputStream:75 - [STDERR_REDIRECT] 
2026-07-17 09:19:33,397 [ERROR] LogOutputStream:75 - [STDERR_REDIRECT] [Fatal Error] :1:1: Premature end of file.
2026-07-17 09:19:33,397 [ERROR] LogOutputStream:75 - [STDERR_REDIRECT] 
2026-07-17 09:19:34,390 [ERROR] LogOutputStream:75 - [STDERR_REDIRECT] [Fatal Error] :1:1: Premature end of file.
2026-07-17 09:19:34,390 [ERROR] LogOutputStream:75 - [STDERR_REDIRECT] 
2026-07-17 09:19:35,397 [ERROR] LogOutputStream:75 - [STDERR_REDIRECT] [Fatal Error] :1:1: Premature end of file.
2026-07-17 09:19:35,399 [ERROR] LogOutputStream:75 - [STDERR_REDIRECT] 
2026-07-17 09:19:36,387 [ERROR] LogOutputStream:75 - [STDERR_REDIRECT] [Fatal Error] :1:1: Premature end of file.
2026-07-17 09:19:36,387 [ERROR] LogOutputStream:75 - [STDERR_REDIRECT] 
2026-07-17 09:19:37,393 [ERROR] LogOutputStream:75 - [STDERR_REDIRECT] [Fatal Error] :1:1: Premature end of file.
2026-07-17 09:19:37,400 [ERROR] LogOutputStream:75 - [STDERR_REDIRECT] 
2026-07-17 09:19:38,404 [ERROR] LogOutputStream:75 - [STDERR_REDIRECT] [Fatal Error] :1:1: Premature end of file.
2026-07-17 09:19:38,404 [ERROR] LogOutputStream:75 - [STDERR_REDIRECT] 
2026-07-17 09:19:39,375 [ERROR] LogOutputStream:75 - [STDERR_REDIRECT] [Fatal Error] :1:1: Premature end of file.
2026-07-17 09:19:39,375 [ERROR] LogOutputStream:75 - [STDERR_REDIRECT] 
2026-07-17 09:19:40,389 [ERROR] LogOutputStream:75 - [STDERR_REDIRECT] [Fatal Error] :1:1: Premature end of file.
2026-07-17 09:19:40,389 [ERROR] LogOutputStream:75 - [STDERR_REDIRECT] 
2026-07-17 09:19:41,398 [ERROR] LogOutputStream:75 - [STDERR_REDIRECT] [Fatal Error] :1:1: Premature end of file.
2026-07-17 09:19:41,398 [ERROR] LogOutputStream:75 - [STDERR_REDIRECT] 
2026-07-17 09:19:42,391 [ERROR] LogOutputStream:75 - [STDERR_REDIRECT] [Fatal Error] :1:1: Premature end of file.
2026-07-17 09:19:42,391 [ERROR] LogOutputStream:75 - [STDERR_REDIRECT] 
2026-07-17 09:19:43,391 [ERROR] LogOutputStream:75 - [STDERR_REDIRECT] [Fatal Error] :1:1: Premature end of file.
2026-07-17 09:19:43,391 [ERROR] LogOutputStream:75 - [STDERR_REDIRECT] 
2026-07-17 09:19:44,399 [ERROR] LogOutputStream:75 - [STDERR_REDIRECT] [Fatal Error] :1:1: Premature end of file.
2026-07-17 09:19:44,399 [ERROR] LogOutputStream:75 - [STDERR_REDIRECT] 
2026-07-17 09:19:45,410 [ERROR] LogOutputStream:75 - [STDERR_REDIRECT] [Fatal Error] :1:1: Premature end of file.
2026-07-17 09:19:45,410 [ERROR] LogOutputStream:75 - [STDERR_REDIRECT] 
2026-07-17 09:19:46,400 [ERROR] LogOutputStream:75 - [STDERR_REDIRECT] [Fatal Error] :1:1: Premature end of file.
2026-07-17 09:19:46,400 [ERROR] LogOutputStream:75 - [STDERR_REDIRECT] 
2026-07-17 09:19:47,522 [ERROR] LogOutputStream:75 - [STDERR_REDIRECT] [Fatal Error] :1:1: Premature end of file.
2026-07-17 09:19:47,522 [ERROR] LogOutputStream:75 - [STDERR_REDIRECT] 
2026-07-17 09:19:48,400 [ERROR] LogOutputStream:75 - [STDERR_REDIRECT] [Fatal Error] :1:1: Premature end of file.
2026-07-17 09:19:48,400 [ERROR] LogOutputStream:75 - [STDERR_REDIRECT] 
2026-07-17 09:19:49,412 [ERROR] LogOutputStream:75 - [STDERR_REDIRECT] [Fatal Error] :1:1: Premature end of file.
2026-07-17 09:19:49,412 [ERROR] LogOutputStream:75 - [STDERR_REDIRECT] 
2026-07-17 09:19:50,394 [ERROR] LogOutputStream:75 - [STDERR_REDIRECT] [Fatal Error] :1:1: Premature end of file.
2026-07-17 09:19:50,394 [ERROR] LogOutputStream:75 - [STDERR_REDIRECT] 
2026-07-17 09:19:51,403 [ERROR] LogOutputStream:75 - [STDERR_REDIRECT] [Fatal Error] :1:1: Premature end of file.
2026-07-17 09:19:51,403 [ERROR] LogOutputStream:75 - [STDERR_REDIRECT] 
2026-07-17 09:19:52,396 [ERROR] LogOutputStream:75 - [STDERR_REDIRECT] [Fatal Error] :1:1: Premature end of file.
2026-07-17 09:19:52,400 [ERROR] LogOutputStream:75 - [STDERR_REDIRECT] 
2026-07-17 09:19:53,394 [ERROR] LogOutputStream:75 - [STDERR_REDIRECT] [Fatal Error] :1:1: Premature end of file.
2026-07-17 09:19:53,394 [ERROR] LogOutputStream:75 - [STDERR_REDIRECT] 
2026-07-17 09:19:54,401 [ERROR] LogOutputStream:75 - [STDERR_REDIRECT] [Fatal Error] :1:1: Premature end of file.
2026-07-17 09:19:54,401 [ERROR] LogOutputStream:75 - [STDERR_REDIRECT] 
2026-07-17 09:19:55,384 [ERROR] LogOutputStream:75 - [STDERR_REDIRECT] [Fatal Error] :1:1: Premature end of file.
2026-07-17 09:19:55,384 [ERROR] LogOutputStream:75 - [STDERR_REDIRECT] 
2026-07-17 09:19:56,402 [ERROR] LogOutputStream:75 - [STDERR_REDIRECT] [Fatal Error] :1:1: Premature end of file.
2026-07-17 09:19:56,402 [ERROR] LogOutputStream:75 - [STDERR_REDIRECT] 
2026-07-17 09:19:57,394 [ERROR] LogOutputStream:75 - [STDERR_REDIRECT] [Fatal Error] :1:1: Premature end of file.
2026-07-17 09:19:57,394 [ERROR] LogOutputStream:75 - [STDERR_REDIRECT] 
2026-07-17 09:19:58,395 [ERROR] LogOutputStream:75 - [STDERR_REDIRECT] [Fatal Error] :1:1: Premature end of file.
2026-07-17 09:19:58,395 [ERROR] LogOutputStream:75 - [STDERR_REDIRECT] 
2026-07-17 09:19:59,398 [ERROR] LogOutputStream:75 - [STDERR_REDIRECT] [Fatal Error] :1:1: Premature end of file.
2026-07-17 09:19:59,398 [ERROR] LogOutputStream:75 - [STDERR_REDIRECT] 
2026-07-17 09:20:00,393 [ERROR] LogOutputStream:75 - [STDERR_REDIRECT] [Fatal Error] :1:1: Premature end of file.
2026-07-17 09:20:00,393 [ERROR] LogOutputStream:75 - [STDERR_REDIRECT] 
2026-07-17 09:20:01,404 [ERROR] LogOutputStream:75 - [STDERR_REDIRECT] [Fatal Error] :1:1: Premature end of file.
2026-07-17 09:20:01,404 [ERROR] LogOutputStream:75 - [STDERR_REDIRECT] 
2026-07-17 09:20:02,393 [ERROR] LogOutputStream:75 - [STDERR_REDIRECT] [Fatal Error] :1:1: Premature end of file.
2026-07-17 09:20:02,393 [ERROR] LogOutputStream:75 - [STDERR_REDIRECT] 
2026-07-17 09:20:03,402 [ERROR] LogOutputStream:75 - [STDERR_REDIRECT] [Fatal Error] :1:1: Premature end of file.
2026-07-17 09:20:03,402 [ERROR] LogOutputStream:75 - [STDERR_REDIRECT] 
2026-07-17 09:20:04,402 [ERROR] LogOutputStream:75 - [STDERR_REDIRECT] [Fatal Error] :1:1: Premature end of file.
2026-07-17 09:20:04,402 [ERROR] LogOutputStream:75 - [STDERR_REDIRECT] 
2026-07-17 09:20:05,398 [ERROR] LogOutputStream:75 - [STDERR_REDIRECT] [Fatal Error] :1:1: Premature end of file.
2026-07-17 09:20:05,398 [ERROR] LogOutputStream:75 - [STDERR_REDIRECT] 
2026-07-17 09:20:06,404 [ERROR] LogOutputStream:75 - [STDERR_REDIRECT] [Fatal Error] :1:1: Premature end of file.
2026-07-17 09:20:06,404 [ERROR] LogOutputStream:75 - [STDERR_REDIRECT] 
2026-07-17 09:20:07,397 [ERROR] LogOutputStream:75 - [STDERR_REDIRECT] [Fatal Error] :1:1: Premature end of file.
2026-07-17 09:20:07,403 [ERROR] LogOutputStream:75 - [STDERR_REDIRECT] 
2026-07-17 09:20:08,400 [ERROR] LogOutputStream:75 - [STDERR_REDIRECT] [Fatal Error] :1:1: Premature end of file.
2026-07-17 09:20:08,400 [ERROR] LogOutputStream:75 - [STDERR_REDIRECT] 
2026-07-17 09:20:09,399 [ERROR] LogOutputStream:75 - [STDERR_REDIRECT] [Fatal Error] :1:1: Premature end of file.
2026-07-17 09:20:09,399 [ERROR] LogOutputStream:75 - [STDERR_REDIRECT] 
2026-07-17 09:20:10,397 [ERROR] LogOutputStream:75 - [STDERR_REDIRECT] [Fatal Error] :1:1: Premature end of file.
2026-07-17 09:20:10,397 [ERROR] LogOutputStream:75 - [STDERR_REDIRECT] 
2026-07-17 09:20:11,390 [ERROR] LogOutputStream:75 - [STDERR_REDIRECT] [Fatal Error] :1:1: Premature end of file.
2026-07-17 09:20:11,392 [ERROR] LogOutputStream:75 - [STDERR_REDIRECT] 
2026-07-17 09:20:12,398 [ERROR] LogOutputStream:75 - [STDERR_REDIRECT] [Fatal Error] :1:1: Premature end of file.
2026-07-17 09:20:12,398 [ERROR] LogOutputStream:75 - [STDERR_REDIRECT] 
2026-07-17 09:20:13,406 [ERROR] LogOutputStream:75 - [STDERR_REDIRECT] [Fatal Error] :1:1: Premature end of file.
2026-07-17 09:20:13,406 [ERROR] LogOutputStream:75 - [STDERR_REDIRECT] 
2026-07-17 09:20:14,404 [ERROR] LogOutputStream:75 - [STDERR_REDIRECT] [Fatal Error] :1:1: Premature end of file.
2026-07-17 09:20:14,404 [ERROR] LogOutputStream:75 - [STDERR_REDIRECT] 
2026-07-17 09:20:15,407 [ERROR] LogOutputStream:75 - [STDERR_REDIRECT] [Fatal Error] :1:1: Premature end of file.
2026-07-17 09:20:15,407 [ERROR] LogOutputStream:75 - [STDERR_REDIRECT] 
2026-07-17 09:20:16,394 [ERROR] LogOutputStream:75 - [STDERR_REDIRECT] [Fatal Error] :1:1: Premature end of file.
2026-07-17 09:20:16,394 [ERROR] LogOutputStream:75 - [STDERR_REDIRECT] 
2026-07-17 09:20:17,399 [ERROR] LogOutputStream:75 - [STDERR_REDIRECT] [Fatal Error] :1:1: Premature end of file.
2026-07-17 09:20:17,399 [ERROR] LogOutputStream:75 - [STDERR_REDIRECT] 
2026-07-17 09:20:18,396 [ERROR] LogOutputStream:75 - [STDERR_REDIRECT] [Fatal Error] :1:1: Premature end of file.
2026-07-17 09:20:18,396 [ERROR] LogOutputStream:75 - [STDERR_REDIRECT] 
2026-07-17 09:20:19,387 [ERROR] LogOutputStream:75 - [STDERR_REDIRECT] [Fatal Error] :1:1: Premature end of file.
2026-07-17 09:20:19,387 [ERROR] LogOutputStream:75 - [STDERR_REDIRECT] 
2026-07-17 09:20:20,409 [ERROR] LogOutputStream:75 - [STDERR_REDIRECT] [Fatal Error] :1:1: Premature end of file.
2026-07-17 09:20:20,409 [ERROR] LogOutputStream:75 - [STDERR_REDIRECT] 
2026-07-17 09:20:21,390 [ERROR] LogOutputStream:75 - [STDERR_REDIRECT] [Fatal Error] :1:1: Premature end of file.
2026-07-17 09:20:21,390 [ERROR] LogOutputStream:75 - [STDERR_REDIRECT] 
2026-07-17 09:20:22,405 [ERROR] LogOutputStream:75 - [STDERR_REDIRECT] [Fatal Error] :1:1: Premature end of file.
2026-07-17 09:20:22,405 [ERROR] LogOutputStream:75 - [STDERR_REDIRECT] 
2026-07-17 09:20:23,410 [ERROR] LogOutputStream:75 - [STDERR_REDIRECT] [Fatal Error] :1:1: Premature end of file.
2026-07-17 09:20:23,410 [ERROR] LogOutputStream:75 - [STDERR_REDIRECT] 
2026-07-17 09:20:24,399 [ERROR] LogOutputStream:75 - [STDERR_REDIRECT] [Fatal Error] :1:1: Premature end of file.
2026-07-17 09:20:24,399 [ERROR] LogOutputStream:75 - [STDERR_REDIRECT] 
2026-07-17 09:20:25,396 [ERROR] LogOutputStream:75 - [STDERR_REDIRECT] [Fatal Error] :1:1: Premature end of file.
2026-07-17 09:20:25,396 [ERROR] LogOutputStream:75 - [STDERR_REDIRECT] 
2026-07-17 09:20:26,407 [ERROR] LogOutputStream:75 - [STDERR_REDIRECT] [Fatal Error] :1:1: Premature end of file.
2026-07-17 09:20:26,407 [ERROR] LogOutputStream:75 - [STDERR_REDIRECT] 
2026-07-17 09:20:27,403 [ERROR] LogOutputStream:75 - [STDERR_REDIRECT] [Fatal Error] :1:1: Premature end of file.
2026-07-17 09:20:27,403 [ERROR] LogOutputStream:75 - [STDERR_REDIRECT] 
2026-07-17 09:20:28,396 [ERROR] LogOutputStream:75 - [STDERR_REDIRECT] [Fatal Error] :1:1: Premature end of file.
2026-07-17 09:20:28,396 [ERROR] LogOutputStream:75 - [STDERR_REDIRECT] 
2026-07-17 09:20:29,390 [ERROR] LogOutputStream:75 - [STDERR_REDIRECT] [Fatal Error] :1:1: Premature end of file.
2026-07-17 09:20:29,390 [ERROR] LogOutputStream:75 - [STDERR_REDIRECT] 
2026-07-17 09:20:30,410 [ERROR] LogOutputStream:75 - [STDERR_REDIRECT] [Fatal Error] :1:1: Premature end of file.
2026-07-17 09:20:30,410 [ERROR] LogOutputStream:75 - [STDERR_REDIRECT] 
2026-07-17 09:20:31,401 [ERROR] LogOutputStream:75 - [STDERR_REDIRECT] [Fatal Error] :1:1: Premature end of file.
2026-07-17 09:20:31,401 [ERROR] LogOutputStream:75 - [STDERR_REDIRECT] 
2026-07-17 09:20:32,397 [ERROR] LogOutputStream:75 - [STDERR_REDIRECT] [Fatal Error] :1:1: Premature end of file.
2026-07-17 09:20:32,397 [ERROR] LogOutputStream:75 - [STDERR_REDIRECT] 
2026-07-17 09:20:33,401 [ERROR] LogOutputStream:75 - [STDERR_REDIRECT] [Fatal Error] :1:1: Premature end of file.
2026-07-17 09:20:33,401 [ERROR] LogOutputStream:75 - [STDERR_REDIRECT] 
2026-07-17 09:20:34,390 [ERROR] LogOutputStream:75 - [STDERR_REDIRECT] [Fatal Error] :1:1: Premature end of file.
2026-07-17 09:20:34,390 [ERROR] LogOutputStream:75 - [STDERR_REDIRECT] 
2026-07-17 09:20:35,398 [ERROR] LogOutputStream:75 - [STDERR_REDIRECT] [Fatal Error] :1:1: Premature end of file.
2026-07-17 09:20:35,398 [ERROR] LogOutputStream:75 - [STDERR_REDIRECT] 
2026-07-17 09:20:36,392 [ERROR] LogOutputStream:75 - [STDERR_REDIRECT] [Fatal Error] :1:1: Premature end of file.
2026-07-17 09:20:36,392 [ERROR] LogOutputStream:75 - [STDERR_REDIRECT] 
2026-07-17 09:20:37,395 [ERROR] LogOutputStream:75 - [STDERR_REDIRECT] [Fatal Error] :1:1: Premature end of file.
2026-07-17 09:20:37,395 [ERROR] LogOutputStream:75 - [STDERR_REDIRECT] 
2026-07-17 09:20:38,396 [ERROR] LogOutputStream:75 - [STDERR_REDIRECT] [Fatal Error] :1:1: Premature end of file.
2026-07-17 09:20:38,396 [ERROR] LogOutputStream:75 - [STDERR_REDIRECT] 
2026-07-17 09:20:39,398 [ERROR] LogOutputStream:75 - [STDERR_REDIRECT] [Fatal Error] :1:1: Premature end of file.
2026-07-17 09:20:39,398 [ERROR] LogOutputStream:75 - [STDERR_REDIRECT] 
2026-07-17 09:20:40,397 [ERROR] LogOutputStream:75 - [STDERR_REDIRECT] [Fatal Error] :1:1: Premature end of file.
2026-07-17 09:20:40,397 [ERROR] LogOutputStream:75 - [STDERR_REDIRECT] 
2026-07-17 09:20:41,400 [ERROR] LogOutputStream:75 - [STDERR_REDIRECT] [Fatal Error] :1:1: Premature end of file.
2026-07-17 09:20:41,400 [ERROR] LogOutputStream:75 - [STDERR_REDIRECT] 
2026-07-17 09:20:42,397 [ERROR] LogOutputStream:75 - [STDERR_REDIRECT] [Fatal Error] :1:1: Premature end of file.
2026-07-17 09:20:42,399 [ERROR] LogOutputStream:75 - [STDERR_REDIRECT] 
2026-07-17 09:20:43,403 [ERROR] LogOutputStream:75 - [STDERR_REDIRECT] [Fatal Error] :1:1: Premature end of file.
2026-07-17 09:20:43,403 [ERROR] LogOutputStream:75 - [STDERR_REDIRECT] 
2026-07-17 09:20:44,386 [ERROR] LogOutputStream:75 - [STDERR_REDIRECT] [Fatal Error] :1:1: Premature end of file.
2026-07-17 09:20:44,386 [ERROR] LogOutputStream:75 - [STDERR_REDIRECT] 
2026-07-17 09:20:45,406 [ERROR] LogOutputStream:75 - [STDERR_REDIRECT] [Fatal Error] :1:1: Premature end of file.
2026-07-17 09:20:45,406 [ERROR] LogOutputStream:75 - [STDERR_REDIRECT] 
2026-07-17 09:20:46,403 [ERROR] LogOutputStream:75 - [STDERR_REDIRECT] [Fatal Error] :1:1: Premature end of file.
2026-07-17 09:20:46,403 [ERROR] LogOutputStream:75 - [STDERR_REDIRECT] 
2026-07-17 09:20:47,397 [ERROR] LogOutputStream:75 - [STDERR_REDIRECT] [Fatal Error] :1:1: Premature end of file.
2026-07-17 09:20:47,406 [ERROR] LogOutputStream:75 - [STDERR_REDIRECT] 
2026-07-17 09:20:48,393 [ERROR] LogOutputStream:75 - [STDERR_REDIRECT] [Fatal Error] :1:1: Premature end of file.
2026-07-17 09:20:48,393 [ERROR] LogOutputStream:75 - [STDERR_REDIRECT] 
2026-07-17 09:20:49,398 [ERROR] LogOutputStream:75 - [STDERR_REDIRECT] [Fatal Error] :1:1: Premature end of file.
2026-07-17 09:20:49,398 [ERROR] LogOutputStream:75 - [STDERR_REDIRECT] 
2026-07-17 09:20:50,401 [ERROR] LogOutputStream:75 - [STDERR_REDIRECT] [Fatal Error] :1:1: Premature end of file.
2026-07-17 09:20:50,406 [ERROR] LogOutputStream:75 - [STDERR_REDIRECT] 
2026-07-17 09:20:51,409 [ERROR] LogOutputStream:75 - [STDERR_REDIRECT] [Fatal Error] :1:1: Premature end of file.
2026-07-17 09:20:51,415 [ERROR] LogOutputStream:75 - [STDERR_REDIRECT] 
2026-07-17 09:20:52,408 [ERROR] LogOutputStream:75 - [STDERR_REDIRECT] [Fatal Error] :1:1: Premature end of file.
2026-07-17 09:20:52,408 [ERROR] LogOutputStream:75 - [STDERR_REDIRECT] 
2026-07-17 09:20:53,395 [ERROR] LogOutputStream:75 - [STDERR_REDIRECT] [Fatal Error] :1:1: Premature end of file.
2026-07-17 09:20:53,395 [ERROR] LogOutputStream:75 - [STDERR_REDIRECT] 
2026-07-17 09:20:54,404 [ERROR] LogOutputStream:75 - [STDERR_REDIRECT] [Fatal Error] :1:1: Premature end of file.
2026-07-17 09:20:54,404 [ERROR] LogOutputStream:75 - [STDERR_REDIRECT] 
2026-07-17 09:20:55,401 [ERROR] LogOutputStream:75 - [STDERR_REDIRECT] [Fatal Error] :1:1: Premature end of file.
2026-07-17 09:20:55,401 [ERROR] LogOutputStream:75 - [STDERR_REDIRECT] 
2026-07-17 09:20:56,387 [ERROR] LogOutputStream:75 - [STDERR_REDIRECT] [Fatal Error] :1:1: Premature end of file.
2026-07-17 09:20:56,387 [ERROR] LogOutputStream:75 - [STDERR_REDIRECT] 
2026-07-17 09:20:57,403 [ERROR] LogOutputStream:75 - [STDERR_REDIRECT] [Fatal Error] :1:1: Premature end of file.
2026-07-17 09:20:57,405 [ERROR] LogOutputStream:75 - [STDERR_REDIRECT] 
2026-07-17 09:20:58,397 [ERROR] LogOutputStream:75 - [STDERR_REDIRECT] [Fatal Error] :1:1: Premature end of file.
2026-07-17 09:20:58,397 [ERROR] LogOutputStream:75 - [STDERR_REDIRECT] 
2026-07-17 09:20:59,402 [ERROR] LogOutputStream:75 - [STDERR_REDIRECT] [Fatal Error] :1:1: Premature end of file.
2026-07-17 09:20:59,403 [ERROR] LogOutputStream:75 - [STDERR_REDIRECT] 
2026-07-17 09:21:00,402 [ERROR] LogOutputStream:75 - [STDERR_REDIRECT] [Fatal Error] :1:1: Premature end of file.
2026-07-17 09:21:00,402 [ERROR] LogOutputStream:75 - [STDERR_REDIRECT] 
2026-07-17 09:21:01,401 [ERROR] LogOutputStream:75 - [STDERR_REDIRECT] [Fatal Error] :1:1: Premature end of file.
2026-07-17 09:21:01,401 [ERROR] LogOutputStream:75 - [STDERR_REDIRECT] 
2026-07-17 09:21:05,085 [ERROR] LogOutputStream:75 - [STDERR_REDIRECT] [Fatal Error] :1:1: Premature end of file.
2026-07-17 09:21:05,092 [ERROR] LogOutputStream:75 - [STDERR_REDIRECT] 
2026-07-17 09:21:05,146 [ERROR] LogOutputStream:75 - [STDERR_REDIRECT] [Fatal Error] :1:1: Premature end of file.
2026-07-17 09:21:05,146 [ERROR] LogOutputStream:75 - [STDERR_REDIRECT] 
2026-07-17 09:21:05,194 [ERROR] LogOutputStream:75 - [STDERR_REDIRECT] [Fatal Error] :1:1: Premature end of file.
2026-07-17 09:21:05,194 [ERROR] LogOutputStream:75 - [STDERR_REDIRECT] 
2026-07-17 09:21:05,370 [ERROR] LogOutputStream:75 - [STDERR_REDIRECT] [Fatal Error] :1:1: Premature end of file.
2026-07-17 09:21:05,370 [ERROR] LogOutputStream:75 - [STDERR_REDIRECT] 
2026-07-17 09:21:06,382 [ERROR] LogOutputStream:75 - [STDERR_REDIRECT] [Fatal Error] :1:1: Premature end of file.
2026-07-17 09:21:06,382 [ERROR] LogOutputStream:75 - [STDERR_REDIRECT] 
2026-07-17 09:21:07,379 [ERROR] LogOutputStream:75 - [STDERR_REDIRECT] [Fatal Error] :1:1: Premature end of file.
2026-07-17 09:21:07,379 [ERROR] LogOutputStream:75 - [STDERR_REDIRECT] 
2026-07-17 09:21:08,386 [ERROR] LogOutputStream:75 - [STDERR_REDIRECT] [Fatal Error] :1:1: Premature end of file.
2026-07-17 09:21:08,386 [ERROR] LogOutputStream:75 - [STDERR_REDIRECT] 
2026-07-17 09:21:09,394 [ERROR] LogOutputStream:75 - [STDERR_REDIRECT] [Fatal Error] :1:1: Premature end of file.
2026-07-17 09:21:09,394 [ERROR] LogOutputStream:75 - [STDERR_REDIRECT] 
2026-07-17 09:21:10,409 [ERROR] LogOutputStream:75 - [STDERR_REDIRECT] [Fatal Error] :1:1: Premature end of file.
2026-07-17 09:21:10,409 [ERROR] LogOutputStream:75 - [STDERR_REDIRECT] 
2026-07-17 09:21:11,390 [ERROR] LogOutputStream:75 - [STDERR_REDIRECT] [Fatal Error] :1:1: Premature end of file.
2026-07-17 09:21:11,390 [ERROR] LogOutputStream:75 - [STDERR_REDIRECT] 
2026-07-17 09:21:12,389 [ERROR] LogOutputStream:75 - [STDERR_REDIRECT] [Fatal Error] :1:1: Premature end of file.
2026-07-17 09:21:12,389 [ERROR] LogOutputStream:75 - [STDERR_REDIRECT] 
2026-07-17 09:21:13,398 [ERROR] LogOutputStream:75 - [STDERR_REDIRECT] [Fatal Error] :1:1: Premature end of file.
2026-07-17 09:21:13,398 [ERROR] LogOutputStream:75 - [STDERR_REDIRECT] 
2026-07-17 09:21:14,406 [ERROR] LogOutputStream:75 - [STDERR_REDIRECT] [Fatal Error] :1:1: Premature end of file.
2026-07-17 09:21:14,406 [ERROR] LogOutputStream:75 - [STDERR_REDIRECT] 
2026-07-17 09:21:15,398 [ERROR] LogOutputStream:75 - [STDERR_REDIRECT] [Fatal Error] :1:1: Premature end of file.
2026-07-17 09:21:15,398 [ERROR] LogOutputStream:75 - [STDERR_REDIRECT] 
2026-07-17 09:21:16,393 [ERROR] LogOutputStream:75 - [STDERR_REDIRECT] [Fatal Error] :1:1: Premature end of file.
2026-07-17 09:21:16,393 [ERROR] LogOutputStream:75 - [STDERR_REDIRECT] 
2026-07-17 09:21:17,391 [ERROR] LogOutputStream:75 - [STDERR_REDIRECT] [Fatal Error] :1:1: Premature end of file.
2026-07-17 09:21:17,391 [ERROR] LogOutputStream:75 - [STDERR_REDIRECT] 
2026-07-17 09:21:18,392 [ERROR] LogOutputStream:75 - [STDERR_REDIRECT] [Fatal Error] :1:1: Premature end of file.
2026-07-17 09:21:18,394 [ERROR] LogOutputStream:75 - [STDERR_REDIRECT] 
2026-07-17 09:21:19,394 [ERROR] LogOutputStream:75 - [STDERR_REDIRECT] [Fatal Error] :1:1: Premature end of file.
2026-07-17 09:21:19,394 [ERROR] LogOutputStream:75 - [STDERR_REDIRECT] 
2026-07-17 09:21:20,404 [ERROR] LogOutputStream:75 - [STDERR_REDIRECT] [Fatal Error] :1:1: Premature end of file.
2026-07-17 09:21:20,404 [ERROR] LogOutputStream:75 - [STDERR_REDIRECT] 
2026-07-17 09:21:21,384 [ERROR] LogOutputStream:75 - [STDERR_REDIRECT] [Fatal Error] :1:1: Premature end of file.
2026-07-17 09:21:21,384 [ERROR] LogOutputStream:75 - [STDERR_REDIRECT] 
2026-07-17 09:21:22,396 [ERROR] LogOutputStream:75 - [STDERR_REDIRECT] [Fatal Error] :1:1: Premature end of file.
2026-07-17 09:21:22,396 [ERROR] LogOutputStream:75 - [STDERR_REDIRECT] 
2026-07-17 09:21:23,388 [ERROR] LogOutputStream:75 - [STDERR_REDIRECT] [Fatal Error] :1:1: Premature end of file.
2026-07-17 09:21:23,388 [ERROR] LogOutputStream:75 - [STDERR_REDIRECT] 
2026-07-17 09:21:24,388 [ERROR] LogOutputStream:75 - [STDERR_REDIRECT] [Fatal Error] :1:1: Premature end of file.
2026-07-17 09:21:24,388 [ERROR] LogOutputStream:75 - [STDERR_REDIRECT] 
2026-07-17 09:21:25,397 [ERROR] LogOutputStream:75 - [STDERR_REDIRECT] [Fatal Error] :1:1: Premature end of file.
2026-07-17 09:21:25,397 [ERROR] LogOutputStream:75 - [STDERR_REDIRECT] 
2026-07-17 09:21:26,385 [ERROR] LogOutputStream:75 - [STDERR_REDIRECT] [Fatal Error] :1:1: Premature end of file.
2026-07-17 09:21:26,385 [ERROR] LogOutputStream:75 - [STDERR_REDIRECT] 
2026-07-17 09:21:27,394 [ERROR] LogOutputStream:75 - [STDERR_REDIRECT] [Fatal Error] :1:1: Premature end of file.
2026-07-17 09:21:27,395 [ERROR] LogOutputStream:75 - [STDERR_REDIRECT] 
2026-07-17 09:21:28,393 [ERROR] LogOutputStream:75 - [STDERR_REDIRECT] [Fatal Error] :1:1: Premature end of file.
2026-07-17 09:21:28,393 [ERROR] LogOutputStream:75 - [STDERR_REDIRECT] 
2026-07-17 09:21:29,389 [ERROR] LogOutputStream:75 - [STDERR_REDIRECT] [Fatal Error] :1:1: Premature end of file.
2026-07-17 09:21:29,389 [ERROR] LogOutputStream:75 - [STDERR_REDIRECT] 
2026-07-17 09:21:30,389 [ERROR] LogOutputStream:75 - [STDERR_REDIRECT] [Fatal Error] :1:1: Premature end of file.
2026-07-17 09:21:30,389 [ERROR] LogOutputStream:75 - [STDERR_REDIRECT] 
2026-07-17 09:21:31,394 [ERROR] LogOutputStream:75 - [STDERR_REDIRECT] [Fatal Error] :1:1: Premature end of file.
2026-07-17 09:21:31,394 [ERROR] LogOutputStream:75 - [STDERR_REDIRECT] 
2026-07-17 09:21:32,400 [ERROR] LogOutputStream:75 - [STDERR_REDIRECT] [Fatal Error] :1:1: Premature end of file.
2026-07-17 09:21:32,400 [ERROR] LogOutputStream:75 - [STDERR_REDIRECT] 
2026-07-17 09:21:33,391 [ERROR] LogOutputStream:75 - [STDERR_REDIRECT] [Fatal Error] :1:1: Premature end of file.
2026-07-17 09:21:33,391 [ERROR] LogOutputStream:75 - [STDERR_REDIRECT] 
2026-07-17 09:21:34,387 [ERROR] LogOutputStream:75 - [STDERR_REDIRECT] [Fatal Error] :1:1: Premature end of file.
2026-07-17 09:21:34,387 [ERROR] LogOutputStream:75 - [STDERR_REDIRECT] 
2026-07-17 09:21:35,396 [ERROR] LogOutputStream:75 - [STDERR_REDIRECT] [Fatal Error] :1:1: Premature end of file.
2026-07-17 09:21:35,396 [ERROR] LogOutputStream:75 - [STDERR_REDIRECT] 
2026-07-17 09:21:36,378 [ERROR] LogOutputStream:75 - [STDERR_REDIRECT] [Fatal Error] :1:1: Premature end of file.
2026-07-17 09:21:36,383 [ERROR] LogOutputStream:75 - [STDERR_REDIRECT] 
2026-07-17 09:21:37,384 [ERROR] LogOutputStream:75 - [STDERR_REDIRECT] [Fatal Error] :1:1: Premature end of file.
2026-07-17 09:21:37,384 [ERROR] LogOutputStream:75 - [STDERR_REDIRECT] 
2026-07-17 09:21:38,394 [ERROR] LogOutputStream:75 - [STDERR_REDIRECT] [Fatal Error] :1:1: Premature end of file.
2026-07-17 09:21:38,394 [ERROR] LogOutputStream:75 - [STDERR_REDIRECT] 
2026-07-17 09:21:39,383 [ERROR] LogOutputStream:75 - [STDERR_REDIRECT] [Fatal Error] :1:1: Premature end of file.
2026-07-17 09:21:39,383 [ERROR] LogOutputStream:75 - [STDERR_REDIRECT] 
2026-07-17 09:21:40,382 [ERROR] LogOutputStream:75 - [STDERR_REDIRECT] [Fatal Error] :1:1: Premature end of file.
2026-07-17 09:21:40,382 [ERROR] LogOutputStream:75 - [STDERR_REDIRECT] 
2026-07-17 09:21:41,391 [ERROR] LogOutputStream:75 - [STDERR_REDIRECT] [Fatal Error] :1:1: Premature end of file.
2026-07-17 09:21:41,391 [ERROR] LogOutputStream:75 - [STDERR_REDIRECT] 
2026-07-17 09:21:42,398 [ERROR] LogOutputStream:75 - [STDERR_REDIRECT] [Fatal Error] :1:1: Premature end of file.
2026-07-17 09:21:42,398 [ERROR] LogOutputStream:75 - [STDERR_REDIRECT] 
2026-07-17 09:21:43,391 [ERROR] LogOutputStream:75 - [STDERR_REDIRECT] [Fatal Error] :1:1: Premature end of file.
2026-07-17 09:21:43,391 [ERROR] LogOutputStream:75 - [STDERR_REDIRECT] 
2026-07-17 09:21:44,394 [ERROR] LogOutputStream:75 - [STDERR_REDIRECT] [Fatal Error] :1:1: Premature end of file.
2026-07-17 09:21:44,394 [ERROR] LogOutputStream:75 - [STDERR_REDIRECT] 
2026-07-17 09:21:45,394 [ERROR] LogOutputStream:75 - [STDERR_REDIRECT] [Fatal Error] :1:1: Premature end of file.
2026-07-17 09:21:45,394 [ERROR] LogOutputStream:75 - [STDERR_REDIRECT] 
2026-07-17 09:21:46,396 [ERROR] LogOutputStream:75 - [STDERR_REDIRECT] [Fatal Error] :1:1: Premature end of file.
2026-07-17 09:21:46,396 [ERROR] LogOutputStream:75 - [STDERR_REDIRECT] 
2026-07-17 09:21:47,396 [ERROR] LogOutputStream:75 - [STDERR_REDIRECT] [Fatal Error] :1:1: Premature end of file.
2026-07-17 09:21:47,396 [ERROR] LogOutputStream:75 - [STDERR_REDIRECT] 
2026-07-17 09:21:48,393 [ERROR] LogOutputStream:75 - [STDERR_REDIRECT] [Fatal Error] :1:1: Premature end of file.
2026-07-17 09:21:48,393 [ERROR] LogOutputStream:75 - [STDERR_REDIRECT] 
2026-07-17 09:21:49,399 [ERROR] LogOutputStream:75 - [STDERR_REDIRECT] [Fatal Error] :1:1: Premature end of file.
2026-07-17 09:21:49,407 [ERROR] LogOutputStream:75 - [STDERR_REDIRECT] 
2026-07-17 09:21:50,399 [ERROR] LogOutputStream:75 - [STDERR_REDIRECT] [Fatal Error] :1:1: Premature end of file.
2026-07-17 09:21:50,399 [ERROR] LogOutputStream:75 - [STDERR_REDIRECT] 
2026-07-17 09:21:51,389 [ERROR] LogOutputStream:75 - [STDERR_REDIRECT] [Fatal Error] :1:1: Premature end of file.
2026-07-17 09:21:51,389 [ERROR] LogOutputStream:75 - [STDERR_REDIRECT] 
2026-07-17 09:21:52,388 [ERROR] LogOutputStream:75 - [STDERR_REDIRECT] [Fatal Error] :1:1: Premature end of file.
2026-07-17 09:21:52,388 [ERROR] LogOutputStream:75 - [STDERR_REDIRECT] 
2026-07-17 09:21:53,393 [ERROR] LogOutputStream:75 - [STDERR_REDIRECT] [Fatal Error] :1:1: Premature end of file.
2026-07-17 09:21:53,393 [ERROR] LogOutputStream:75 - [STDERR_REDIRECT] 
2026-07-17 09:21:54,395 [ERROR] LogOutputStream:75 - [STDERR_REDIRECT] [Fatal Error] :1:1: Premature end of file.
2026-07-17 09:21:54,395 [ERROR] LogOutputStream:75 - [STDERR_REDIRECT] 
2026-07-17 09:21:55,393 [ERROR] LogOutputStream:75 - [STDERR_REDIRECT] [Fatal Error] :1:1: Premature end of file.
2026-07-17 09:21:55,393 [ERROR] LogOutputStream:75 - [STDERR_REDIRECT] 
2026-07-17 09:21:56,391 [ERROR] LogOutputStream:75 - [STDERR_REDIRECT] [Fatal Error] :1:1: Premature end of file.
2026-07-17 09:21:56,391 [ERROR] LogOutputStream:75 - [STDERR_REDIRECT] 
2026-07-17 09:21:57,402 [ERROR] LogOutputStream:75 - [STDERR_REDIRECT] [Fatal Error] :1:1: Premature end of file.
2026-07-17 09:21:57,402 [ERROR] LogOutputStream:75 - [STDERR_REDIRECT] 
2026-07-17 09:21:58,390 [ERROR] LogOutputStream:75 - [STDERR_REDIRECT] [Fatal Error] :1:1: Premature end of file.
2026-07-17 09:21:58,390 [ERROR] LogOutputStream:75 - [STDERR_REDIRECT] 
2026-07-17 09:21:59,410 [ERROR] LogOutputStream:75 - [STDERR_REDIRECT] [Fatal Error] :1:1: Premature end of file.
2026-07-17 09:21:59,410 [ERROR] LogOutputStream:75 - [STDERR_REDIRECT] 
2026-07-17 09:22:00,396 [ERROR] LogOutputStream:75 - [STDERR_REDIRECT] [Fatal Error] :1:1: Premature end of file.
2026-07-17 09:22:00,396 [ERROR] LogOutputStream:75 - [STDERR_REDIRECT] 
2026-07-17 09:22:01,387 [ERROR] LogOutputStream:75 - [STDERR_REDIRECT] [Fatal Error] :1:1: Premature end of file.
2026-07-17 09:22:01,387 [ERROR] LogOutputStream:75 - [STDERR_REDIRECT] 
2026-07-17 09:22:02,400 [ERROR] LogOutputStream:75 - [STDERR_REDIRECT] [Fatal Error] :1:1: Premature end of file.
2026-07-17 09:22:02,400 [ERROR] LogOutputStream:75 - [STDERR_REDIRECT] 
2026-07-17 09:22:03,391 [ERROR] LogOutputStream:75 - [STDERR_REDIRECT] [Fatal Error] :1:1: Premature end of file.
2026-07-17 09:22:03,391 [ERROR] LogOutputStream:75 - [STDERR_REDIRECT] 
2026-07-17 09:22:04,403 [ERROR] LogOutputStream:75 - [STDERR_REDIRECT] [Fatal Error] :1:1: Premature end of file.
2026-07-17 09:22:04,403 [ERROR] LogOutputStream:75 - [STDERR_REDIRECT] 
2026-07-17 09:22:05,391 [ERROR] LogOutputStream:75 - [STDERR_REDIRECT] [Fatal Error] :1:1: Premature end of file.
2026-07-17 09:22:05,391 [ERROR] LogOutputStream:75 - [STDERR_REDIRECT] 
2026-07-17 09:22:06,395 [ERROR] LogOutputStream:75 - [STDERR_REDIRECT] [Fatal Error] :1:1: Premature end of file.
2026-07-17 09:22:06,395 [ERROR] LogOutputStream:75 - [STDERR_REDIRECT] 
2026-07-17 09:22:07,380 [ERROR] LogOutputStream:75 - [STDERR_REDIRECT] [Fatal Error] :1:1: Premature end of file.
2026-07-17 09:22:07,380 [ERROR] LogOutputStream:75 - [STDERR_REDIRECT] 
2026-07-17 09:22:08,380 [ERROR] LogOutputStream:75 - [STDERR_REDIRECT] [Fatal Error] :1:1: Premature end of file.
2026-07-17 09:22:08,380 [ERROR] LogOutputStream:75 - [STDERR_REDIRECT] 
2026-07-17 09:22:09,401 [ERROR] LogOutputStream:75 - [STDERR_REDIRECT] [Fatal Error] :1:1: Premature end of file.
2026-07-17 09:22:09,401 [ERROR] LogOutputStream:75 - [STDERR_REDIRECT] 
2026-07-17 09:22:10,389 [ERROR] LogOutputStream:75 - [STDERR_REDIRECT] [Fatal Error] :1:1: Premature end of file.
2026-07-17 09:22:10,389 [ERROR] LogOutputStream:75 - [STDERR_REDIRECT] 
2026-07-17 09:22:11,393 [ERROR] LogOutputStream:75 - [STDERR_REDIRECT] [Fatal Error] :1:1: Premature end of file.
2026-07-17 09:22:11,393 [ERROR] LogOutputStream:75 - [STDERR_REDIRECT] 
2026-07-17 09:22:12,399 [ERROR] LogOutputStream:75 - [STDERR_REDIRECT] [Fatal Error] :1:1: Premature end of file.
2026-07-17 09:22:12,399 [ERROR] LogOutputStream:75 - [STDERR_REDIRECT] 
2026-07-17 09:22:13,380 [ERROR] LogOutputStream:75 - [STDERR_REDIRECT] [Fatal Error] :1:1: Premature end of file.
2026-07-17 09:22:13,380 [ERROR] LogOutputStream:75 - [STDERR_REDIRECT] 
2026-07-17 09:22:14,397 [ERROR] LogOutputStream:75 - [STDERR_REDIRECT] [Fatal Error] :1:1: Premature end of file.
2026-07-17 09:22:14,397 [ERROR] LogOutputStream:75 - [STDERR_REDIRECT] 
2026-07-17 09:22:15,393 [ERROR] LogOutputStream:75 - [STDERR_REDIRECT] [Fatal Error] :1:1: Premature end of file.
2026-07-17 09:22:15,393 [ERROR] LogOutputStream:75 - [STDERR_REDIRECT] 
2026-07-17 09:22:16,397 [ERROR] LogOutputStream:75 - [STDERR_REDIRECT] [Fatal Error] :1:1: Premature end of file.
2026-07-17 09:22:16,397 [ERROR] LogOutputStream:75 - [STDERR_REDIRECT] 
2026-07-17 09:22:17,378 [ERROR] LogOutputStream:75 - [STDERR_REDIRECT] [Fatal Error] :1:1: Premature end of file.
2026-07-17 09:22:17,378 [ERROR] LogOutputStream:75 - [STDERR_REDIRECT] 
2026-07-17 09:22:18,398 [ERROR] LogOutputStream:75 - [STDERR_REDIRECT] [Fatal Error] :1:1: Premature end of file.
2026-07-17 09:22:18,398 [ERROR] LogOutputStream:75 - [STDERR_REDIRECT] 
2026-07-17 09:22:19,394 [ERROR] LogOutputStream:75 - [STDERR_REDIRECT] [Fatal Error] :1:1: Premature end of file.
2026-07-17 09:22:19,394 [ERROR] LogOutputStream:75 - [STDERR_REDIRECT] 
2026-07-17 09:22:20,392 [ERROR] LogOutputStream:75 - [STDERR_REDIRECT] [Fatal Error] :1:1: Premature end of file.
2026-07-17 09:22:20,394 [ERROR] LogOutputStream:75 - [STDERR_REDIRECT] 
2026-07-17 09:22:21,407 [ERROR] LogOutputStream:75 - [STDERR_REDIRECT] [Fatal Error] :1:1: Premature end of file.
2026-07-17 09:22:21,407 [ERROR] LogOutputStream:75 - [STDERR_REDIRECT] 
2026-07-17 09:22:22,398 [ERROR] LogOutputStream:75 - [STDERR_REDIRECT] [Fatal Error] :1:1: Premature end of file.
2026-07-17 09:22:22,398 [ERROR] LogOutputStream:75 - [STDERR_REDIRECT] 
2026-07-17 09:22:23,382 [ERROR] LogOutputStream:75 - [STDERR_REDIRECT] [Fatal Error] :1:1: Premature end of file.
2026-07-17 09:22:23,382 [ERROR] LogOutputStream:75 - [STDERR_REDIRECT] 
2026-07-17 09:22:24,400 [ERROR] LogOutputStream:75 - [STDERR_REDIRECT] [Fatal Error] :1:1: Premature end of file.
2026-07-17 09:22:24,400 [ERROR] LogOutputStream:75 - [STDERR_REDIRECT] 
2026-07-17 09:22:25,390 [ERROR] LogOutputStream:75 - [STDERR_REDIRECT] [Fatal Error] :1:1: Premature end of file.
2026-07-17 09:22:25,390 [ERROR] LogOutputStream:75 - [STDERR_REDIRECT] 
2026-07-17 09:22:26,385 [ERROR] LogOutputStream:75 - [STDERR_REDIRECT] [Fatal Error] :1:1: Premature end of file.
2026-07-17 09:22:26,385 [ERROR] LogOutputStream:75 - [STDERR_REDIRECT] 
2026-07-17 09:22:27,405 [ERROR] LogOutputStream:75 - [STDERR_REDIRECT] [Fatal Error] :1:1: Premature end of file.
2026-07-17 09:22:27,405 [ERROR] LogOutputStream:75 - [STDERR_REDIRECT] 
2026-07-17 09:22:28,399 [ERROR] LogOutputStream:75 - [STDERR_REDIRECT] [Fatal Error] :1:1: Premature end of file.
2026-07-17 09:22:28,399 [ERROR] LogOutputStream:75 - [STDERR_REDIRECT] 
2026-07-17 09:22:29,397 [ERROR] LogOutputStream:75 - [STDERR_REDIRECT] [Fatal Error] :1:1: Premature end of file.
2026-07-17 09:22:29,397 [ERROR] LogOutputStream:75 - [STDERR_REDIRECT] 
2026-07-17 09:22:30,400 [ERROR] LogOutputStream:75 - [STDERR_REDIRECT] [Fatal Error] :1:1: Premature end of file.
2026-07-17 09:22:30,400 [ERROR] LogOutputStream:75 - [STDERR_REDIRECT] 
2026-07-17 09:22:31,396 [ERROR] LogOutputStream:75 - [STDERR_REDIRECT] [Fatal Error] :1:1: Premature end of file.
2026-07-17 09:22:31,396 [ERROR] LogOutputStream:75 - [STDERR_REDIRECT] 
2026-07-17 09:22:32,393 [ERROR] LogOutputStream:75 - [STDERR_REDIRECT] [Fatal Error] :1:1: Premature end of file.
2026-07-17 09:22:32,393 [ERROR] LogOutputStream:75 - [STDERR_REDIRECT] 
2026-07-17 09:22:33,388 [ERROR] LogOutputStream:75 - [STDERR_REDIRECT] [Fatal Error] :1:1: Premature end of file.
2026-07-17 09:22:33,388 [ERROR] LogOutputStream:75 - [STDERR_REDIRECT] 
2026-07-17 09:22:34,378 [ERROR] LogOutputStream:75 - [STDERR_REDIRECT] [Fatal Error] :1:1: Premature end of file.
2026-07-17 09:22:34,386 [ERROR] LogOutputStream:75 - [STDERR_REDIRECT] 
2026-07-17 09:22:35,394 [ERROR] LogOutputStream:75 - [STDERR_REDIRECT] [Fatal Error] :1:1: Premature end of file.
2026-07-17 09:22:35,394 [ERROR] LogOutputStream:75 - [STDERR_REDIRECT] 
2026-07-17 09:22:36,394 [ERROR] LogOutputStream:75 - [STDERR_REDIRECT] [Fatal Error] :1:1: Premature end of file.
2026-07-17 09:22:36,394 [ERROR] LogOutputStream:75 - [STDERR_REDIRECT] 
2026-07-17 09:22:37,402 [ERROR] LogOutputStream:75 - [STDERR_REDIRECT] [Fatal Error] :1:1: Premature end of file.
2026-07-17 09:22:37,402 [ERROR] LogOutputStream:75 - [STDERR_REDIRECT] 
2026-07-17 09:22:38,378 [ERROR] LogOutputStream:75 - [STDERR_REDIRECT] [Fatal Error] :1:1: Premature end of file.
2026-07-17 09:22:38,378 [ERROR] LogOutputStream:75 - [STDERR_REDIRECT] 
2026-07-17 09:22:39,401 [ERROR] LogOutputStream:75 - [STDERR_REDIRECT] [Fatal Error] :1:1: Premature end of file.
2026-07-17 09:22:39,401 [ERROR] LogOutputStream:75 - [STDERR_REDIRECT] 
2026-07-17 09:22:40,385 [ERROR] LogOutputStream:75 - [STDERR_REDIRECT] [Fatal Error] :1:1: Premature end of file.
2026-07-17 09:22:40,394 [ERROR] LogOutputStream:75 - [STDERR_REDIRECT] 
2026-07-17 09:22:41,408 [ERROR] LogOutputStream:75 - [STDERR_REDIRECT] [Fatal Error] :1:1: Premature end of file.
2026-07-17 09:22:41,408 [ERROR] LogOutputStream:75 - [STDERR_REDIRECT] 
2026-07-17 09:22:42,410 [ERROR] LogOutputStream:75 - [STDERR_REDIRECT] [Fatal Error] :1:1: Premature end of file.
2026-07-17 09:22:42,412 [ERROR] LogOutputStream:75 - [STDERR_REDIRECT] 
2026-07-17 09:22:43,382 [ERROR] LogOutputStream:75 - [STDERR_REDIRECT] [Fatal Error] :1:1: Premature end of file.
2026-07-17 09:22:43,382 [ERROR] LogOutputStream:75 - [STDERR_REDIRECT] 
2026-07-17 09:22:44,378 [ERROR] LogOutputStream:75 - [STDERR_REDIRECT] [Fatal Error] :1:1: Premature end of file.
2026-07-17 09:22:44,378 [ERROR] LogOutputStream:75 - [STDERR_REDIRECT] 
2026-07-17 09:22:45,391 [ERROR] LogOutputStream:75 - [STDERR_REDIRECT] [Fatal Error] :1:1: Premature end of file.
2026-07-17 09:22:45,391 [ERROR] LogOutputStream:75 - [STDERR_REDIRECT] 
2026-07-17 09:22:46,385 [ERROR] LogOutputStream:75 - [STDERR_REDIRECT] [Fatal Error] :1:1: Premature end of file.
2026-07-17 09:22:46,385 [ERROR] LogOutputStream:75 - [STDERR_REDIRECT] 
2026-07-17 09:22:47,394 [ERROR] LogOutputStream:75 - [STDERR_REDIRECT] [Fatal Error] :1:1: Premature end of file.
2026-07-17 09:22:47,394 [ERROR] LogOutputStream:75 - [STDERR_REDIRECT] 
2026-07-17 09:22:48,397 [ERROR] LogOutputStream:75 - [STDERR_REDIRECT] [Fatal Error] :1:1: Premature end of file.
2026-07-17 09:22:48,397 [ERROR] LogOutputStream:75 - [STDERR_REDIRECT] 
2026-07-17 09:22:49,397 [ERROR] LogOutputStream:75 - [STDERR_REDIRECT] [Fatal Error] :1:1: Premature end of file.
2026-07-17 09:22:49,397 [ERROR] LogOutputStream:75 - [STDERR_REDIRECT] 
2026-07-17 09:22:50,406 [ERROR] LogOutputStream:75 - [STDERR_REDIRECT] [Fatal Error] :1:1: Premature end of file.
2026-07-17 09:22:50,406 [ERROR] LogOutputStream:75 - [STDERR_REDIRECT] 
2026-07-17 09:22:51,390 [ERROR] LogOutputStream:75 - [STDERR_REDIRECT] [Fatal Error] :1:1: Premature end of file.
2026-07-17 09:22:51,390 [ERROR] LogOutputStream:75 - [STDERR_REDIRECT] 
2026-07-17 09:22:52,397 [ERROR] LogOutputStream:75 - [STDERR_REDIRECT] [Fatal Error] :1:1: Premature end of file.
2026-07-17 09:22:52,397 [ERROR] LogOutputStream:75 - [STDERR_REDIRECT] 
2026-07-17 09:22:53,387 [ERROR] LogOutputStream:75 - [STDERR_REDIRECT] [Fatal Error] :1:1: Premature end of file.
2026-07-17 09:22:53,387 [ERROR] LogOutputStream:75 - [STDERR_REDIRECT] 
2026-07-17 09:22:54,394 [ERROR] LogOutputStream:75 - [STDERR_REDIRECT] [Fatal Error] :1:1: Premature end of file.
2026-07-17 09:22:54,396 [ERROR] LogOutputStream:75 - [STDERR_REDIRECT] 
2026-07-17 09:22:55,388 [ERROR] LogOutputStream:75 - [STDERR_REDIRECT] [Fatal Error] :1:1: Premature end of file.
2026-07-17 09:22:55,388 [ERROR] LogOutputStream:75 - [STDERR_REDIRECT] 
2026-07-17 09:22:56,401 [ERROR] LogOutputStream:75 - [STDERR_REDIRECT] [Fatal Error] :1:1: Premature end of file.
2026-07-17 09:22:56,401 [ERROR] LogOutputStream:75 - [STDERR_REDIRECT] 
2026-07-17 09:22:57,395 [ERROR] LogOutputStream:75 - [STDERR_REDIRECT] [Fatal Error] :1:1: Premature end of file.
2026-07-17 09:22:57,395 [ERROR] LogOutputStream:75 - [STDERR_REDIRECT] 
2026-07-17 09:22:58,398 [ERROR] LogOutputStream:75 - [STDERR_REDIRECT] [Fatal Error] :1:1: Premature end of file.
2026-07-17 09:22:58,398 [ERROR] LogOutputStream:75 - [STDERR_REDIRECT] 
2026-07-17 09:22:59,395 [ERROR] LogOutputStream:75 - [STDERR_REDIRECT] [Fatal Error] :1:1: Premature end of file.
2026-07-17 09:22:59,395 [ERROR] LogOutputStream:75 - [STDERR_REDIRECT] 
2026-07-17 09:23:00,401 [ERROR] LogOutputStream:75 - [STDERR_REDIRECT] [Fatal Error] :1:1: Premature end of file.
2026-07-17 09:23:00,401 [ERROR] LogOutputStream:75 - [STDERR_REDIRECT] 
2026-07-17 09:23:01,407 [ERROR] LogOutputStream:75 - [STDERR_REDIRECT] [Fatal Error] :1:1: Premature end of file.
2026-07-17 09:23:01,407 [ERROR] LogOutputStream:75 - [STDERR_REDIRECT] 
2026-07-17 09:23:02,403 [ERROR] LogOutputStream:75 - [STDERR_REDIRECT] [Fatal Error] :1:1: Premature end of file.
2026-07-17 09:23:02,403 [ERROR] LogOutputStream:75 - [STDERR_REDIRECT] 
2026-07-17 09:23:03,398 [ERROR] LogOutputStream:75 - [STDERR_REDIRECT] [Fatal Error] :1:1: Premature end of file.
2026-07-17 09:23:03,398 [ERROR] LogOutputStream:75 - [STDERR_REDIRECT] 
2026-07-17 09:23:04,396 [ERROR] LogOutputStream:75 - [STDERR_REDIRECT] [Fatal Error] :1:1: Premature end of file.
2026-07-17 09:23:04,396 [ERROR] LogOutputStream:75 - [STDERR_REDIRECT] 
2026-07-17 09:23:05,386 [ERROR] LogOutputStream:75 - [STDERR_REDIRECT] [Fatal Error] :1:1: Premature end of file.
2026-07-17 09:23:05,386 [ERROR] LogOutputStream:75 - [STDERR_REDIRECT] 
2026-07-17 09:23:06,397 [ERROR] LogOutputStream:75 - [STDERR_REDIRECT] [Fatal Error] :1:1: Premature end of file.
2026-07-17 09:23:06,397 [ERROR] LogOutputStream:75 - [STDERR_REDIRECT] 
2026-07-17 09:23:07,389 [ERROR] LogOutputStream:75 - [STDERR_REDIRECT] [Fatal Error] :1:1: Premature end of file.
2026-07-17 09:23:07,389 [ERROR] LogOutputStream:75 - [STDERR_REDIRECT] 
2026-07-17 09:23:08,380 [ERROR] LogOutputStream:75 - [STDERR_REDIRECT] [Fatal Error] :1:1: Premature end of file.
2026-07-17 09:23:08,380 [ERROR] LogOutputStream:75 - [STDERR_REDIRECT] 
2026-07-17 09:23:09,381 [ERROR] LogOutputStream:75 - [STDERR_REDIRECT] [Fatal Error] :1:1: Premature end of file.
2026-07-17 09:23:09,381 [ERROR] LogOutputStream:75 - [STDERR_REDIRECT] 
2026-07-17 09:23:10,394 [ERROR] LogOutputStream:75 - [STDERR_REDIRECT] [Fatal Error] :1:1: Premature end of file.
2026-07-17 09:23:10,394 [ERROR] LogOutputStream:75 - [STDERR_REDIRECT] 
2026-07-17 09:23:11,403 [ERROR] LogOutputStream:75 - [STDERR_REDIRECT] [Fatal Error] :1:1: Premature end of file.
2026-07-17 09:23:11,403 [ERROR] LogOutputStream:75 - [STDERR_REDIRECT] 
2026-07-17 09:23:12,399 [ERROR] LogOutputStream:75 - [STDERR_REDIRECT] [Fatal Error] :1:1: Premature end of file.
2026-07-17 09:23:12,399 [ERROR] LogOutputStream:75 - [STDERR_REDIRECT] 
2026-07-17 09:23:13,403 [ERROR] LogOutputStream:75 - [STDERR_REDIRECT] [Fatal Error] :1:1: Premature end of file.
2026-07-17 09:23:13,403 [ERROR] LogOutputStream:75 - [STDERR_REDIRECT] 
2026-07-17 09:23:14,402 [ERROR] LogOutputStream:75 - [STDERR_REDIRECT] [Fatal Error] :1:1: Premature end of file.
2026-07-17 09:23:14,402 [ERROR] LogOutputStream:75 - [STDERR_REDIRECT] 
2026-07-17 09:23:15,396 [ERROR] LogOutputStream:75 - [STDERR_REDIRECT] [Fatal Error] :1:1: Premature end of file.
2026-07-17 09:23:15,396 [ERROR] LogOutputStream:75 - [STDERR_REDIRECT] 
2026-07-17 09:23:16,391 [ERROR] LogOutputStream:75 - [STDERR_REDIRECT] [Fatal Error] :1:1: Premature end of file.
2026-07-17 09:23:16,391 [ERROR] LogOutputStream:75 - [STDERR_REDIRECT] 
2026-07-17 09:23:17,395 [ERROR] LogOutputStream:75 - [STDERR_REDIRECT] [Fatal Error] :1:1: Premature end of file.
2026-07-17 09:23:17,395 [ERROR] LogOutputStream:75 - [STDERR_REDIRECT] 
2026-07-17 09:23:18,400 [ERROR] LogOutputStream:75 - [STDERR_REDIRECT] [Fatal Error] :1:1: Premature end of file.
2026-07-17 09:23:18,400 [ERROR] LogOutputStream:75 - [STDERR_REDIRECT] 
2026-07-17 09:23:19,397 [ERROR] LogOutputStream:75 - [STDERR_REDIRECT] [Fatal Error] :1:1: Premature end of file.
2026-07-17 09:23:19,397 [ERROR] LogOutputStream:75 - [STDERR_REDIRECT] 
2026-07-17 09:23:20,392 [ERROR] LogOutputStream:75 - [STDERR_REDIRECT] [Fatal Error] :1:1: Premature end of file.
2026-07-17 09:23:20,392 [ERROR] LogOutputStream:75 - [STDERR_REDIRECT] 
2026-07-17 09:23:21,402 [ERROR] LogOutputStream:75 - [STDERR_REDIRECT] [Fatal Error] :1:1: Premature end of file.
2026-07-17 09:23:21,402 [ERROR] LogOutputStream:75 - [STDERR_REDIRECT] 
2026-07-17 09:23:22,379 [ERROR] LogOutputStream:75 - [STDERR_REDIRECT] [Fatal Error] :1:1: Premature end of file.
2026-07-17 09:23:22,379 [ERROR] LogOutputStream:75 - [STDERR_REDIRECT] 
2026-07-17 09:23:23,391 [ERROR] LogOutputStream:75 - [STDERR_REDIRECT] [Fatal Error] :1:1: Premature end of file.
2026-07-17 09:23:23,393 [ERROR] LogOutputStream:75 - [STDERR_REDIRECT] 
2026-07-17 09:23:24,411 [ERROR] LogOutputStream:75 - [STDERR_REDIRECT] [Fatal Error] :1:1: Premature end of file.
2026-07-17 09:23:24,411 [ERROR] LogOutputStream:75 - [STDERR_REDIRECT] 
2026-07-17 09:23:25,403 [ERROR] LogOutputStream:75 - [STDERR_REDIRECT] [Fatal Error] :1:1: Premature end of file.
2026-07-17 09:23:25,403 [ERROR] LogOutputStream:75 - [STDERR_REDIRECT] 
2026-07-17 09:23:26,396 [ERROR] LogOutputStream:75 - [STDERR_REDIRECT] [Fatal Error] :1:1: Premature end of file.
2026-07-17 09:23:26,396 [ERROR] LogOutputStream:75 - [STDERR_REDIRECT] 
2026-07-17 09:23:27,395 [ERROR] LogOutputStream:75 - [STDERR_REDIRECT] [Fatal Error] :1:1: Premature end of file.
2026-07-17 09:23:27,395 [ERROR] LogOutputStream:75 - [STDERR_REDIRECT] 
2026-07-17 09:23:28,381 [ERROR] LogOutputStream:75 - [STDERR_REDIRECT] [Fatal Error] :1:1: Premature end of file.
2026-07-17 09:23:28,381 [ERROR] LogOutputStream:75 - [STDERR_REDIRECT] 
2026-07-17 09:23:29,390 [ERROR] LogOutputStream:75 - [STDERR_REDIRECT] [Fatal Error] :1:1: Premature end of file.
2026-07-17 09:23:29,390 [ERROR] LogOutputStream:75 - [STDERR_REDIRECT] 
2026-07-17 09:23:30,385 [ERROR] LogOutputStream:75 - [STDERR_REDIRECT] [Fatal Error] :1:1: Premature end of file.
2026-07-17 09:23:30,385 [ERROR] LogOutputStream:75 - [STDERR_REDIRECT] 
2026-07-17 09:23:31,389 [ERROR] LogOutputStream:75 - [STDERR_REDIRECT] [Fatal Error] :1:1: Premature end of file.
2026-07-17 09:23:31,390 [ERROR] LogOutputStream:75 - [STDERR_REDIRECT] 
2026-07-17 09:23:32,389 [ERROR] LogOutputStream:75 - [STDERR_REDIRECT] [Fatal Error] :1:1: Premature end of file.
2026-07-17 09:23:32,389 [ERROR] LogOutputStream:75 - [STDERR_REDIRECT] 
2026-07-17 09:23:33,400 [ERROR] LogOutputStream:75 - [STDERR_REDIRECT] [Fatal Error] :1:1: Premature end of file.
2026-07-17 09:23:33,400 [ERROR] LogOutputStream:75 - [STDERR_REDIRECT] 
2026-07-17 09:23:34,391 [ERROR] LogOutputStream:75 - [STDERR_REDIRECT] [Fatal Error] :1:1: Premature end of file.
2026-07-17 09:23:34,397 [ERROR] LogOutputStream:75 - [STDERR_REDIRECT] 
2026-07-17 09:23:35,401 [ERROR] LogOutputStream:75 - [STDERR_REDIRECT] [Fatal Error] :1:1: Premature end of file.
2026-07-17 09:23:35,401 [ERROR] LogOutputStream:75 - [STDERR_REDIRECT] 
2026-07-17 09:23:36,399 [ERROR] LogOutputStream:75 - [STDERR_REDIRECT] [Fatal Error] :1:1: Premature end of file.
2026-07-17 09:23:36,399 [ERROR] LogOutputStream:75 - [STDERR_REDIRECT] 
2026-07-17 09:23:37,382 [ERROR] LogOutputStream:75 - [STDERR_REDIRECT] [Fatal Error] :1:1: Premature end of file.
2026-07-17 09:23:37,382 [ERROR] LogOutputStream:75 - [STDERR_REDIRECT] 
2026-07-17 09:23:38,392 [ERROR] LogOutputStream:75 - [STDERR_REDIRECT] [Fatal Error] :1:1: Premature end of file.
2026-07-17 09:23:38,392 [ERROR] LogOutputStream:75 - [STDERR_REDIRECT] 
2026-07-17 09:23:39,403 [ERROR] LogOutputStream:75 - [STDERR_REDIRECT] [Fatal Error] :1:1: Premature end of file.
2026-07-17 09:23:39,403 [ERROR] LogOutputStream:75 - [STDERR_REDIRECT] 
2026-07-17 09:23:40,400 [ERROR] LogOutputStream:75 - [STDERR_REDIRECT] [Fatal Error] :1:1: Premature end of file.
2026-07-17 09:23:40,400 [ERROR] LogOutputStream:75 - [STDERR_REDIRECT] 
2026-07-17 09:23:41,396 [ERROR] LogOutputStream:75 - [STDERR_REDIRECT] [Fatal Error] :1:1: Premature end of file.
2026-07-17 09:23:41,396 [ERROR] LogOutputStream:75 - [STDERR_REDIRECT] 
2026-07-17 09:23:42,386 [ERROR] LogOutputStream:75 - [STDERR_REDIRECT] [Fatal Error] :1:1: Premature end of file.
2026-07-17 09:23:42,386 [ERROR] LogOutputStream:75 - [STDERR_REDIRECT] 
2026-07-17 09:23:43,397 [ERROR] LogOutputStream:75 - [STDERR_REDIRECT] [Fatal Error] :1:1: Premature end of file.
2026-07-17 09:23:43,397 [ERROR] LogOutputStream:75 - [STDERR_REDIRECT] 
2026-07-17 09:23:44,386 [ERROR] LogOutputStream:75 - [STDERR_REDIRECT] [Fatal Error] :1:1: Premature end of file.
2026-07-17 09:23:44,386 [ERROR] LogOutputStream:75 - [STDERR_REDIRECT] 
2026-07-17 09:23:45,389 [ERROR] LogOutputStream:75 - [STDERR_REDIRECT] [Fatal Error] :1:1: Premature end of file.
2026-07-17 09:23:45,389 [ERROR] LogOutputStream:75 - [STDERR_REDIRECT] 
2026-07-17 09:23:46,398 [ERROR] LogOutputStream:75 - [STDERR_REDIRECT] [Fatal Error] :1:1: Premature end of file.
2026-07-17 09:23:46,398 [ERROR] LogOutputStream:75 - [STDERR_REDIRECT] 
2026-07-17 09:23:47,385 [ERROR] LogOutputStream:75 - [STDERR_REDIRECT] [Fatal Error] :1:1: Premature end of file.
2026-07-17 09:23:47,386 [ERROR] LogOutputStream:75 - [STDERR_REDIRECT] 
2026-07-17 09:23:48,401 [ERROR] LogOutputStream:75 - [STDERR_REDIRECT] [Fatal Error] :1:1: Premature end of file.
2026-07-17 09:23:48,401 [ERROR] LogOutputStream:75 - [STDERR_REDIRECT] 
2026-07-17 09:23:49,388 [ERROR] LogOutputStream:75 - [STDERR_REDIRECT] [Fatal Error] :1:1: Premature end of file.
2026-07-17 09:23:49,388 [ERROR] LogOutputStream:75 - [STDERR_REDIRECT] 
2026-07-17 09:23:50,387 [ERROR] LogOutputStream:75 - [STDERR_REDIRECT] [Fatal Error] :1:1: Premature end of file.
2026-07-17 09:23:50,387 [ERROR] LogOutputStream:75 - [STDERR_REDIRECT] 
2026-07-17 09:23:51,397 [ERROR] LogOutputStream:75 - [STDERR_REDIRECT] [Fatal Error] :1:1: Premature end of file.
2026-07-17 09:23:51,397 [ERROR] LogOutputStream:75 - [STDERR_REDIRECT] 
2026-07-17 09:23:52,394 [ERROR] LogOutputStream:75 - [STDERR_REDIRECT] [Fatal Error] :1:1: Premature end of file.
2026-07-17 09:23:52,394 [ERROR] LogOutputStream:75 - [STDERR_REDIRECT] 
2026-07-17 09:23:53,393 [ERROR] LogOutputStream:75 - [STDERR_REDIRECT] [Fatal Error] :1:1: Premature end of file.
2026-07-17 09:23:53,393 [ERROR] LogOutputStream:75 - [STDERR_REDIRECT] 
2026-07-17 09:23:54,389 [ERROR] LogOutputStream:75 - [STDERR_REDIRECT] [Fatal Error] :1:1: Premature end of file.
2026-07-17 09:23:54,389 [ERROR] LogOutputStream:75 - [STDERR_REDIRECT] 
2026-07-17 09:23:55,394 [ERROR] LogOutputStream:75 - [STDERR_REDIRECT] [Fatal Error] :1:1: Premature end of file.
2026-07-17 09:23:55,394 [ERROR] LogOutputStream:75 - [STDERR_REDIRECT] 
2026-07-17 09:23:56,400 [ERROR] LogOutputStream:75 - [STDERR_REDIRECT] [Fatal Error] :1:1: Premature end of file.
2026-07-17 09:23:56,400 [ERROR] LogOutputStream:75 - [STDERR_REDIRECT] 
2026-07-17 09:23:57,381 [ERROR] LogOutputStream:75 - [STDERR_REDIRECT] [Fatal Error] :1:1: Premature end of file.
2026-07-17 09:23:57,381 [ERROR] LogOutputStream:75 - [STDERR_REDIRECT] 
2026-07-17 09:23:58,378 [ERROR] LogOutputStream:75 - [STDERR_REDIRECT] [Fatal Error] :1:1: Premature end of file.
2026-07-17 09:23:58,378 [ERROR] LogOutputStream:75 - [STDERR_REDIRECT] 
2026-07-17 09:23:59,397 [ERROR] LogOutputStream:75 - [STDERR_REDIRECT] [Fatal Error] :1:1: Premature end of file.
2026-07-17 09:23:59,397 [ERROR] LogOutputStream:75 - [STDERR_REDIRECT] 
2026-07-17 09:24:00,387 [ERROR] LogOutputStream:75 - [STDERR_REDIRECT] [Fatal Error] :1:1: Premature end of file.
2026-07-17 09:24:00,387 [ERROR] LogOutputStream:75 - [STDERR_REDIRECT] 
2026-07-17 09:24:01,384 [ERROR] LogOutputStream:75 - [STDERR_REDIRECT] [Fatal Error] :1:1: Premature end of file.
2026-07-17 09:24:01,384 [ERROR] LogOutputStream:75 - [STDERR_REDIRECT] 
2026-07-17 09:24:02,406 [ERROR] LogOutputStream:75 - [STDERR_REDIRECT] [Fatal Error] :1:1: Premature end of file.
2026-07-17 09:24:02,406 [ERROR] LogOutputStream:75 - [STDERR_REDIRECT] 
2026-07-17 09:24:03,396 [ERROR] LogOutputStream:75 - [STDERR_REDIRECT] [Fatal Error] :1:1: Premature end of file.
2026-07-17 09:24:03,396 [ERROR] LogOutputStream:75 - [STDERR_REDIRECT] 
2026-07-17 09:24:04,380 [ERROR] LogOutputStream:75 - [STDERR_REDIRECT] [Fatal Error] :1:1: Premature end of file.
2026-07-17 09:24:04,380 [ERROR] LogOutputStream:75 - [STDERR_REDIRECT] 
2026-07-17 09:24:05,391 [ERROR] LogOutputStream:75 - [STDERR_REDIRECT] [Fatal Error] :1:1: Premature end of file.
2026-07-17 09:24:05,391 [ERROR] LogOutputStream:75 - [STDERR_REDIRECT] 
2026-07-17 09:24:06,397 [ERROR] LogOutputStream:75 - [STDERR_REDIRECT] [Fatal Error] :1:1: Premature end of file.
2026-07-17 09:24:06,397 [ERROR] LogOutputStream:75 - [STDERR_REDIRECT] 
2026-07-17 09:24:07,388 [ERROR] LogOutputStream:75 - [STDERR_REDIRECT] [Fatal Error] :1:1: Premature end of file.
2026-07-17 09:24:07,388 [ERROR] LogOutputStream:75 - [STDERR_REDIRECT] 
2026-07-17 09:24:08,393 [ERROR] LogOutputStream:75 - [STDERR_REDIRECT] [Fatal Error] :1:1: Premature end of file.
2026-07-17 09:24:08,393 [ERROR] LogOutputStream:75 - [STDERR_REDIRECT] 
2026-07-17 09:24:09,400 [ERROR] LogOutputStream:75 - [STDERR_REDIRECT] [Fatal Error] :1:1: Premature end of file.
2026-07-17 09:24:09,400 [ERROR] LogOutputStream:75 - [STDERR_REDIRECT] 
2026-07-17 09:24:10,390 [ERROR] LogOutputStream:75 - [STDERR_REDIRECT] [Fatal Error] :1:1: Premature end of file.
2026-07-17 09:24:10,390 [ERROR] LogOutputStream:75 - [STDERR_REDIRECT] 
2026-07-17 09:24:11,356 [ERROR] LogOutputStream:75 - [STDERR_REDIRECT] [Fatal Error] :1:1: Premature end of file.
2026-07-17 09:24:11,356 [ERROR] LogOutputStream:75 - [STDERR_REDIRECT] 
2026-07-17 09:24:12,365 [ERROR] LogOutputStream:75 - [STDERR_REDIRECT] [Fatal Error] :1:1: Premature end of file.
2026-07-17 09:24:12,365 [ERROR] LogOutputStream:75 - [STDERR_REDIRECT] 
2026-07-17 09:24:13,380 [ERROR] LogOutputStream:75 - [STDERR_REDIRECT] [Fatal Error] :1:1: Premature end of file.
2026-07-17 09:24:13,380 [ERROR] LogOutputStream:75 - [STDERR_REDIRECT] 
2026-07-17 09:24:14,388 [ERROR] LogOutputStream:75 - [STDERR_REDIRECT] [Fatal Error] :1:1: Premature end of file.
2026-07-17 09:24:14,389 [ERROR] LogOutputStream:75 - [STDERR_REDIRECT] 
2026-07-17 09:24:15,389 [ERROR] LogOutputStream:75 - [STDERR_REDIRECT] [Fatal Error] :1:1: Premature end of file.
2026-07-17 09:24:15,389 [ERROR] LogOutputStream:75 - [STDERR_REDIRECT] 
2026-07-17 09:24:16,379 [ERROR] LogOutputStream:75 - [STDERR_REDIRECT] [Fatal Error] :1:1: Premature end of file.
2026-07-17 09:24:16,379 [ERROR] LogOutputStream:75 - [STDERR_REDIRECT] 
2026-07-17 09:24:17,391 [ERROR] LogOutputStream:75 - [STDERR_REDIRECT] [Fatal Error] :1:1: Premature end of file.
2026-07-17 09:24:17,391 [ERROR] LogOutputStream:75 - [STDERR_REDIRECT] 
2026-07-17 09:24:18,384 [ERROR] LogOutputStream:75 - [STDERR_REDIRECT] [Fatal Error] :1:1: Premature end of file.
2026-07-17 09:24:18,384 [ERROR] LogOutputStream:75 - [STDERR_REDIRECT] 
2026-07-17 09:24:19,388 [ERROR] LogOutputStream:75 - [STDERR_REDIRECT] [Fatal Error] :1:1: Premature end of file.
2026-07-17 09:24:19,388 [ERROR] LogOutputStream:75 - [STDERR_REDIRECT] 
2026-07-17 09:24:20,381 [ERROR] LogOutputStream:75 - [STDERR_REDIRECT] [Fatal Error] :1:1: Premature end of file.
2026-07-17 09:24:20,381 [ERROR] LogOutputStream:75 - [STDERR_REDIRECT] 
2026-07-17 09:24:21,380 [ERROR] LogOutputStream:75 - [STDERR_REDIRECT] [Fatal Error] :1:1: Premature end of file.
2026-07-17 09:24:21,380 [ERROR] LogOutputStream:75 - [STDERR_REDIRECT] 
2026-07-17 09:24:22,382 [ERROR] LogOutputStream:75 - [STDERR_REDIRECT] [Fatal Error] :1:1: Premature end of file.
2026-07-17 09:24:22,382 [ERROR] LogOutputStream:75 - [STDERR_REDIRECT] 
2026-07-17 09:24:23,379 [ERROR] LogOutputStream:75 - [STDERR_REDIRECT] [Fatal Error] :1:1: Premature end of file.
2026-07-17 09:24:23,379 [ERROR] LogOutputStream:75 - [STDERR_REDIRECT] 
2026-07-17 09:24:24,391 [ERROR] LogOutputStream:75 - [STDERR_REDIRECT] [Fatal Error] :1:1: Premature end of file.
2026-07-17 09:24:24,391 [ERROR] LogOutputStream:75 - [STDERR_REDIRECT] 
2026-07-17 09:24:25,402 [ERROR] LogOutputStream:75 - [STDERR_REDIRECT] [Fatal Error] :1:1: Premature end of file.
2026-07-17 09:24:25,402 [ERROR] LogOutputStream:75 - [STDERR_REDIRECT] 
2026-07-17 09:24:26,398 [ERROR] LogOutputStream:75 - [STDERR_REDIRECT] [Fatal Error] :1:1: Premature end of file.
2026-07-17 09:24:26,398 [ERROR] LogOutputStream:75 - [STDERR_REDIRECT] 
2026-07-17 09:24:27,379 [ERROR] LogOutputStream:75 - [STDERR_REDIRECT] [Fatal Error] :1:1: Premature end of file.
2026-07-17 09:24:27,379 [ERROR] LogOutputStream:75 - [STDERR_REDIRECT] 
2026-07-17 09:24:28,371 [ERROR] LogOutputStream:75 - [STDERR_REDIRECT] [Fatal Error] :1:1: Premature end of file.
2026-07-17 09:24:28,371 [ERROR] LogOutputStream:75 - [STDERR_REDIRECT] 
2026-07-17 09:24:29,383 [ERROR] LogOutputStream:75 - [STDERR_REDIRECT] [Fatal Error] :1:1: Premature end of file.
2026-07-17 09:24:29,383 [ERROR] LogOutputStream:75 - [STDERR_REDIRECT] 
2026-07-17 09:24:30,380 [ERROR] LogOutputStream:75 - [STDERR_REDIRECT] [Fatal Error] :1:1: Premature end of file.
2026-07-17 09:24:30,380 [ERROR] LogOutputStream:75 - [STDERR_REDIRECT] 
2026-07-17 09:24:31,371 [ERROR] LogOutputStream:75 - [STDERR_REDIRECT] [Fatal Error] :1:1: Premature end of file.
2026-07-17 09:24:31,371 [ERROR] LogOutputStream:75 - [STDERR_REDIRECT] 
2026-07-17 09:24:32,389 [ERROR] LogOutputStream:75 - [STDERR_REDIRECT] [Fatal Error] :1:1: Premature end of file.
2026-07-17 09:24:32,389 [ERROR] LogOutputStream:75 - [STDERR_REDIRECT] 
2026-07-17 09:24:33,398 [ERROR] LogOutputStream:75 - [STDERR_REDIRECT] [Fatal Error] :1:1: Premature end of file.
2026-07-17 09:24:33,398 [ERROR] LogOutputStream:75 - [STDERR_REDIRECT] 
2026-07-17 09:24:34,379 [ERROR] LogOutputStream:75 - [STDERR_REDIRECT] [Fatal Error] :1:1: Premature end of file.
2026-07-17 09:24:34,385 [ERROR] LogOutputStream:75 - [STDERR_REDIRECT] 
2026-07-17 09:24:35,377 [ERROR] LogOutputStream:75 - [STDERR_REDIRECT] [Fatal Error] :1:1: Premature end of file.
2026-07-17 09:24:35,377 [ERROR] LogOutputStream:75 - [STDERR_REDIRECT] 
2026-07-17 09:24:36,381 [ERROR] LogOutputStream:75 - [STDERR_REDIRECT] [Fatal Error] :1:1: Premature end of file.
2026-07-17 09:24:36,381 [ERROR] LogOutputStream:75 - [STDERR_REDIRECT] 
2026-07-17 09:24:37,377 [ERROR] LogOutputStream:75 - [STDERR_REDIRECT] [Fatal Error] :1:1: Premature end of file.
2026-07-17 09:24:37,377 [ERROR] LogOutputStream:75 - [STDERR_REDIRECT] 
2026-07-17 09:24:38,380 [ERROR] LogOutputStream:75 - [STDERR_REDIRECT] [Fatal Error] :1:1: Premature end of file.
2026-07-17 09:24:38,382 [ERROR] LogOutputStream:75 - [STDERR_REDIRECT] 
2026-07-17 09:24:39,393 [ERROR] LogOutputStream:75 - [STDERR_REDIRECT] [Fatal Error] :1:1: Premature end of file.
2026-07-17 09:24:39,393 [ERROR] LogOutputStream:75 - [STDERR_REDIRECT] 
2026-07-17 09:24:40,388 [ERROR] LogOutputStream:75 - [STDERR_REDIRECT] [Fatal Error] :1:1: Premature end of file.
2026-07-17 09:24:40,388 [ERROR] LogOutputStream:75 - [STDERR_REDIRECT] 
2026-07-17 09:24:41,380 [ERROR] LogOutputStream:75 - [STDERR_REDIRECT] [Fatal Error] :1:1: Premature end of file.
2026-07-17 09:24:41,380 [ERROR] LogOutputStream:75 - [STDERR_REDIRECT] 
2026-07-17 09:24:42,393 [ERROR] LogOutputStream:75 - [STDERR_REDIRECT] [Fatal Error] :1:1: Premature end of file.
2026-07-17 09:24:42,393 [ERROR] LogOutputStream:75 - [STDERR_REDIRECT] 
2026-07-17 09:24:43,390 [ERROR] LogOutputStream:75 - [STDERR_REDIRECT] [Fatal Error] :1:1: Premature end of file.
2026-07-17 09:24:43,390 [ERROR] LogOutputStream:75 - [STDERR_REDIRECT] 
2026-07-17 09:24:44,384 [ERROR] LogOutputStream:75 - [STDERR_REDIRECT] [Fatal Error] :1:1: Premature end of file.
2026-07-17 09:24:44,385 [ERROR] LogOutputStream:75 - [STDERR_REDIRECT] 
2026-07-17 09:24:45,388 [ERROR] LogOutputStream:75 - [STDERR_REDIRECT] [Fatal Error] :1:1: Premature end of file.
2026-07-17 09:24:45,388 [ERROR] LogOutputStream:75 - [STDERR_REDIRECT] 
2026-07-17 09:24:46,401 [ERROR] LogOutputStream:75 - [STDERR_REDIRECT] [Fatal Error] :1:1: Premature end of file.
2026-07-17 09:24:46,401 [ERROR] LogOutputStream:75 - [STDERR_REDIRECT] 
2026-07-17 09:24:47,377 [ERROR] LogOutputStream:75 - [STDERR_REDIRECT] [Fatal Error] :1:1: Premature end of file.
2026-07-17 09:24:47,377 [ERROR] LogOutputStream:75 - [STDERR_REDIRECT] 
2026-07-17 09:24:48,377 [ERROR] LogOutputStream:75 - [STDERR_REDIRECT] [Fatal Error] :1:1: Premature end of file.
2026-07-17 09:24:48,377 [ERROR] LogOutputStream:75 - [STDERR_REDIRECT] 
2026-07-17 09:24:49,389 [ERROR] LogOutputStream:75 - [STDERR_REDIRECT] [Fatal Error] :1:1: Premature end of file.
2026-07-17 09:24:49,389 [ERROR] LogOutputStream:75 - [STDERR_REDIRECT] 
2026-07-17 09:24:50,391 [ERROR] LogOutputStream:75 - [STDERR_REDIRECT] [Fatal Error] :1:1: Premature end of file.
2026-07-17 09:24:50,391 [ERROR] LogOutputStream:75 - [STDERR_REDIRECT] 
2026-07-17 09:24:51,386 [ERROR] LogOutputStream:75 - [STDERR_REDIRECT] [Fatal Error] :1:1: Premature end of file.
2026-07-17 09:24:51,386 [ERROR] LogOutputStream:75 - [STDERR_REDIRECT] 
2026-07-17 09:24:52,374 [ERROR] LogOutputStream:75 - [STDERR_REDIRECT] [Fatal Error] :1:1: Premature end of file.
2026-07-17 09:24:52,374 [ERROR] LogOutputStream:75 - [STDERR_REDIRECT] 
2026-07-17 09:24:53,382 [ERROR] LogOutputStream:75 - [STDERR_REDIRECT] [Fatal Error] :1:1: Premature end of file.
2026-07-17 09:24:53,382 [ERROR] LogOutputStream:75 - [STDERR_REDIRECT] 
2026-07-17 09:24:54,372 [ERROR] LogOutputStream:75 - [STDERR_REDIRECT] [Fatal Error] :1:1: Premature end of file.
2026-07-17 09:24:54,372 [ERROR] LogOutputStream:75 - [STDERR_REDIRECT] 
2026-07-17 09:24:55,368 [ERROR] LogOutputStream:75 - [STDERR_REDIRECT] [Fatal Error] :1:1: Premature end of file.
2026-07-17 09:24:55,368 [ERROR] LogOutputStream:75 - [STDERR_REDIRECT] 
2026-07-17 09:24:56,384 [ERROR] LogOutputStream:75 - [STDERR_REDIRECT] [Fatal Error] :1:1: Premature end of file.
2026-07-17 09:24:56,384 [ERROR] LogOutputStream:75 - [STDERR_REDIRECT] 
2026-07-17 09:24:57,391 [ERROR] LogOutputStream:75 - [STDERR_REDIRECT] [Fatal Error] :1:1: Premature end of file.
2026-07-17 09:24:57,391 [ERROR] LogOutputStream:75 - [STDERR_REDIRECT] 
2026-07-17 09:24:58,388 [ERROR] LogOutputStream:75 - [STDERR_REDIRECT] [Fatal Error] :1:1: Premature end of file.
2026-07-17 09:24:58,388 [ERROR] LogOutputStream:75 - [STDERR_REDIRECT] 
2026-07-17 09:24:59,388 [ERROR] LogOutputStream:75 - [STDERR_REDIRECT] [Fatal Error] :1:1: Premature end of file.
2026-07-17 09:24:59,388 [ERROR] LogOutputStream:75 - [STDERR_REDIRECT] 
2026-07-17 09:25:00,382 [ERROR] LogOutputStream:75 - [STDERR_REDIRECT] [Fatal Error] :1:1: Premature end of file.
2026-07-17 09:25:00,382 [ERROR] LogOutputStream:75 - [STDERR_REDIRECT] 
2026-07-17 09:25:01,382 [ERROR] LogOutputStream:75 - [STDERR_REDIRECT] [Fatal Error] :1:1: Premature end of file.
2026-07-17 09:25:01,390 [ERROR] LogOutputStream:75 - [STDERR_REDIRECT] 
2026-07-17 09:25:02,376 [ERROR] LogOutputStream:75 - [STDERR_REDIRECT] [Fatal Error] :1:1: Premature end of file.
2026-07-17 09:25:02,376 [ERROR] LogOutputStream:75 - [STDERR_REDIRECT] 
2026-07-17 09:25:03,377 [ERROR] LogOutputStream:75 - [STDERR_REDIRECT] [Fatal Error] :1:1: Premature end of file.
2026-07-17 09:25:03,377 [ERROR] LogOutputStream:75 - [STDERR_REDIRECT] 
2026-07-17 09:25:04,377 [ERROR] LogOutputStream:75 - [STDERR_REDIRECT] [Fatal Error] :1:1: Premature end of file.
2026-07-17 09:25:04,377 [ERROR] LogOutputStream:75 - [STDERR_REDIRECT] 
2026-07-17 09:25:05,380 [ERROR] LogOutputStream:75 - [STDERR_REDIRECT] [Fatal Error] :1:1: Premature end of file.
2026-07-17 09:25:05,380 [ERROR] LogOutputStream:75 - [STDERR_REDIRECT] 
2026-07-17 09:25:06,380 [ERROR] LogOutputStream:75 - [STDERR_REDIRECT] [Fatal Error] :1:1: Premature end of file.
2026-07-17 09:25:06,380 [ERROR] LogOutputStream:75 - [STDERR_REDIRECT] 
2026-07-17 09:25:07,383 [ERROR] LogOutputStream:75 - [STDERR_REDIRECT] [Fatal Error] :1:1: Premature end of file.
2026-07-17 09:25:07,383 [ERROR] LogOutputStream:75 - [STDERR_REDIRECT] 
2026-07-17 09:25:08,370 [ERROR] LogOutputStream:75 - [STDERR_REDIRECT] [Fatal Error] :1:1: Premature end of file.
2026-07-17 09:25:08,370 [ERROR] LogOutputStream:75 - [STDERR_REDIRECT] 
2026-07-17 09:25:09,378 [ERROR] LogOutputStream:75 - [STDERR_REDIRECT] [Fatal Error] :1:1: Premature end of file.
2026-07-17 09:25:09,378 [ERROR] LogOutputStream:75 - [STDERR_REDIRECT] 
2026-07-17 09:25:10,400 [ERROR] LogOutputStream:75 - [STDERR_REDIRECT] [Fatal Error] :1:1: Premature end of file.
2026-07-17 09:25:10,400 [ERROR] LogOutputStream:75 - [STDERR_REDIRECT] 
2026-07-17 09:25:11,385 [ERROR] LogOutputStream:75 - [STDERR_REDIRECT] [Fatal Error] :1:1: Premature end of file.
2026-07-17 09:25:11,385 [ERROR] LogOutputStream:75 - [STDERR_REDIRECT] 
2026-07-17 09:25:12,393 [ERROR] LogOutputStream:75 - [STDERR_REDIRECT] [Fatal Error] :1:1: Premature end of file.
2026-07-17 09:25:12,393 [ERROR] LogOutputStream:75 - [STDERR_REDIRECT] 
2026-07-17 09:25:13,387 [ERROR] LogOutputStream:75 - [STDERR_REDIRECT] [Fatal Error] :1:1: Premature end of file.
2026-07-17 09:25:13,387 [ERROR] LogOutputStream:75 - [STDERR_REDIRECT] 
2026-07-17 09:25:14,386 [ERROR] LogOutputStream:75 - [STDERR_REDIRECT] [Fatal Error] :1:1: Premature end of file.
2026-07-17 09:25:14,386 [ERROR] LogOutputStream:75 - [STDERR_REDIRECT] 
2026-07-17 09:25:15,383 [ERROR] LogOutputStream:75 - [STDERR_REDIRECT] [Fatal Error] :1:1: Premature end of file.
2026-07-17 09:25:15,383 [ERROR] LogOutputStream:75 - [STDERR_REDIRECT] 
2026-07-17 09:25:16,389 [ERROR] LogOutputStream:75 - [STDERR_REDIRECT] [Fatal Error] :1:1: Premature end of file.
2026-07-17 09:25:16,389 [ERROR] LogOutputStream:75 - [STDERR_REDIRECT] 
2026-07-17 09:25:17,384 [ERROR] LogOutputStream:75 - [STDERR_REDIRECT] [Fatal Error] :1:1: Premature end of file.
2026-07-17 09:25:17,384 [ERROR] LogOutputStream:75 - [STDERR_REDIRECT] 
2026-07-17 09:25:18,383 [ERROR] LogOutputStream:75 - [STDERR_REDIRECT] [Fatal Error] :1:1: Premature end of file.
2026-07-17 09:25:18,383 [ERROR] LogOutputStream:75 - [STDERR_REDIRECT] 
2026-07-17 09:25:19,376 [ERROR] LogOutputStream:75 - [STDERR_REDIRECT] [Fatal Error] :1:1: Premature end of file.
2026-07-17 09:25:19,376 [ERROR] LogOutputStream:75 - [STDERR_REDIRECT] 
2026-07-17 09:25:20,383 [ERROR] LogOutputStream:75 - [STDERR_REDIRECT] [Fatal Error] :1:1: Premature end of file.
2026-07-17 09:25:20,383 [ERROR] LogOutputStream:75 - [STDERR_REDIRECT] 
2026-07-17 09:25:21,371 [ERROR] LogOutputStream:75 - [STDERR_REDIRECT] [Fatal Error] :1:1: Premature end of file.
2026-07-17 09:25:21,371 [ERROR] LogOutputStream:75 - [STDERR_REDIRECT] 
2026-07-17 09:25:22,377 [ERROR] LogOutputStream:75 - [STDERR_REDIRECT] [Fatal Error] :1:1: Premature end of file.
2026-07-17 09:25:22,377 [ERROR] LogOutputStream:75 - [STDERR_REDIRECT] 
2026-07-17 09:25:23,388 [ERROR] LogOutputStream:75 - [STDERR_REDIRECT] [Fatal Error] :1:1: Premature end of file.
2026-07-17 09:25:23,388 [ERROR] LogOutputStream:75 - [STDERR_REDIRECT] 
2026-07-17 09:25:24,379 [ERROR] LogOutputStream:75 - [STDERR_REDIRECT] [Fatal Error] :1:1: Premature end of file.
2026-07-17 09:25:24,379 [ERROR] LogOutputStream:75 - [STDERR_REDIRECT] 
2026-07-17 09:25:25,381 [ERROR] LogOutputStream:75 - [STDERR_REDIRECT] [Fatal Error] :1:1: Premature end of file.
2026-07-17 09:25:25,381 [ERROR] LogOutputStream:75 - [STDERR_REDIRECT] 
2026-07-17 09:25:26,391 [ERROR] LogOutputStream:75 - [STDERR_REDIRECT] [Fatal Error] :1:1: Premature end of file.
2026-07-17 09:25:26,391 [ERROR] LogOutputStream:75 - [STDERR_REDIRECT] 
2026-07-17 09:25:27,371 [ERROR] LogOutputStream:75 - [STDERR_REDIRECT] [Fatal Error] :1:1: Premature end of file.
2026-07-17 09:25:27,371 [ERROR] LogOutputStream:75 - [STDERR_REDIRECT] 
2026-07-17 09:25:28,377 [ERROR] LogOutputStream:75 - [STDERR_REDIRECT] [Fatal Error] :1:1: Premature end of file.
2026-07-17 09:25:28,378 [ERROR] LogOutputStream:75 - [STDERR_REDIRECT] 
2026-07-17 09:25:29,372 [ERROR] LogOutputStream:75 - [STDERR_REDIRECT] [Fatal Error] :1:1: Premature end of file.
2026-07-17 09:25:29,372 [ERROR] LogOutputStream:75 - [STDERR_REDIRECT] 
2026-07-17 09:25:30,383 [ERROR] LogOutputStream:75 - [STDERR_REDIRECT] [Fatal Error] :1:1: Premature end of file.
2026-07-17 09:25:30,383 [ERROR] LogOutputStream:75 - [STDERR_REDIRECT] 
2026-07-17 09:25:31,385 [ERROR] LogOutputStream:75 - [STDERR_REDIRECT] [Fatal Error] :1:1: Premature end of file.
2026-07-17 09:25:31,385 [ERROR] LogOutputStream:75 - [STDERR_REDIRECT] 
2026-07-17 09:25:32,386 [ERROR] LogOutputStream:75 - [STDERR_REDIRECT] [Fatal Error] :1:1: Premature end of file.
2026-07-17 09:25:32,386 [ERROR] LogOutputStream:75 - [STDERR_REDIRECT] 
2026-07-17 09:25:33,377 [ERROR] LogOutputStream:75 - [STDERR_REDIRECT] [Fatal Error] :1:1: Premature end of file.
2026-07-17 09:25:33,377 [ERROR] LogOutputStream:75 - [STDERR_REDIRECT] 
2026-07-17 09:25:34,388 [ERROR] LogOutputStream:75 - [STDERR_REDIRECT] [Fatal Error] :1:1: Premature end of file.
2026-07-17 09:25:34,388 [ERROR] LogOutputStream:75 - [STDERR_REDIRECT] 
2026-07-17 09:25:35,388 [ERROR] LogOutputStream:75 - [STDERR_REDIRECT] [Fatal Error] :1:1: Premature end of file.
2026-07-17 09:25:35,388 [ERROR] LogOutputStream:75 - [STDERR_REDIRECT] 
2026-07-17 09:25:36,381 [ERROR] LogOutputStream:75 - [STDERR_REDIRECT] [Fatal Error] :1:1: Premature end of file.
2026-07-17 09:25:36,381 [ERROR] LogOutputStream:75 - [STDERR_REDIRECT] 
2026-07-17 09:25:37,371 [ERROR] LogOutputStream:75 - [STDERR_REDIRECT] [Fatal Error] :1:1: Premature end of file.
2026-07-17 09:25:37,371 [ERROR] LogOutputStream:75 - [STDERR_REDIRECT] 
2026-07-17 09:25:38,386 [ERROR] LogOutputStream:75 - [STDERR_REDIRECT] [Fatal Error] :1:1: Premature end of file.
2026-07-17 09:25:38,386 [ERROR] LogOutputStream:75 - [STDERR_REDIRECT] 
2026-07-17 09:25:39,388 [ERROR] LogOutputStream:75 - [STDERR_REDIRECT] [Fatal Error] :1:1: Premature end of file.
2026-07-17 09:25:39,388 [ERROR] LogOutputStream:75 - [STDERR_REDIRECT] 
2026-07-17 09:25:40,385 [ERROR] LogOutputStream:75 - [STDERR_REDIRECT] [Fatal Error] :1:1: Premature end of file.
2026-07-17 09:25:40,385 [ERROR] LogOutputStream:75 - [STDERR_REDIRECT] 
2026-07-17 09:25:41,381 [ERROR] LogOutputStream:75 - [STDERR_REDIRECT] [Fatal Error] :1:1: Premature end of file.
2026-07-17 09:25:41,381 [ERROR] LogOutputStream:75 - [STDERR_REDIRECT] 
2026-07-17 09:25:42,378 [ERROR] LogOutputStream:75 - [STDERR_REDIRECT] [Fatal Error] :1:1: Premature end of file.
2026-07-17 09:25:42,378 [ERROR] LogOutputStream:75 - [STDERR_REDIRECT] 
2026-07-17 09:25:43,374 [ERROR] LogOutputStream:75 - [STDERR_REDIRECT] [Fatal Error] :1:1: Premature end of file.
2026-07-17 09:25:43,382 [ERROR] LogOutputStream:75 - [STDERR_REDIRECT] 
2026-07-17 09:25:44,383 [ERROR] LogOutputStream:75 - [STDERR_REDIRECT] [Fatal Error] :1:1: Premature end of file.
2026-07-17 09:25:44,384 [ERROR] LogOutputStream:75 - [STDERR_REDIRECT] 
2026-07-17 09:25:45,386 [ERROR] LogOutputStream:75 - [STDERR_REDIRECT] [Fatal Error] :1:1: Premature end of file.
2026-07-17 09:25:45,386 [ERROR] LogOutputStream:75 - [STDERR_REDIRECT] 
2026-07-17 09:25:46,384 [ERROR] LogOutputStream:75 - [STDERR_REDIRECT] [Fatal Error] :1:1: Premature end of file.
2026-07-17 09:25:46,384 [ERROR] LogOutputStream:75 - [STDERR_REDIRECT] 
2026-07-17 09:25:47,379 [ERROR] LogOutputStream:75 - [STDERR_REDIRECT] [Fatal Error] :1:1: Premature end of file.
2026-07-17 09:25:47,379 [ERROR] LogOutputStream:75 - [STDERR_REDIRECT] 
2026-07-17 09:25:48,399 [ERROR] LogOutputStream:75 - [STDERR_REDIRECT] [Fatal Error] :1:1: Premature end of file.
2026-07-17 09:25:48,399 [ERROR] LogOutputStream:75 - [STDERR_REDIRECT] 
2026-07-17 09:25:49,387 [ERROR] LogOutputStream:75 - [STDERR_REDIRECT] [Fatal Error] :1:1: Premature end of file.
2026-07-17 09:25:49,387 [ERROR] LogOutputStream:75 - [STDERR_REDIRECT] 
2026-07-17 09:25:50,369 [ERROR] LogOutputStream:75 - [STDERR_REDIRECT] [Fatal Error] :1:1: Premature end of file.
2026-07-17 09:25:50,369 [ERROR] LogOutputStream:75 - [STDERR_REDIRECT] 
2026-07-17 09:25:51,377 [ERROR] LogOutputStream:75 - [STDERR_REDIRECT] [Fatal Error] :1:1: Premature end of file.
2026-07-17 09:25:51,377 [ERROR] LogOutputStream:75 - [STDERR_REDIRECT] 
2026-07-17 09:25:52,382 [ERROR] LogOutputStream:75 - [STDERR_REDIRECT] [Fatal Error] :1:1: Premature end of file.
2026-07-17 09:25:52,382 [ERROR] LogOutputStream:75 - [STDERR_REDIRECT] 
2026-07-17 09:25:53,388 [ERROR] LogOutputStream:75 - [STDERR_REDIRECT] [Fatal Error] :1:1: Premature end of file.
2026-07-17 09:25:53,388 [ERROR] LogOutputStream:75 - [STDERR_REDIRECT] 
2026-07-17 09:25:54,381 [ERROR] LogOutputStream:75 - [STDERR_REDIRECT] [Fatal Error] :1:1: Premature end of file.
2026-07-17 09:25:54,381 [ERROR] LogOutputStream:75 - [STDERR_REDIRECT] 
2026-07-17 09:25:55,381 [ERROR] LogOutputStream:75 - [STDERR_REDIRECT] [Fatal Error] :1:1: Premature end of file.
2026-07-17 09:25:55,381 [ERROR] LogOutputStream:75 - [STDERR_REDIRECT] 
2026-07-17 09:25:56,392 [ERROR] LogOutputStream:75 - [STDERR_REDIRECT] [Fatal Error] :1:1: Premature end of file.
2026-07-17 09:25:56,392 [ERROR] LogOutputStream:75 - [STDERR_REDIRECT] 
2026-07-17 09:25:57,380 [ERROR] LogOutputStream:75 - [STDERR_REDIRECT] [Fatal Error] :1:1: Premature end of file.
2026-07-17 09:25:57,380 [ERROR] LogOutputStream:75 - [STDERR_REDIRECT] 
2026-07-17 09:25:58,386 [ERROR] LogOutputStream:75 - [STDERR_REDIRECT] [Fatal Error] :1:1: Premature end of file.
2026-07-17 09:25:58,386 [ERROR] LogOutputStream:75 - [STDERR_REDIRECT] 
2026-07-17 09:25:59,390 [ERROR] LogOutputStream:75 - [STDERR_REDIRECT] [Fatal Error] :1:1: Premature end of file.
2026-07-17 09:25:59,390 [ERROR] LogOutputStream:75 - [STDERR_REDIRECT] 
2026-07-17 09:26:00,383 [ERROR] LogOutputStream:75 - [STDERR_REDIRECT] [Fatal Error] :1:1: Premature end of file.
2026-07-17 09:26:00,386 [ERROR] LogOutputStream:75 - [STDERR_REDIRECT] 
2026-07-17 09:26:01,393 [ERROR] LogOutputStream:75 - [STDERR_REDIRECT] [Fatal Error] :1:1: Premature end of file.
2026-07-17 09:26:01,393 [ERROR] LogOutputStream:75 - [STDERR_REDIRECT] 
2026-07-17 09:26:02,384 [ERROR] LogOutputStream:75 - [STDERR_REDIRECT] [Fatal Error] :1:1: Premature end of file.
2026-07-17 09:26:02,384 [ERROR] LogOutputStream:75 - [STDERR_REDIRECT] 
2026-07-17 09:26:03,384 [ERROR] LogOutputStream:75 - [STDERR_REDIRECT] [Fatal Error] :1:1: Premature end of file.
2026-07-17 09:26:03,384 [ERROR] LogOutputStream:75 - [STDERR_REDIRECT] 
2026-07-17 09:26:04,385 [ERROR] LogOutputStream:75 - [STDERR_REDIRECT] [Fatal Error] :1:1: Premature end of file.
2026-07-17 09:26:04,391 [ERROR] LogOutputStream:75 - [STDERR_REDIRECT] 
2026-07-17 09:26:05,384 [ERROR] LogOutputStream:75 - [STDERR_REDIRECT] [Fatal Error] :1:1: Premature end of file.
2026-07-17 09:26:05,384 [ERROR] LogOutputStream:75 - [STDERR_REDIRECT] 
2026-07-17 09:26:06,380 [ERROR] LogOutputStream:75 - [STDERR_REDIRECT] [Fatal Error] :1:1: Premature end of file.
2026-07-17 09:26:06,380 [ERROR] LogOutputStream:75 - [STDERR_REDIRECT] 
2026-07-17 09:26:07,385 [ERROR] LogOutputStream:75 - [STDERR_REDIRECT] [Fatal Error] :1:1: Premature end of file.
2026-07-17 09:26:07,385 [ERROR] LogOutputStream:75 - [STDERR_REDIRECT] 
2026-07-17 09:26:08,389 [ERROR] LogOutputStream:75 - [STDERR_REDIRECT] [Fatal Error] :1:1: Premature end of file.
2026-07-17 09:26:08,389 [ERROR] LogOutputStream:75 - [STDERR_REDIRECT] 
2026-07-17 09:26:09,386 [ERROR] LogOutputStream:75 - [STDERR_REDIRECT] [Fatal Error] :1:1: Premature end of file.
2026-07-17 09:26:09,386 [ERROR] LogOutputStream:75 - [STDERR_REDIRECT] 
2026-07-17 09:26:10,382 [ERROR] LogOutputStream:75 - [STDERR_REDIRECT] [Fatal Error] :1:1: Premature end of file.
2026-07-17 09:26:10,382 [ERROR] LogOutputStream:75 - [STDERR_REDIRECT] 
2026-07-17 09:26:11,380 [ERROR] LogOutputStream:75 - [STDERR_REDIRECT] [Fatal Error] :1:1: Premature end of file.
2026-07-17 09:26:11,380 [ERROR] LogOutputStream:75 - [STDERR_REDIRECT] 
2026-07-17 09:26:12,381 [ERROR] LogOutputStream:75 - [STDERR_REDIRECT] [Fatal Error] :1:1: Premature end of file.
2026-07-17 09:26:12,381 [ERROR] LogOutputStream:75 - [STDERR_REDIRECT] 
2026-07-17 09:26:13,392 [ERROR] LogOutputStream:75 - [STDERR_REDIRECT] [Fatal Error] :1:1: Premature end of file.
2026-07-17 09:26:13,392 [ERROR] LogOutputStream:75 - [STDERR_REDIRECT] 
2026-07-17 09:26:14,385 [ERROR] LogOutputStream:75 - [STDERR_REDIRECT] [Fatal Error] :1:1: Premature end of file.
2026-07-17 09:26:14,385 [ERROR] LogOutputStream:75 - [STDERR_REDIRECT] 
2026-07-17 09:26:15,376 [ERROR] LogOutputStream:75 - [STDERR_REDIRECT] [Fatal Error] :1:1: Premature end of file.
2026-07-17 09:26:15,376 [ERROR] LogOutputStream:75 - [STDERR_REDIRECT] 
2026-07-17 09:26:16,380 [ERROR] LogOutputStream:75 - [STDERR_REDIRECT] [Fatal Error] :1:1: Premature end of file.
2026-07-17 09:26:16,380 [ERROR] LogOutputStream:75 - [STDERR_REDIRECT] 
2026-07-17 09:26:17,371 [ERROR] LogOutputStream:75 - [STDERR_REDIRECT] [Fatal Error] :1:1: Premature end of file.
2026-07-17 09:26:17,379 [ERROR] LogOutputStream:75 - [STDERR_REDIRECT] 
2026-07-17 09:26:18,385 [ERROR] LogOutputStream:75 - [STDERR_REDIRECT] [Fatal Error] :1:1: Premature end of file.
2026-07-17 09:26:18,385 [ERROR] LogOutputStream:75 - [STDERR_REDIRECT] 
2026-07-17 09:26:19,376 [ERROR] LogOutputStream:75 - [STDERR_REDIRECT] [Fatal Error] :1:1: Premature end of file.
2026-07-17 09:26:19,376 [ERROR] LogOutputStream:75 - [STDERR_REDIRECT] 
2026-07-17 09:26:20,381 [ERROR] LogOutputStream:75 - [STDERR_REDIRECT] [Fatal Error] :1:1: Premature end of file.
2026-07-17 09:26:20,381 [ERROR] LogOutputStream:75 - [STDERR_REDIRECT] 
2026-07-17 09:26:21,393 [ERROR] LogOutputStream:75 - [STDERR_REDIRECT] [Fatal Error] :1:1: Premature end of file.
2026-07-17 09:26:21,393 [ERROR] LogOutputStream:75 - [STDERR_REDIRECT] 
2026-07-17 09:26:22,388 [ERROR] LogOutputStream:75 - [STDERR_REDIRECT] [Fatal Error] :1:1: Premature end of file.
2026-07-17 09:26:22,388 [ERROR] LogOutputStream:75 - [STDERR_REDIRECT] 
2026-07-17 09:26:23,384 [ERROR] LogOutputStream:75 - [STDERR_REDIRECT] [Fatal Error] :1:1: Premature end of file.
2026-07-17 09:26:23,384 [ERROR] LogOutputStream:75 - [STDERR_REDIRECT] 
2026-07-17 09:26:24,386 [ERROR] LogOutputStream:75 - [STDERR_REDIRECT] [Fatal Error] :1:1: Premature end of file.
2026-07-17 09:26:24,386 [ERROR] LogOutputStream:75 - [STDERR_REDIRECT] 
2026-07-17 09:26:25,390 [ERROR] LogOutputStream:75 - [STDERR_REDIRECT] [Fatal Error] :1:1: Premature end of file.
2026-07-17 09:26:25,390 [ERROR] LogOutputStream:75 - [STDERR_REDIRECT] 
2026-07-17 09:26:26,381 [ERROR] LogOutputStream:75 - [STDERR_REDIRECT] [Fatal Error] :1:1: Premature end of file.
2026-07-17 09:26:26,381 [ERROR] LogOutputStream:75 - [STDERR_REDIRECT] 
2026-07-17 09:26:27,386 [ERROR] LogOutputStream:75 - [STDERR_REDIRECT] [Fatal Error] :1:1: Premature end of file.
2026-07-17 09:26:27,386 [ERROR] LogOutputStream:75 - [STDERR_REDIRECT] 
2026-07-17 09:26:28,387 [ERROR] LogOutputStream:75 - [STDERR_REDIRECT] [Fatal Error] :1:1: Premature end of file.
2026-07-17 09:26:28,387 [ERROR] LogOutputStream:75 - [STDERR_REDIRECT] 
2026-07-17 09:26:29,380 [ERROR] LogOutputStream:75 - [STDERR_REDIRECT] [Fatal Error] :1:1: Premature end of file.
2026-07-17 09:26:29,380 [ERROR] LogOutputStream:75 - [STDERR_REDIRECT] 
2026-07-17 09:26:30,386 [ERROR] LogOutputStream:75 - [STDERR_REDIRECT] [Fatal Error] :1:1: Premature end of file.
2026-07-17 09:26:30,386 [ERROR] LogOutputStream:75 - [STDERR_REDIRECT] 
2026-07-17 09:26:31,372 [ERROR] LogOutputStream:75 - [STDERR_REDIRECT] [Fatal Error] :1:1: Premature end of file.
2026-07-17 09:26:31,372 [ERROR] LogOutputStream:75 - [STDERR_REDIRECT] 
2026-07-17 09:26:32,393 [ERROR] LogOutputStream:75 - [STDERR_REDIRECT] [Fatal Error] :1:1: Premature end of file.
2026-07-17 09:26:32,393 [ERROR] LogOutputStream:75 - [STDERR_REDIRECT] 
2026-07-17 09:26:33,381 [ERROR] LogOutputStream:75 - [STDERR_REDIRECT] [Fatal Error] :1:1: Premature end of file.
2026-07-17 09:26:33,381 [ERROR] LogOutputStream:75 - [STDERR_REDIRECT] 
2026-07-17 09:26:34,389 [ERROR] LogOutputStream:75 - [STDERR_REDIRECT] [Fatal Error] :1:1: Premature end of file.
2026-07-17 09:26:34,389 [ERROR] LogOutputStream:75 - [STDERR_REDIRECT] 
2026-07-17 09:26:35,377 [ERROR] LogOutputStream:75 - [STDERR_REDIRECT] [Fatal Error] :1:1: Premature end of file.
2026-07-17 09:26:35,377 [ERROR] LogOutputStream:75 - [STDERR_REDIRECT] 
2026-07-17 09:26:36,375 [ERROR] LogOutputStream:75 - [STDERR_REDIRECT] [Fatal Error] :1:1: Premature end of file.
2026-07-17 09:26:36,375 [ERROR] LogOutputStream:75 - [STDERR_REDIRECT] 
2026-07-17 09:26:37,389 [ERROR] LogOutputStream:75 - [STDERR_REDIRECT] [Fatal Error] :1:1: Premature end of file.
2026-07-17 09:26:37,389 [ERROR] LogOutputStream:75 - [STDERR_REDIRECT] 
2026-07-17 09:26:38,371 [ERROR] LogOutputStream:75 - [STDERR_REDIRECT] [Fatal Error] :1:1: Premature end of file.
2026-07-17 09:26:38,371 [ERROR] LogOutputStream:75 - [STDERR_REDIRECT] 
2026-07-17 09:26:39,384 [ERROR] LogOutputStream:75 - [STDERR_REDIRECT] [Fatal Error] :1:1: Premature end of file.
2026-07-17 09:26:39,384 [ERROR] LogOutputStream:75 - [STDERR_REDIRECT] 
2026-07-17 09:26:40,391 [ERROR] LogOutputStream:75 - [STDERR_REDIRECT] [Fatal Error] :1:1: Premature end of file.
2026-07-17 09:26:40,391 [ERROR] LogOutputStream:75 - [STDERR_REDIRECT] 
2026-07-17 09:26:41,379 [ERROR] LogOutputStream:75 - [STDERR_REDIRECT] [Fatal Error] :1:1: Premature end of file.
2026-07-17 09:26:41,386 [ERROR] LogOutputStream:75 - [STDERR_REDIRECT] 
2026-07-17 09:26:42,377 [ERROR] LogOutputStream:75 - [STDERR_REDIRECT] [Fatal Error] :1:1: Premature end of file.
2026-07-17 09:26:42,377 [ERROR] LogOutputStream:75 - [STDERR_REDIRECT] 
2026-07-17 09:26:43,379 [ERROR] LogOutputStream:75 - [STDERR_REDIRECT] [Fatal Error] :1:1: Premature end of file.
2026-07-17 09:26:43,379 [ERROR] LogOutputStream:75 - [STDERR_REDIRECT] 
2026-07-17 09:26:44,386 [ERROR] LogOutputStream:75 - [STDERR_REDIRECT] [Fatal Error] :1:1: Premature end of file.
2026-07-17 09:26:44,386 [ERROR] LogOutputStream:75 - [STDERR_REDIRECT] 
2026-07-17 09:26:45,388 [ERROR] LogOutputStream:75 - [STDERR_REDIRECT] [Fatal Error] :1:1: Premature end of file.
2026-07-17 09:26:45,388 [ERROR] LogOutputStream:75 - [STDERR_REDIRECT] 
2026-07-17 09:26:46,392 [ERROR] LogOutputStream:75 - [STDERR_REDIRECT] [Fatal Error] :1:1: Premature end of file.
2026-07-17 09:26:46,392 [ERROR] LogOutputStream:75 - [STDERR_REDIRECT] 
2026-07-17 09:26:47,376 [ERROR] LogOutputStream:75 - [STDERR_REDIRECT] [Fatal Error] :1:1: Premature end of file.
2026-07-17 09:26:47,376 [ERROR] LogOutputStream:75 - [STDERR_REDIRECT] 
2026-07-17 09:26:48,381 [ERROR] LogOutputStream:75 - [STDERR_REDIRECT] [Fatal Error] :1:1: Premature end of file.
2026-07-17 09:26:48,381 [ERROR] LogOutputStream:75 - [STDERR_REDIRECT] 
2026-07-17 09:26:49,390 [ERROR] LogOutputStream:75 - [STDERR_REDIRECT] [Fatal Error] :1:1: Premature end of file.
2026-07-17 09:26:49,390 [ERROR] LogOutputStream:75 - [STDERR_REDIRECT] 
2026-07-17 09:26:50,386 [ERROR] LogOutputStream:75 - [STDERR_REDIRECT] [Fatal Error] :1:1: Premature end of file.
2026-07-17 09:26:50,386 [ERROR] LogOutputStream:75 - [STDERR_REDIRECT] 
2026-07-17 09:26:51,390 [ERROR] LogOutputStream:75 - [STDERR_REDIRECT] [Fatal Error] :1:1: Premature end of file.
2026-07-17 09:26:51,390 [ERROR] LogOutputStream:75 - [STDERR_REDIRECT] 
2026-07-17 09:26:52,382 [ERROR] LogOutputStream:75 - [STDERR_REDIRECT] [Fatal Error] :1:1: Premature end of file.
2026-07-17 09:26:52,382 [ERROR] LogOutputStream:75 - [STDERR_REDIRECT] 
2026-07-17 09:26:53,380 [ERROR] LogOutputStream:75 - [STDERR_REDIRECT] [Fatal Error] :1:1: Premature end of file.
2026-07-17 09:26:53,380 [ERROR] LogOutputStream:75 - [STDERR_REDIRECT] 
2026-07-17 09:26:54,379 [ERROR] LogOutputStream:75 - [STDERR_REDIRECT] [Fatal Error] :1:1: Premature end of file.
2026-07-17 09:26:54,379 [ERROR] LogOutputStream:75 - [STDERR_REDIRECT] 
2026-07-17 09:26:55,379 [ERROR] LogOutputStream:75 - [STDERR_REDIRECT] [Fatal Error] :1:1: Premature end of file.
2026-07-17 09:26:55,379 [ERROR] LogOutputStream:75 - [STDERR_REDIRECT] 
2026-07-17 09:26:56,373 [ERROR] LogOutputStream:75 - [STDERR_REDIRECT] [Fatal Error] :1:1: Premature end of file.
2026-07-17 09:26:56,373 [ERROR] LogOutputStream:75 - [STDERR_REDIRECT] 
2026-07-17 09:26:57,393 [ERROR] LogOutputStream:75 - [STDERR_REDIRECT] [Fatal Error] :1:1: Premature end of file.
2026-07-17 09:26:57,393 [ERROR] LogOutputStream:75 - [STDERR_REDIRECT] 
2026-07-17 09:26:58,387 [ERROR] LogOutputStream:75 - [STDERR_REDIRECT] [Fatal Error] :1:1: Premature end of file.
2026-07-17 09:26:58,387 [ERROR] LogOutputStream:75 - [STDERR_REDIRECT] 
2026-07-17 09:26:59,389 [ERROR] LogOutputStream:75 - [STDERR_REDIRECT] [Fatal Error] :1:1: Premature end of file.
2026-07-17 09:26:59,389 [ERROR] LogOutputStream:75 - [STDERR_REDIRECT] 
2026-07-17 09:27:00,394 [ERROR] LogOutputStream:75 - [STDERR_REDIRECT] [Fatal Error] :1:1: Premature end of file.
2026-07-17 09:27:00,394 [ERROR] LogOutputStream:75 - [STDERR_REDIRECT] 
2026-07-17 09:27:01,378 [ERROR] LogOutputStream:75 - [STDERR_REDIRECT] [Fatal Error] :1:1: Premature end of file.
2026-07-17 09:27:01,378 [ERROR] LogOutputStream:75 - [STDERR_REDIRECT] 
2026-07-17 09:27:02,385 [ERROR] LogOutputStream:75 - [STDERR_REDIRECT] [Fatal Error] :1:1: Premature end of file.
2026-07-17 09:27:02,385 [ERROR] LogOutputStream:75 - [STDERR_REDIRECT] 
2026-07-17 09:27:03,392 [ERROR] LogOutputStream:75 - [STDERR_REDIRECT] [Fatal Error] :1:1: Premature end of file.
2026-07-17 09:27:03,392 [ERROR] LogOutputStream:75 - [STDERR_REDIRECT] 
2026-07-17 09:27:04,385 [ERROR] LogOutputStream:75 - [STDERR_REDIRECT] [Fatal Error] :1:1: Premature end of file.
2026-07-17 09:27:04,385 [ERROR] LogOutputStream:75 - [STDERR_REDIRECT] 
2026-07-17 09:27:05,371 [ERROR] LogOutputStream:75 - [STDERR_REDIRECT] [Fatal Error] :1:1: Premature end of file.
2026-07-17 09:27:05,371 [ERROR] LogOutputStream:75 - [STDERR_REDIRECT] 
2026-07-17 09:27:06,385 [ERROR] LogOutputStream:75 - [STDERR_REDIRECT] [Fatal Error] :1:1: Premature end of file.
2026-07-17 09:27:06,394 [ERROR] LogOutputStream:75 - [STDERR_REDIRECT] 
2026-07-17 09:27:07,369 [ERROR] LogOutputStream:75 - [STDERR_REDIRECT] [Fatal Error] :1:1: Premature end of file.
2026-07-17 09:27:07,374 [ERROR] LogOutputStream:75 - [STDERR_REDIRECT] 
2026-07-17 09:27:08,372 [ERROR] LogOutputStream:75 - [STDERR_REDIRECT] [Fatal Error] :1:1: Premature end of file.
2026-07-17 09:27:08,372 [ERROR] LogOutputStream:75 - [STDERR_REDIRECT] 
2026-07-17 09:27:09,384 [ERROR] LogOutputStream:75 - [STDERR_REDIRECT] [Fatal Error] :1:1: Premature end of file.
2026-07-17 09:27:09,384 [ERROR] LogOutputStream:75 - [STDERR_REDIRECT] 
2026-07-17 09:27:10,389 [ERROR] LogOutputStream:75 - [STDERR_REDIRECT] [Fatal Error] :1:1: Premature end of file.
2026-07-17 09:27:10,389 [ERROR] LogOutputStream:75 - [STDERR_REDIRECT] 
2026-07-17 09:27:11,386 [ERROR] LogOutputStream:75 - [STDERR_REDIRECT] [Fatal Error] :1:1: Premature end of file.
2026-07-17 09:27:11,386 [ERROR] LogOutputStream:75 - [STDERR_REDIRECT] 
2026-07-17 09:27:12,378 [ERROR] LogOutputStream:75 - [STDERR_REDIRECT] [Fatal Error] :1:1: Premature end of file.
2026-07-17 09:27:12,378 [ERROR] LogOutputStream:75 - [STDERR_REDIRECT] 
2026-07-17 09:27:13,386 [ERROR] LogOutputStream:75 - [STDERR_REDIRECT] [Fatal Error] :1:1: Premature end of file.
2026-07-17 09:27:13,386 [ERROR] LogOutputStream:75 - [STDERR_REDIRECT] 
2026-07-17 09:27:14,395 [ERROR] LogOutputStream:75 - [STDERR_REDIRECT] [Fatal Error] :1:1: Premature end of file.
2026-07-17 09:27:14,397 [ERROR] LogOutputStream:75 - [STDERR_REDIRECT] 
2026-07-17 09:27:15,387 [ERROR] LogOutputStream:75 - [STDERR_REDIRECT] [Fatal Error] :1:1: Premature end of file.
2026-07-17 09:27:15,387 [ERROR] LogOutputStream:75 - [STDERR_REDIRECT] 
2026-07-17 09:27:16,388 [ERROR] LogOutputStream:75 - [STDERR_REDIRECT] [Fatal Error] :1:1: Premature end of file.
2026-07-17 09:27:16,388 [ERROR] LogOutputStream:75 - [STDERR_REDIRECT] 
2026-07-17 09:27:17,381 [ERROR] LogOutputStream:75 - [STDERR_REDIRECT] [Fatal Error] :1:1: Premature end of file.
2026-07-17 09:27:17,381 [ERROR] LogOutputStream:75 - [STDERR_REDIRECT] 
2026-07-17 09:27:18,395 [ERROR] LogOutputStream:75 - [STDERR_REDIRECT] [Fatal Error] :1:1: Premature end of file.
2026-07-17 09:27:18,395 [ERROR] LogOutputStream:75 - [STDERR_REDIRECT] 
2026-07-17 09:27:19,386 [ERROR] LogOutputStream:75 - [STDERR_REDIRECT] [Fatal Error] :1:1: Premature end of file.
2026-07-17 09:27:19,386 [ERROR] LogOutputStream:75 - [STDERR_REDIRECT] 
2026-07-17 09:27:20,393 [ERROR] LogOutputStream:75 - [STDERR_REDIRECT] [Fatal Error] :1:1: Premature end of file.
2026-07-17 09:27:20,393 [ERROR] LogOutputStream:75 - [STDERR_REDIRECT] 
2026-07-17 09:27:21,384 [ERROR] LogOutputStream:75 - [STDERR_REDIRECT] [Fatal Error] :1:1: Premature end of file.
2026-07-17 09:27:21,384 [ERROR] LogOutputStream:75 - [STDERR_REDIRECT] 
2026-07-17 09:27:22,390 [ERROR] LogOutputStream:75 - [STDERR_REDIRECT] [Fatal Error] :1:1: Premature end of file.
2026-07-17 09:27:22,390 [ERROR] LogOutputStream:75 - [STDERR_REDIRECT] 
2026-07-17 09:27:23,378 [ERROR] LogOutputStream:75 - [STDERR_REDIRECT] [Fatal Error] :1:1: Premature end of file.
2026-07-17 09:27:23,378 [ERROR] LogOutputStream:75 - [STDERR_REDIRECT] 
2026-07-17 09:27:24,386 [ERROR] LogOutputStream:75 - [STDERR_REDIRECT] [Fatal Error] :1:1: Premature end of file.
2026-07-17 09:27:24,386 [ERROR] LogOutputStream:75 - [STDERR_REDIRECT] 
2026-07-17 09:27:25,393 [ERROR] LogOutputStream:75 - [STDERR_REDIRECT] [Fatal Error] :1:1: Premature end of file.
2026-07-17 09:27:25,393 [ERROR] LogOutputStream:75 - [STDERR_REDIRECT] 
2026-07-17 09:27:26,373 [ERROR] LogOutputStream:75 - [STDERR_REDIRECT] [Fatal Error] :1:1: Premature end of file.
2026-07-17 09:27:26,373 [ERROR] LogOutputStream:75 - [STDERR_REDIRECT] 
2026-07-17 09:27:27,390 [ERROR] LogOutputStream:75 - [STDERR_REDIRECT] [Fatal Error] :1:1: Premature end of file.
2026-07-17 09:27:27,390 [ERROR] LogOutputStream:75 - [STDERR_REDIRECT] 
2026-07-17 09:27:28,398 [ERROR] LogOutputStream:75 - [STDERR_REDIRECT] [Fatal Error] :1:1: Premature end of file.
2026-07-17 09:27:28,398 [ERROR] LogOutputStream:75 - [STDERR_REDIRECT] 
2026-07-17 09:27:29,381 [ERROR] LogOutputStream:75 - [STDERR_REDIRECT] [Fatal Error] :1:1: Premature end of file.
2026-07-17 09:27:29,384 [ERROR] LogOutputStream:75 - [STDERR_REDIRECT] 
2026-07-17 09:27:30,383 [ERROR] LogOutputStream:75 - [STDERR_REDIRECT] [Fatal Error] :1:1: Premature end of file.
2026-07-17 09:27:30,383 [ERROR] LogOutputStream:75 - [STDERR_REDIRECT] 
2026-07-17 09:27:31,374 [ERROR] LogOutputStream:75 - [STDERR_REDIRECT] [Fatal Error] :1:1: Premature end of file.
2026-07-17 09:27:31,374 [ERROR] LogOutputStream:75 - [STDERR_REDIRECT] 
2026-07-17 09:27:32,379 [ERROR] LogOutputStream:75 - [STDERR_REDIRECT] [Fatal Error] :1:1: Premature end of file.
2026-07-17 09:27:32,379 [ERROR] LogOutputStream:75 - [STDERR_REDIRECT] 
2026-07-17 09:27:33,376 [ERROR] LogOutputStream:75 - [STDERR_REDIRECT] [Fatal Error] :1:1: Premature end of file.
2026-07-17 09:27:33,378 [ERROR] LogOutputStream:75 - [STDERR_REDIRECT] 
2026-07-17 09:27:34,390 [ERROR] LogOutputStream:75 - [STDERR_REDIRECT] [Fatal Error] :1:1: Premature end of file.
2026-07-17 09:27:34,390 [ERROR] LogOutputStream:75 - [STDERR_REDIRECT] 
2026-07-17 09:27:35,393 [ERROR] LogOutputStream:75 - [STDERR_REDIRECT] [Fatal Error] :1:1: Premature end of file.
2026-07-17 09:27:35,393 [ERROR] LogOutputStream:75 - [STDERR_REDIRECT] 
2026-07-17 09:27:36,372 [ERROR] LogOutputStream:75 - [STDERR_REDIRECT] [Fatal Error] :1:1: Premature end of file.
2026-07-17 09:27:36,372 [ERROR] LogOutputStream:75 - [STDERR_REDIRECT] 
2026-07-17 09:27:37,378 [ERROR] LogOutputStream:75 - [STDERR_REDIRECT] [Fatal Error] :1:1: Premature end of file.
2026-07-17 09:27:37,379 [ERROR] LogOutputStream:75 - [STDERR_REDIRECT] 
2026-07-17 09:27:38,397 [ERROR] LogOutputStream:75 - [STDERR_REDIRECT] [Fatal Error] :1:1: Premature end of file.
2026-07-17 09:27:38,397 [ERROR] LogOutputStream:75 - [STDERR_REDIRECT] 
2026-07-17 09:27:39,377 [ERROR] LogOutputStream:75 - [STDERR_REDIRECT] [Fatal Error] :1:1: Premature end of file.
2026-07-17 09:27:39,377 [ERROR] LogOutputStream:75 - [STDERR_REDIRECT] 
2026-07-17 09:27:40,399 [ERROR] LogOutputStream:75 - [STDERR_REDIRECT] [Fatal Error] :1:1: Premature end of file.
2026-07-17 09:27:40,399 [ERROR] LogOutputStream:75 - [STDERR_REDIRECT] 
2026-07-17 09:27:41,384 [ERROR] LogOutputStream:75 - [STDERR_REDIRECT] [Fatal Error] :1:1: Premature end of file.
2026-07-17 09:27:41,384 [ERROR] LogOutputStream:75 - [STDERR_REDIRECT] 
2026-07-17 09:27:42,377 [ERROR] LogOutputStream:75 - [STDERR_REDIRECT] [Fatal Error] :1:1: Premature end of file.
2026-07-17 09:27:42,377 [ERROR] LogOutputStream:75 - [STDERR_REDIRECT] 
2026-07-17 09:27:43,370 [ERROR] LogOutputStream:75 - [STDERR_REDIRECT] [Fatal Error] :1:1: Premature end of file.
2026-07-17 09:27:43,370 [ERROR] LogOutputStream:75 - [STDERR_REDIRECT] 
2026-07-17 09:27:44,381 [ERROR] LogOutputStream:75 - [STDERR_REDIRECT] [Fatal Error] :1:1: Premature end of file.
2026-07-17 09:27:44,381 [ERROR] LogOutputStream:75 - [STDERR_REDIRECT] 
2026-07-17 09:27:45,382 [ERROR] LogOutputStream:75 - [STDERR_REDIRECT] [Fatal Error] :1:1: Premature end of file.
2026-07-17 09:27:45,382 [ERROR] LogOutputStream:75 - [STDERR_REDIRECT] 
2026-07-17 09:27:46,400 [ERROR] LogOutputStream:75 - [STDERR_REDIRECT] [Fatal Error] :1:1: Premature end of file.
2026-07-17 09:27:46,400 [ERROR] LogOutputStream:75 - [STDERR_REDIRECT] 
2026-07-17 09:27:47,379 [ERROR] LogOutputStream:75 - [STDERR_REDIRECT] [Fatal Error] :1:1: Premature end of file.
2026-07-17 09:27:47,379 [ERROR] LogOutputStream:75 - [STDERR_REDIRECT] 
2026-07-17 09:27:48,395 [ERROR] LogOutputStream:75 - [STDERR_REDIRECT] [Fatal Error] :1:1: Premature end of file.
2026-07-17 09:27:48,395 [ERROR] LogOutputStream:75 - [STDERR_REDIRECT] 
2026-07-17 09:27:49,378 [ERROR] LogOutputStream:75 - [STDERR_REDIRECT] [Fatal Error] :1:1: Premature end of file.
2026-07-17 09:27:49,378 [ERROR] LogOutputStream:75 - [STDERR_REDIRECT] 
2026-07-17 09:27:50,374 [ERROR] LogOutputStream:75 - [STDERR_REDIRECT] [Fatal Error] :1:1: Premature end of file.
2026-07-17 09:27:50,374 [ERROR] LogOutputStream:75 - [STDERR_REDIRECT] 
2026-07-17 09:27:51,393 [ERROR] LogOutputStream:75 - [STDERR_REDIRECT] [Fatal Error] :1:1: Premature end of file.
2026-07-17 09:27:51,393 [ERROR] LogOutputStream:75 - [STDERR_REDIRECT] 
2026-07-17 09:27:52,388 [ERROR] LogOutputStream:75 - [STDERR_REDIRECT] [Fatal Error] :1:1: Premature end of file.
2026-07-17 09:27:52,388 [ERROR] LogOutputStream:75 - [STDERR_REDIRECT] 
2026-07-17 09:27:53,394 [ERROR] LogOutputStream:75 - [STDERR_REDIRECT] [Fatal Error] :1:1: Premature end of file.
2026-07-17 09:27:53,394 [ERROR] LogOutputStream:75 - [STDERR_REDIRECT] 
2026-07-17 09:27:54,379 [ERROR] LogOutputStream:75 - [STDERR_REDIRECT] [Fatal Error] :1:1: Premature end of file.
2026-07-17 09:27:54,379 [ERROR] LogOutputStream:75 - [STDERR_REDIRECT] 
2026-07-17 09:27:55,380 [ERROR] LogOutputStream:75 - [STDERR_REDIRECT] [Fatal Error] :1:1: Premature end of file.
2026-07-17 09:27:55,380 [ERROR] LogOutputStream:75 - [STDERR_REDIRECT] 
2026-07-17 09:27:56,383 [ERROR] LogOutputStream:75 - [STDERR_REDIRECT] [Fatal Error] :1:1: Premature end of file.
2026-07-17 09:27:56,383 [ERROR] LogOutputStream:75 - [STDERR_REDIRECT] 
2026-07-17 09:27:57,380 [ERROR] LogOutputStream:75 - [STDERR_REDIRECT] [Fatal Error] :1:1: Premature end of file.
2026-07-17 09:27:57,380 [ERROR] LogOutputStream:75 - [STDERR_REDIRECT] 
2026-07-17 09:27:58,387 [ERROR] LogOutputStream:75 - [STDERR_REDIRECT] [Fatal Error] :1:1: Premature end of file.
2026-07-17 09:27:58,387 [ERROR] LogOutputStream:75 - [STDERR_REDIRECT] 
2026-07-17 09:27:59,384 [ERROR] LogOutputStream:75 - [STDERR_REDIRECT] [Fatal Error] :1:1: Premature end of file.
2026-07-17 09:27:59,384 [ERROR] LogOutputStream:75 - [STDERR_REDIRECT] 
2026-07-17 09:28:00,384 [ERROR] LogOutputStream:75 - [STDERR_REDIRECT] [Fatal Error] :1:1: Premature end of file.
2026-07-17 09:28:00,384 [ERROR] LogOutputStream:75 - [STDERR_REDIRECT] 
2026-07-17 09:28:01,384 [ERROR] LogOutputStream:75 - [STDERR_REDIRECT] [Fatal Error] :1:1: Premature end of file.
2026-07-17 09:28:01,384 [ERROR] LogOutputStream:75 - [STDERR_REDIRECT] 
2026-07-17 09:28:02,386 [ERROR] LogOutputStream:75 - [STDERR_REDIRECT] [Fatal Error] :1:1: Premature end of file.
2026-07-17 09:28:02,386 [ERROR] LogOutputStream:75 - [STDERR_REDIRECT] 
2026-07-17 09:28:03,384 [ERROR] LogOutputStream:75 - [STDERR_REDIRECT] [Fatal Error] :1:1: Premature end of file.
2026-07-17 09:28:03,384 [ERROR] LogOutputStream:75 - [STDERR_REDIRECT] 
2026-07-17 09:28:04,374 [ERROR] LogOutputStream:75 - [STDERR_REDIRECT] [Fatal Error] :1:1: Premature end of file.
2026-07-17 09:28:04,374 [ERROR] LogOutputStream:75 - [STDERR_REDIRECT] 
2026-07-17 09:28:05,373 [ERROR] LogOutputStream:75 - [STDERR_REDIRECT] [Fatal Error] :1:1: Premature end of file.
2026-07-17 09:28:05,373 [ERROR] LogOutputStream:75 - [STDERR_REDIRECT] 
2026-07-17 09:28:06,364 [ERROR] LogOutputStream:75 - [STDERR_REDIRECT] [Fatal Error] :1:1: Premature end of file.
2026-07-17 09:28:06,365 [ERROR] LogOutputStream:75 - [STDERR_REDIRECT] 
2026-07-17 09:28:07,386 [ERROR] LogOutputStream:75 - [STDERR_REDIRECT] [Fatal Error] :1:1: Premature end of file.
2026-07-17 09:28:07,386 [ERROR] LogOutputStream:75 - [STDERR_REDIRECT] 
2026-07-17 09:28:08,367 [ERROR] LogOutputStream:75 - [STDERR_REDIRECT] [Fatal Error] :1:1: Premature end of file.
2026-07-17 09:28:08,367 [ERROR] LogOutputStream:75 - [STDERR_REDIRECT] 
2026-07-17 09:28:09,378 [ERROR] LogOutputStream:75 - [STDERR_REDIRECT] [Fatal Error] :1:1: Premature end of file.
2026-07-17 09:28:09,378 [ERROR] LogOutputStream:75 - [STDERR_REDIRECT] 
2026-07-17 09:28:10,374 [ERROR] LogOutputStream:75 - [STDERR_REDIRECT] [Fatal Error] :1:1: Premature end of file.
2026-07-17 09:28:10,374 [ERROR] LogOutputStream:75 - [STDERR_REDIRECT] 
2026-07-17 09:28:11,379 [ERROR] LogOutputStream:75 - [STDERR_REDIRECT] [Fatal Error] :1:1: Premature end of file.
2026-07-17 09:28:11,379 [ERROR] LogOutputStream:75 - [STDERR_REDIRECT] 
2026-07-17 09:28:12,377 [ERROR] LogOutputStream:75 - [STDERR_REDIRECT] [Fatal Error] :1:1: Premature end of file.
2026-07-17 09:28:12,377 [ERROR] LogOutputStream:75 - [STDERR_REDIRECT] 
2026-07-17 09:28:13,386 [ERROR] LogOutputStream:75 - [STDERR_REDIRECT] [Fatal Error] :1:1: Premature end of file.
2026-07-17 09:28:13,386 [ERROR] LogOutputStream:75 - [STDERR_REDIRECT] 
2026-07-17 09:28:14,387 [ERROR] LogOutputStream:75 - [STDERR_REDIRECT] [Fatal Error] :1:1: Premature end of file.
2026-07-17 09:28:14,387 [ERROR] LogOutputStream:75 - [STDERR_REDIRECT] 
2026-07-17 09:28:15,389 [ERROR] LogOutputStream:75 - [STDERR_REDIRECT] [Fatal Error] :1:1: Premature end of file.
2026-07-17 09:28:15,389 [ERROR] LogOutputStream:75 - [STDERR_REDIRECT] 
2026-07-17 09:28:16,390 [ERROR] LogOutputStream:75 - [STDERR_REDIRECT] [Fatal Error] :1:1: Premature end of file.
2026-07-17 09:28:16,390 [ERROR] LogOutputStream:75 - [STDERR_REDIRECT] 
2026-07-17 09:28:17,377 [ERROR] LogOutputStream:75 - [STDERR_REDIRECT] [Fatal Error] :1:1: Premature end of file.
2026-07-17 09:28:17,377 [ERROR] LogOutputStream:75 - [STDERR_REDIRECT] 
2026-07-17 09:28:18,388 [ERROR] LogOutputStream:75 - [STDERR_REDIRECT] [Fatal Error] :1:1: Premature end of file.
2026-07-17 09:28:18,388 [ERROR] LogOutputStream:75 - [STDERR_REDIRECT] 
2026-07-17 09:28:19,386 [ERROR] LogOutputStream:75 - [STDERR_REDIRECT] [Fatal Error] :1:1: Premature end of file.
2026-07-17 09:28:19,386 [ERROR] LogOutputStream:75 - [STDERR_REDIRECT] 
2026-07-17 09:28:20,384 [ERROR] LogOutputStream:75 - [STDERR_REDIRECT] [Fatal Error] :1:1: Premature end of file.
2026-07-17 09:28:20,384 [ERROR] LogOutputStream:75 - [STDERR_REDIRECT] 
2026-07-17 09:28:21,376 [ERROR] LogOutputStream:75 - [STDERR_REDIRECT] [Fatal Error] :1:1: Premature end of file.
2026-07-17 09:28:21,376 [ERROR] LogOutputStream:75 - [STDERR_REDIRECT] 
2026-07-17 09:28:22,384 [ERROR] LogOutputStream:75 - [STDERR_REDIRECT] [Fatal Error] :1:1: Premature end of file.
2026-07-17 09:28:22,384 [ERROR] LogOutputStream:75 - [STDERR_REDIRECT] 
2026-07-17 09:28:23,375 [ERROR] LogOutputStream:75 - [STDERR_REDIRECT] [Fatal Error] :1:1: Premature end of file.
2026-07-17 09:28:23,375 [ERROR] LogOutputStream:75 - [STDERR_REDIRECT] 
2026-07-17 09:28:24,383 [ERROR] LogOutputStream:75 - [STDERR_REDIRECT] [Fatal Error] :1:1: Premature end of file.
2026-07-17 09:28:24,383 [ERROR] LogOutputStream:75 - [STDERR_REDIRECT] 
2026-07-17 09:28:25,384 [ERROR] LogOutputStream:75 - [STDERR_REDIRECT] [Fatal Error] :1:1: Premature end of file.
2026-07-17 09:28:25,384 [ERROR] LogOutputStream:75 - [STDERR_REDIRECT] 
2026-07-17 09:28:26,395 [ERROR] LogOutputStream:75 - [STDERR_REDIRECT] [Fatal Error] :1:1: Premature end of file.
2026-07-17 09:28:26,395 [ERROR] LogOutputStream:75 - [STDERR_REDIRECT] 
2026-07-17 09:28:27,378 [ERROR] LogOutputStream:75 - [STDERR_REDIRECT] [Fatal Error] :1:1: Premature end of file.
2026-07-17 09:28:27,378 [ERROR] LogOutputStream:75 - [STDERR_REDIRECT] 
2026-07-17 09:28:28,385 [ERROR] LogOutputStream:75 - [STDERR_REDIRECT] [Fatal Error] :1:1: Premature end of file.
2026-07-17 09:28:28,385 [ERROR] LogOutputStream:75 - [STDERR_REDIRECT] 
2026-07-17 09:28:29,401 [ERROR] LogOutputStream:75 - [STDERR_REDIRECT] [Fatal Error] :1:1: Premature end of file.
2026-07-17 09:28:29,401 [ERROR] LogOutputStream:75 - [STDERR_REDIRECT] 
2026-07-17 09:28:30,387 [ERROR] LogOutputStream:75 - [STDERR_REDIRECT] [Fatal Error] :1:1: Premature end of file.
2026-07-17 09:28:30,387 [ERROR] LogOutputStream:75 - [STDERR_REDIRECT] 
2026-07-17 09:28:31,369 [ERROR] LogOutputStream:75 - [STDERR_REDIRECT] [Fatal Error] :1:1: Premature end of file.
2026-07-17 09:28:31,369 [ERROR] LogOutputStream:75 - [STDERR_REDIRECT] 
2026-07-17 09:28:32,386 [ERROR] LogOutputStream:75 - [STDERR_REDIRECT] [Fatal Error] :1:1: Premature end of file.
2026-07-17 09:28:32,386 [ERROR] LogOutputStream:75 - [STDERR_REDIRECT] 
2026-07-17 09:28:33,389 [ERROR] LogOutputStream:75 - [STDERR_REDIRECT] [Fatal Error] :1:1: Premature end of file.
2026-07-17 09:28:33,389 [ERROR] LogOutputStream:75 - [STDERR_REDIRECT] 
2026-07-17 09:28:34,389 [ERROR] LogOutputStream:75 - [STDERR_REDIRECT] [Fatal Error] :1:1: Premature end of file.
2026-07-17 09:28:34,389 [ERROR] LogOutputStream:75 - [STDERR_REDIRECT] 
2026-07-17 09:28:36,842 [ERROR] LogOutputStream:75 - [STDERR_REDIRECT] [Fatal Error] :1:1: Premature end of file.
2026-07-17 09:28:36,842 [ERROR] LogOutputStream:75 - [STDERR_REDIRECT] 
2026-07-17 09:28:36,886 [ERROR] LogOutputStream:75 - [STDERR_REDIRECT] [Fatal Error] :1:1: Premature end of file.
2026-07-17 09:28:36,886 [ERROR] LogOutputStream:75 - [STDERR_REDIRECT] 
2026-07-17 09:28:37,346 [ERROR] LogOutputStream:75 - [STDERR_REDIRECT] [Fatal Error] :1:1: Premature end of file.
2026-07-17 09:28:37,346 [ERROR] LogOutputStream:75 - [STDERR_REDIRECT] 
2026-07-17 09:28:38,358 [ERROR] LogOutputStream:75 - [STDERR_REDIRECT] [Fatal Error] :1:1: Premature end of file.
2026-07-17 09:28:38,358 [ERROR] LogOutputStream:75 - [STDERR_REDIRECT] 
2026-07-17 09:28:39,357 [ERROR] LogOutputStream:75 - [STDERR_REDIRECT] [Fatal Error] :1:1: Premature end of file.
2026-07-17 09:28:39,357 [ERROR] LogOutputStream:75 - [STDERR_REDIRECT] 
2026-07-17 09:28:40,373 [ERROR] LogOutputStream:75 - [STDERR_REDIRECT] [Fatal Error] :1:1: Premature end of file.
2026-07-17 09:28:40,373 [ERROR] LogOutputStream:75 - [STDERR_REDIRECT] 
2026-07-17 09:28:41,360 [ERROR] LogOutputStream:75 - [STDERR_REDIRECT] [Fatal Error] :1:1: Premature end of file.
2026-07-17 09:28:41,360 [ERROR] LogOutputStream:75 - [STDERR_REDIRECT] 
2026-07-17 09:31:51,110 [ERROR] LogOutputStream:75 - [STDERR_REDIRECT] [Fatal Error] :1:1: Premature end of file.
2026-07-17 09:31:51,110 [ERROR] LogOutputStream:75 - [STDERR_REDIRECT] 
2026-07-17 09:31:51,370 [ERROR] LogOutputStream:75 - [STDERR_REDIRECT] [Fatal Error] :1:1: Premature end of file.
2026-07-17 09:31:51,370 [ERROR] LogOutputStream:75 - [STDERR_REDIRECT] 
2026-07-17 09:31:51,490 [ERROR] LogOutputStream:75 - [STDERR_REDIRECT] [Fatal Error] :1:1: Premature end of file.
2026-07-17 09:31:51,490 [ERROR] LogOutputStream:75 - [STDERR_REDIRECT] 
2026-07-17 09:31:51,563 [ERROR] LogOutputStream:75 - [STDERR_REDIRECT] [Fatal Error] :1:1: Premature end of file.
2026-07-17 09:31:51,563 [ERROR] LogOutputStream:75 - [STDERR_REDIRECT] 
2026-07-17 09:31:51,614 [ERROR] LogOutputStream:75 - [STDERR_REDIRECT] [Fatal Error] :1:1: Premature end of file.
2026-07-17 09:31:51,614 [ERROR] LogOutputStream:75 - [STDERR_REDIRECT] 
2026-07-17 09:31:51,661 [ERROR] LogOutputStream:75 - [STDERR_REDIRECT] [Fatal Error] :1:1: Premature end of file.
2026-07-17 09:31:51,661 [ERROR] LogOutputStream:75 - [STDERR_REDIRECT] 
2026-07-17 09:31:51,725 [ERROR] LogOutputStream:75 - [STDERR_REDIRECT] [Fatal Error] :1:1: Premature end of file.
2026-07-17 09:31:51,727 [ERROR] LogOutputStream:75 - [STDERR_REDIRECT] 
2026-07-17 09:31:51,804 [ERROR] LogOutputStream:75 - [STDERR_REDIRECT] [Fatal Error] :1:1: Premature end of file.
2026-07-17 09:31:51,804 [ERROR] LogOutputStream:75 - [STDERR_REDIRECT] 
2026-07-17 09:31:51,885 [ERROR] LogOutputStream:75 - [STDERR_REDIRECT] [Fatal Error] :1:1: Premature end of file.
2026-07-17 09:31:51,885 [ERROR] LogOutputStream:75 - [STDERR_REDIRECT] 
2026-07-17 09:31:51,982 [ERROR] LogOutputStream:75 - [STDERR_REDIRECT] [Fatal Error] :1:1: Premature end of file.
2026-07-17 09:31:51,982 [ERROR] LogOutputStream:75 - [STDERR_REDIRECT] 
2026-07-17 09:31:52,083 [ERROR] LogOutputStream:75 - [STDERR_REDIRECT] [Fatal Error] :1:1: Premature end of file.
2026-07-17 09:31:52,083 [ERROR] LogOutputStream:75 - [STDERR_REDIRECT] 
2026-07-17 09:31:52,292 [ERROR] LogOutputStream:75 - [STDERR_REDIRECT] [Fatal Error] :1:1: Premature end of file.
2026-07-17 09:31:52,292 [ERROR] LogOutputStream:75 - [STDERR_REDIRECT] 
2026-07-17 09:31:53,218 [ERROR] LogOutputStream:75 - [STDERR_REDIRECT] [Fatal Error] :1:1: Premature end of file.
2026-07-17 09:31:53,218 [ERROR] LogOutputStream:75 - [STDERR_REDIRECT] 
2026-07-17 09:31:53,457 [ERROR] LogOutputStream:75 - [STDERR_REDIRECT] [Fatal Error] :1:1: Premature end of file.
2026-07-17 09:31:53,457 [ERROR] LogOutputStream:75 - [STDERR_REDIRECT] 
2026-07-17 09:31:53,776 [ERROR] LogOutputStream:75 - [STDERR_REDIRECT] [Fatal Error] :1:1: Premature end of file.
2026-07-17 09:31:53,776 [ERROR] LogOutputStream:75 - [STDERR_REDIRECT] 
2026-07-17 09:31:54,147 [ERROR] LogOutputStream:75 - [STDERR_REDIRECT] [Fatal Error] :1:1: Premature end of file.
2026-07-17 09:31:54,147 [ERROR] LogOutputStream:75 - [STDERR_REDIRECT] 
2026-07-17 09:31:54,536 [ERROR] LogOutputStream:75 - [STDERR_REDIRECT] [Fatal Error] :1:1: Premature end of file.
2026-07-17 09:31:54,536 [ERROR] LogOutputStream:75 - [STDERR_REDIRECT] 
2026-07-17 09:31:54,829 [ERROR] LogOutputStream:75 - [STDERR_REDIRECT] [Fatal Error] :1:1: Premature end of file.
2026-07-17 09:31:54,829 [ERROR] LogOutputStream:75 - [STDERR_REDIRECT] 
2026-07-17 09:31:54,990 [ERROR] LogOutputStream:75 - [STDERR_REDIRECT] [Fatal Error] :1:1: Premature end of file.
2026-07-17 09:31:54,990 [ERROR] LogOutputStream:75 - [STDERR_REDIRECT] 
2026-07-17 09:31:55,089 [ERROR] LogOutputStream:75 - [STDERR_REDIRECT] [Fatal Error] :1:1: Premature end of file.
2026-07-17 09:31:55,089 [ERROR] LogOutputStream:75 - [STDERR_REDIRECT] 
2026-07-17 09:31:55,172 [ERROR] LogOutputStream:75 - [STDERR_REDIRECT] [Fatal Error] :1:1: Premature end of file.
2026-07-17 09:31:55,172 [ERROR] LogOutputStream:75 - [STDERR_REDIRECT] 
2026-07-17 09:31:55,253 [ERROR] LogOutputStream:75 - [STDERR_REDIRECT] [Fatal Error] :1:1: Premature end of file.
2026-07-17 09:31:55,253 [ERROR] LogOutputStream:75 - [STDERR_REDIRECT] 
2026-07-17 09:31:55,340 [ERROR] LogOutputStream:75 - [STDERR_REDIRECT] [Fatal Error] :1:1: Premature end of file.
2026-07-17 09:31:55,340 [ERROR] LogOutputStream:75 - [STDERR_REDIRECT] 
2026-07-17 09:31:55,435 [ERROR] LogOutputStream:75 - [STDERR_REDIRECT] [Fatal Error] :1:1: Premature end of file.
2026-07-17 09:31:55,435 [ERROR] LogOutputStream:75 - [STDERR_REDIRECT] 
2026-07-17 09:31:55,514 [ERROR] LogOutputStream:75 - [STDERR_REDIRECT] [Fatal Error] :1:1: Premature end of file.
2026-07-17 09:31:55,514 [ERROR] LogOutputStream:75 - [STDERR_REDIRECT] 
2026-07-17 09:31:55,656 [ERROR] LogOutputStream:75 - [STDERR_REDIRECT] [Fatal Error] :1:1: Premature end of file.
2026-07-17 09:31:55,656 [ERROR] LogOutputStream:75 - [STDERR_REDIRECT] 
2026-07-17 09:31:55,819 [ERROR] LogOutputStream:75 - [STDERR_REDIRECT] [Fatal Error] :1:1: Premature end of file.
2026-07-17 09:31:55,819 [ERROR] LogOutputStream:75 - [STDERR_REDIRECT] 
2026-07-17 09:31:56,083 [ERROR] LogOutputStream:75 - [STDERR_REDIRECT] [Fatal Error] :1:1: Premature end of file.
2026-07-17 09:31:56,083 [ERROR] LogOutputStream:75 - [STDERR_REDIRECT] 
2026-07-17 09:31:56,565 [ERROR] LogOutputStream:75 - [STDERR_REDIRECT] [Fatal Error] :1:1: Premature end of file.
2026-07-17 09:31:56,565 [ERROR] LogOutputStream:75 - [STDERR_REDIRECT] 
2026-07-17 09:31:56,802 [ERROR] LogOutputStream:75 - [STDERR_REDIRECT] [Fatal Error] :1:1: Premature end of file.
2026-07-17 09:31:56,802 [ERROR] LogOutputStream:75 - [STDERR_REDIRECT] 
2026-07-17 09:31:57,000 [ERROR] LogOutputStream:75 - [STDERR_REDIRECT] [Fatal Error] :1:1: Premature end of file.
2026-07-17 09:31:57,000 [ERROR] LogOutputStream:75 - [STDERR_REDIRECT] 
2026-07-17 09:31:57,131 [ERROR] LogOutputStream:75 - [STDERR_REDIRECT] [Fatal Error] :1:1: Premature end of file.
2026-07-17 09:31:57,131 [ERROR] LogOutputStream:75 - [STDERR_REDIRECT] 
2026-07-17 09:31:57,238 [ERROR] LogOutputStream:75 - [STDERR_REDIRECT] [Fatal Error] :1:1: Premature end of file.
2026-07-17 09:31:57,238 [ERROR] LogOutputStream:75 - [STDERR_REDIRECT] 
2026-07-17 09:31:57,345 [ERROR] LogOutputStream:75 - [STDERR_REDIRECT] [Fatal Error] :1:1: Premature end of file.
2026-07-17 09:31:57,345 [ERROR] LogOutputStream:75 - [STDERR_REDIRECT] 
2026-07-17 09:31:57,478 [ERROR] LogOutputStream:75 - [STDERR_REDIRECT] [Fatal Error] :1:1: Premature end of file.
2026-07-17 09:31:57,478 [ERROR] LogOutputStream:75 - [STDERR_REDIRECT] 
2026-07-17 09:31:57,578 [ERROR] LogOutputStream:75 - [STDERR_REDIRECT] [Fatal Error] :1:1: Premature end of file.
2026-07-17 09:31:57,578 [ERROR] LogOutputStream:75 - [STDERR_REDIRECT] 
2026-07-17 09:31:57,702 [ERROR] LogOutputStream:75 - [STDERR_REDIRECT] [Fatal Error] :1:1: Premature end of file.
2026-07-17 09:31:57,702 [ERROR] LogOutputStream:75 - [STDERR_REDIRECT] 
2026-07-17 09:31:57,792 [ERROR] LogOutputStream:75 - [STDERR_REDIRECT] [Fatal Error] :1:1: Premature end of file.
2026-07-17 09:31:57,792 [ERROR] LogOutputStream:75 - [STDERR_REDIRECT] 
2026-07-17 09:31:57,941 [ERROR] LogOutputStream:75 - [STDERR_REDIRECT] [Fatal Error] :1:1: Premature end of file.
2026-07-17 09:31:57,941 [ERROR] LogOutputStream:75 - [STDERR_REDIRECT] 
2026-07-17 09:31:58,049 [ERROR] LogOutputStream:75 - [STDERR_REDIRECT] [Fatal Error] :1:1: Premature end of file.
2026-07-17 09:31:58,049 [ERROR] LogOutputStream:75 - [STDERR_REDIRECT] 
2026-07-17 09:31:58,190 [ERROR] LogOutputStream:75 - [STDERR_REDIRECT] [Fatal Error] :1:1: Premature end of file.
2026-07-17 09:31:58,190 [ERROR] LogOutputStream:75 - [STDERR_REDIRECT] 
2026-07-17 09:31:58,297 [ERROR] LogOutputStream:75 - [STDERR_REDIRECT] [Fatal Error] :1:1: Premature end of file.
2026-07-17 09:31:58,297 [ERROR] LogOutputStream:75 - [STDERR_REDIRECT] 
2026-07-17 09:31:58,370 [ERROR] LogOutputStream:75 - [STDERR_REDIRECT] [Fatal Error] :1:1: Premature end of file.
2026-07-17 09:31:58,370 [ERROR] LogOutputStream:75 - [STDERR_REDIRECT] 
2026-07-17 09:31:58,453 [ERROR] LogOutputStream:75 - [STDERR_REDIRECT] [Fatal Error] :1:1: Premature end of file.
2026-07-17 09:31:58,456 [ERROR] LogOutputStream:75 - [STDERR_REDIRECT] 
2026-07-17 09:31:58,535 [ERROR] LogOutputStream:75 - [STDERR_REDIRECT] [Fatal Error] :1:1: Premature end of file.
2026-07-17 09:31:58,535 [ERROR] LogOutputStream:75 - [STDERR_REDIRECT] 
2026-07-17 09:31:58,599 [ERROR] LogOutputStream:75 - [STDERR_REDIRECT] [Fatal Error] :1:1: Premature end of file.
2026-07-17 09:31:58,599 [ERROR] LogOutputStream:75 - [STDERR_REDIRECT] 
2026-07-17 09:31:58,659 [ERROR] LogOutputStream:75 - [STDERR_REDIRECT] [Fatal Error] :1:1: Premature end of file.
2026-07-17 09:31:58,659 [ERROR] LogOutputStream:75 - [STDERR_REDIRECT] 
2026-07-17 09:31:58,742 [ERROR] LogOutputStream:75 - [STDERR_REDIRECT] [Fatal Error] :1:1: Premature end of file.
2026-07-17 09:31:58,742 [ERROR] LogOutputStream:75 - [STDERR_REDIRECT] 
2026-07-17 09:31:58,817 [ERROR] LogOutputStream:75 - [STDERR_REDIRECT] [Fatal Error] :1:1: Premature end of file.
2026-07-17 09:31:58,817 [ERROR] LogOutputStream:75 - [STDERR_REDIRECT] 
2026-07-17 09:31:58,916 [ERROR] LogOutputStream:75 - [STDERR_REDIRECT] [Fatal Error] :1:1: Premature end of file.
2026-07-17 09:31:58,916 [ERROR] LogOutputStream:75 - [STDERR_REDIRECT] 
2026-07-17 09:31:59,044 [ERROR] LogOutputStream:75 - [STDERR_REDIRECT] [Fatal Error] :1:1: Premature end of file.
2026-07-17 09:31:59,044 [ERROR] LogOutputStream:75 - [STDERR_REDIRECT] 
2026-07-17 09:31:59,157 [ERROR] LogOutputStream:75 - [STDERR_REDIRECT] [Fatal Error] :1:1: Premature end of file.
2026-07-17 09:31:59,157 [ERROR] LogOutputStream:75 - [STDERR_REDIRECT] 
2026-07-17 09:31:59,216 [ERROR] LogOutputStream:75 - [STDERR_REDIRECT] [Fatal Error] :1:1: Premature end of file.
2026-07-17 09:31:59,216 [ERROR] LogOutputStream:75 - [STDERR_REDIRECT] 
2026-07-17 09:31:59,307 [ERROR] LogOutputStream:75 - [STDERR_REDIRECT] [Fatal Error] :1:1: Premature end of file.
2026-07-17 09:31:59,307 [ERROR] LogOutputStream:75 - [STDERR_REDIRECT] 
2026-07-17 09:31:59,374 [ERROR] LogOutputStream:75 - [STDERR_REDIRECT] [Fatal Error] :1:1: Premature end of file.
2026-07-17 09:31:59,374 [ERROR] LogOutputStream:75 - [STDERR_REDIRECT] 
2026-07-17 09:31:59,538 [ERROR] LogOutputStream:75 - [STDERR_REDIRECT] [Fatal Error] :1:1: Premature end of file.
2026-07-17 09:31:59,538 [ERROR] LogOutputStream:75 - [STDERR_REDIRECT] 
2026-07-17 09:31:59,779 [ERROR] LogOutputStream:75 - [STDERR_REDIRECT] [Fatal Error] :1:1: Premature end of file.
2026-07-17 09:31:59,779 [ERROR] LogOutputStream:75 - [STDERR_REDIRECT] 
2026-07-17 09:31:59,891 [ERROR] LogOutputStream:75 - [STDERR_REDIRECT] [Fatal Error] :1:1: Premature end of file.
2026-07-17 09:31:59,891 [ERROR] LogOutputStream:75 - [STDERR_REDIRECT] 
2026-07-17 09:32:00,015 [ERROR] LogOutputStream:75 - [STDERR_REDIRECT] [Fatal Error] :1:1: Premature end of file.
2026-07-17 09:32:00,015 [ERROR] LogOutputStream:75 - [STDERR_REDIRECT] 
2026-07-17 09:32:00,114 [ERROR] LogOutputStream:75 - [STDERR_REDIRECT] [Fatal Error] :1:1: Premature end of file.
2026-07-17 09:32:00,114 [ERROR] LogOutputStream:75 - [STDERR_REDIRECT] 
2026-07-17 09:32:00,214 [ERROR] LogOutputStream:75 - [STDERR_REDIRECT] [Fatal Error] :1:1: Premature end of file.
2026-07-17 09:32:00,214 [ERROR] LogOutputStream:75 - [STDERR_REDIRECT] 
2026-07-17 09:32:00,314 [ERROR] LogOutputStream:75 - [STDERR_REDIRECT] [Fatal Error] :1:1: Premature end of file.
2026-07-17 09:32:00,314 [ERROR] LogOutputStream:75 - [STDERR_REDIRECT] 
2026-07-17 09:32:00,513 [ERROR] LogOutputStream:75 - [STDERR_REDIRECT] [Fatal Error] :1:1: Premature end of file.
2026-07-17 09:32:00,513 [ERROR] LogOutputStream:75 - [STDERR_REDIRECT] 
2026-07-17 09:32:00,662 [ERROR] LogOutputStream:75 - [STDERR_REDIRECT] [Fatal Error] :1:1: Premature end of file.
2026-07-17 09:32:00,662 [ERROR] LogOutputStream:75 - [STDERR_REDIRECT] 
2026-07-17 09:32:00,761 [ERROR] LogOutputStream:75 - [STDERR_REDIRECT] [Fatal Error] :1:1: Premature end of file.
2026-07-17 09:32:00,761 [ERROR] LogOutputStream:75 - [STDERR_REDIRECT] 
2026-07-17 09:32:00,871 [ERROR] LogOutputStream:75 - [STDERR_REDIRECT] [Fatal Error] :1:1: Premature end of file.
2026-07-17 09:32:00,871 [ERROR] LogOutputStream:75 - [STDERR_REDIRECT] 
2026-07-17 09:32:00,943 [ERROR] LogOutputStream:75 - [STDERR_REDIRECT] [Fatal Error] :1:1: Premature end of file.
2026-07-17 09:32:00,943 [ERROR] LogOutputStream:75 - [STDERR_REDIRECT] 
2026-07-17 09:32:01,050 [ERROR] LogOutputStream:75 - [STDERR_REDIRECT] [Fatal Error] :1:1: Premature end of file.
2026-07-17 09:32:01,050 [ERROR] LogOutputStream:75 - [STDERR_REDIRECT] 
2026-07-17 09:32:01,133 [ERROR] LogOutputStream:75 - [STDERR_REDIRECT] [Fatal Error] :1:1: Premature end of file.
2026-07-17 09:32:01,133 [ERROR] LogOutputStream:75 - [STDERR_REDIRECT] 
2026-07-17 09:32:01,217 [ERROR] LogOutputStream:75 - [STDERR_REDIRECT] [Fatal Error] :1:1: Premature end of file.
2026-07-17 09:32:01,217 [ERROR] LogOutputStream:75 - [STDERR_REDIRECT] 
2026-07-17 09:32:01,332 [ERROR] LogOutputStream:75 - [STDERR_REDIRECT] [Fatal Error] :1:1: Premature end of file.
2026-07-17 09:32:01,332 [ERROR] LogOutputStream:75 - [STDERR_REDIRECT] 
2026-07-17 09:32:01,472 [ERROR] LogOutputStream:75 - [STDERR_REDIRECT] [Fatal Error] :1:1: Premature end of file.
2026-07-17 09:32:01,472 [ERROR] LogOutputStream:75 - [STDERR_REDIRECT] 
2026-07-17 09:32:01,538 [ERROR] LogOutputStream:75 - [STDERR_REDIRECT] [Fatal Error] :1:1: Premature end of file.
2026-07-17 09:32:01,538 [ERROR] LogOutputStream:75 - [STDERR_REDIRECT] 
2026-07-17 09:32:01,683 [ERROR] LogOutputStream:75 - [STDERR_REDIRECT] [Fatal Error] :1:1: Premature end of file.
2026-07-17 09:32:01,683 [ERROR] LogOutputStream:75 - [STDERR_REDIRECT] 
2026-07-17 09:32:01,826 [ERROR] LogOutputStream:75 - [STDERR_REDIRECT] [Fatal Error] :1:1: Premature end of file.
2026-07-17 09:32:01,831 [ERROR] LogOutputStream:75 - [STDERR_REDIRECT] 
2026-07-17 09:32:02,047 [ERROR] LogOutputStream:75 - [STDERR_REDIRECT] [Fatal Error] :1:1: Premature end of file.
2026-07-17 09:32:02,047 [ERROR] LogOutputStream:75 - [STDERR_REDIRECT] 
2026-07-17 09:32:02,246 [ERROR] LogOutputStream:75 - [STDERR_REDIRECT] [Fatal Error] :1:1: Premature end of file.
2026-07-17 09:32:02,246 [ERROR] LogOutputStream:75 - [STDERR_REDIRECT] 
2026-07-17 09:32:02,386 [ERROR] LogOutputStream:75 - [STDERR_REDIRECT] [Fatal Error] :1:1: Premature end of file.
2026-07-17 09:32:02,387 [ERROR] LogOutputStream:75 - [STDERR_REDIRECT] 
2026-07-17 09:32:02,543 [ERROR] LogOutputStream:75 - [STDERR_REDIRECT] [Fatal Error] :1:1: Premature end of file.
2026-07-17 09:32:02,543 [ERROR] LogOutputStream:75 - [STDERR_REDIRECT] 
2026-07-17 09:32:02,650 [ERROR] LogOutputStream:75 - [STDERR_REDIRECT] [Fatal Error] :1:1: Premature end of file.
2026-07-17 09:32:02,650 [ERROR] LogOutputStream:75 - [STDERR_REDIRECT] 
2026-07-17 09:32:02,797 [ERROR] LogOutputStream:75 - [STDERR_REDIRECT] [Fatal Error] :1:1: Premature end of file.
2026-07-17 09:32:02,797 [ERROR] LogOutputStream:75 - [STDERR_REDIRECT] 
2026-07-17 09:32:02,957 [ERROR] LogOutputStream:75 - [STDERR_REDIRECT] [Fatal Error] :1:1: Premature end of file.
2026-07-17 09:32:02,957 [ERROR] LogOutputStream:75 - [STDERR_REDIRECT] 
2026-07-17 09:32:03,215 [ERROR] LogOutputStream:75 - [STDERR_REDIRECT] [Fatal Error] :1:1: Premature end of file.
2026-07-17 09:32:03,215 [ERROR] LogOutputStream:75 - [STDERR_REDIRECT] 
2026-07-17 09:32:03,530 [ERROR] LogOutputStream:75 - [STDERR_REDIRECT] [Fatal Error] :1:1: Premature end of file.
2026-07-17 09:32:03,530 [ERROR] LogOutputStream:75 - [STDERR_REDIRECT] 
2026-07-17 09:32:03,644 [ERROR] LogOutputStream:75 - [STDERR_REDIRECT] [Fatal Error] :1:1: Premature end of file.
2026-07-17 09:32:03,644 [ERROR] LogOutputStream:75 - [STDERR_REDIRECT] 
2026-07-17 09:32:03,761 [ERROR] LogOutputStream:75 - [STDERR_REDIRECT] [Fatal Error] :1:1: Premature end of file.
2026-07-17 09:32:03,761 [ERROR] LogOutputStream:75 - [STDERR_REDIRECT] 
2026-07-17 09:32:03,873 [ERROR] LogOutputStream:75 - [STDERR_REDIRECT] [Fatal Error] :1:1: Premature end of file.
2026-07-17 09:32:03,873 [ERROR] LogOutputStream:75 - [STDERR_REDIRECT] 
2026-07-17 09:32:03,942 [ERROR] LogOutputStream:75 - [STDERR_REDIRECT] [Fatal Error] :1:1: Premature end of file.
2026-07-17 09:32:03,942 [ERROR] LogOutputStream:75 - [STDERR_REDIRECT] 
2026-07-17 09:32:04,046 [ERROR] LogOutputStream:75 - [STDERR_REDIRECT] [Fatal Error] :1:1: Premature end of file.
2026-07-17 09:32:04,046 [ERROR] LogOutputStream:75 - [STDERR_REDIRECT] 
2026-07-17 09:32:04,152 [ERROR] LogOutputStream:75 - [STDERR_REDIRECT] [Fatal Error] :1:1: Premature end of file.
2026-07-17 09:32:04,152 [ERROR] LogOutputStream:75 - [STDERR_REDIRECT] 
2026-07-17 09:32:04,268 [ERROR] LogOutputStream:75 - [STDERR_REDIRECT] [Fatal Error] :1:1: Premature end of file.
2026-07-17 09:32:04,268 [ERROR] LogOutputStream:75 - [STDERR_REDIRECT] 
2026-07-17 09:32:04,406 [ERROR] LogOutputStream:75 - [STDERR_REDIRECT] [Fatal Error] :1:1: Premature end of file.
2026-07-17 09:32:04,406 [ERROR] LogOutputStream:75 - [STDERR_REDIRECT] 
2026-07-17 09:32:04,552 [ERROR] LogOutputStream:75 - [STDERR_REDIRECT] [Fatal Error] :1:1: Premature end of file.
2026-07-17 09:32:04,552 [ERROR] LogOutputStream:75 - [STDERR_REDIRECT] 
2026-07-17 09:32:04,676 [ERROR] LogOutputStream:75 - [STDERR_REDIRECT] [Fatal Error] :1:1: Premature end of file.
2026-07-17 09:32:04,676 [ERROR] LogOutputStream:75 - [STDERR_REDIRECT] 
2026-07-17 09:32:04,800 [ERROR] LogOutputStream:75 - [STDERR_REDIRECT] [Fatal Error] :1:1: Premature end of file.
2026-07-17 09:32:04,800 [ERROR] LogOutputStream:75 - [STDERR_REDIRECT] 
2026-07-17 09:32:04,973 [ERROR] LogOutputStream:75 - [STDERR_REDIRECT] [Fatal Error] :1:1: Premature end of file.
2026-07-17 09:32:04,973 [ERROR] LogOutputStream:75 - [STDERR_REDIRECT] 
2026-07-17 09:32:05,145 [ERROR] LogOutputStream:75 - [STDERR_REDIRECT] [Fatal Error] :1:1: Premature end of file.
2026-07-17 09:32:05,145 [ERROR] LogOutputStream:75 - [STDERR_REDIRECT] 
2026-07-17 09:32:05,309 [ERROR] LogOutputStream:75 - [STDERR_REDIRECT] [Fatal Error] :1:1: Premature end of file.
2026-07-17 09:32:05,309 [ERROR] LogOutputStream:75 - [STDERR_REDIRECT] 
2026-07-17 09:32:05,447 [ERROR] LogOutputStream:75 - [STDERR_REDIRECT] [Fatal Error] :1:1: Premature end of file.
2026-07-17 09:32:05,447 [ERROR] LogOutputStream:75 - [STDERR_REDIRECT] 
2026-07-17 09:32:05,591 [ERROR] LogOutputStream:75 - [STDERR_REDIRECT] [Fatal Error] :1:1: Premature end of file.
2026-07-17 09:32:05,591 [ERROR] LogOutputStream:75 - [STDERR_REDIRECT] 
2026-07-17 09:32:05,719 [ERROR] LogOutputStream:75 - [STDERR_REDIRECT] [Fatal Error] :1:1: Premature end of file.
2026-07-17 09:32:05,719 [ERROR] LogOutputStream:75 - [STDERR_REDIRECT] 
2026-07-17 09:32:05,830 [ERROR] LogOutputStream:75 - [STDERR_REDIRECT] [Fatal Error] :1:1: Premature end of file.
2026-07-17 09:32:05,830 [ERROR] LogOutputStream:75 - [STDERR_REDIRECT] 
2026-07-17 09:32:05,951 [ERROR] LogOutputStream:75 - [STDERR_REDIRECT] [Fatal Error] :1:1: Premature end of file.
2026-07-17 09:32:05,951 [ERROR] LogOutputStream:75 - [STDERR_REDIRECT] 
2026-07-17 09:32:06,058 [ERROR] LogOutputStream:75 - [STDERR_REDIRECT] [Fatal Error] :1:1: Premature end of file.
2026-07-17 09:32:06,058 [ERROR] LogOutputStream:75 - [STDERR_REDIRECT] 
2026-07-17 09:32:06,163 [ERROR] LogOutputStream:75 - [STDERR_REDIRECT] [Fatal Error] :1:1: Premature end of file.
2026-07-17 09:32:06,163 [ERROR] LogOutputStream:75 - [STDERR_REDIRECT] 
2026-07-17 09:32:06,773 [ERROR] LogOutputStream:75 - [STDERR_REDIRECT] [Fatal Error] :1:1: Premature end of file.
2026-07-17 09:32:06,774 [ERROR] LogOutputStream:75 - [STDERR_REDIRECT] 
2026-07-17 09:32:06,927 [ERROR] LogOutputStream:75 - [STDERR_REDIRECT] [Fatal Error] :1:1: Premature end of file.
2026-07-17 09:32:06,927 [ERROR] LogOutputStream:75 - [STDERR_REDIRECT] 
2026-07-17 09:32:07,022 [ERROR] LogOutputStream:75 - [STDERR_REDIRECT] [Fatal Error] :1:1: Premature end of file.
2026-07-17 09:32:07,022 [ERROR] LogOutputStream:75 - [STDERR_REDIRECT] 
2026-07-17 09:32:07,085 [ERROR] LogOutputStream:75 - [STDERR_REDIRECT] [Fatal Error] :1:1: Premature end of file.
2026-07-17 09:32:07,088 [ERROR] LogOutputStream:75 - [STDERR_REDIRECT] 
2026-07-17 09:32:07,308 [ERROR] LogOutputStream:75 - [STDERR_REDIRECT] [Fatal Error] :1:1: Premature end of file.
2026-07-17 09:32:07,314 [ERROR] LogOutputStream:75 - [STDERR_REDIRECT] 
2026-07-17 09:32:07,454 [ERROR] LogOutputStream:75 - [STDERR_REDIRECT] [Fatal Error] :1:1: Premature end of file.
2026-07-17 09:32:07,454 [ERROR] LogOutputStream:75 - [STDERR_REDIRECT] 
2026-07-17 09:32:07,599 [ERROR] LogOutputStream:75 - [STDERR_REDIRECT] [Fatal Error] :1:1: Premature end of file.
2026-07-17 09:32:07,599 [ERROR] LogOutputStream:75 - [STDERR_REDIRECT] 
2026-07-17 09:32:07,734 [ERROR] LogOutputStream:75 - [STDERR_REDIRECT] [Fatal Error] :1:1: Premature end of file.
2026-07-17 09:32:07,734 [ERROR] LogOutputStream:75 - [STDERR_REDIRECT] 
2026-07-17 09:32:07,869 [ERROR] LogOutputStream:75 - [STDERR_REDIRECT] [Fatal Error] :1:1: Premature end of file.
2026-07-17 09:32:07,869 [ERROR] LogOutputStream:75 - [STDERR_REDIRECT] 
2026-07-17 09:32:07,942 [ERROR] LogOutputStream:75 - [STDERR_REDIRECT] [Fatal Error] :1:1: Premature end of file.
2026-07-17 09:32:07,942 [ERROR] LogOutputStream:75 - [STDERR_REDIRECT] 
2026-07-17 09:32:08,031 [ERROR] LogOutputStream:75 - [STDERR_REDIRECT] [Fatal Error] :1:1: Premature end of file.
2026-07-17 09:32:08,031 [ERROR] LogOutputStream:75 - [STDERR_REDIRECT] 
2026-07-17 09:32:08,121 [ERROR] LogOutputStream:75 - [STDERR_REDIRECT] [Fatal Error] :1:1: Premature end of file.
2026-07-17 09:32:08,121 [ERROR] LogOutputStream:75 - [STDERR_REDIRECT] 
2026-07-17 09:32:08,196 [ERROR] LogOutputStream:75 - [STDERR_REDIRECT] [Fatal Error] :1:1: Premature end of file.
2026-07-17 09:32:08,196 [ERROR] LogOutputStream:75 - [STDERR_REDIRECT] 
2026-07-17 09:32:08,278 [ERROR] LogOutputStream:75 - [STDERR_REDIRECT] [Fatal Error] :1:1: Premature end of file.
2026-07-17 09:32:08,278 [ERROR] LogOutputStream:75 - [STDERR_REDIRECT] 
2026-07-17 09:32:08,356 [ERROR] LogOutputStream:75 - [STDERR_REDIRECT] [Fatal Error] :1:1: Premature end of file.
2026-07-17 09:32:08,356 [ERROR] LogOutputStream:75 - [STDERR_REDIRECT] 
2026-07-17 09:32:08,439 [ERROR] LogOutputStream:75 - [STDERR_REDIRECT] [Fatal Error] :1:1: Premature end of file.
2026-07-17 09:32:08,442 [ERROR] LogOutputStream:75 - [STDERR_REDIRECT] 
2026-07-17 09:32:08,537 [ERROR] LogOutputStream:75 - [STDERR_REDIRECT] [Fatal Error] :1:1: Premature end of file.
2026-07-17 09:32:08,537 [ERROR] LogOutputStream:75 - [STDERR_REDIRECT] 
2026-07-17 09:32:08,613 [ERROR] LogOutputStream:75 - [STDERR_REDIRECT] [Fatal Error] :1:1: Premature end of file.
2026-07-17 09:32:08,613 [ERROR] LogOutputStream:75 - [STDERR_REDIRECT] 
2026-07-17 09:32:08,689 [ERROR] LogOutputStream:75 - [STDERR_REDIRECT] [Fatal Error] :1:1: Premature end of file.
2026-07-17 09:32:08,689 [ERROR] LogOutputStream:75 - [STDERR_REDIRECT] 
2026-07-17 09:32:08,788 [ERROR] LogOutputStream:75 - [STDERR_REDIRECT] [Fatal Error] :1:1: Premature end of file.
2026-07-17 09:32:08,788 [ERROR] LogOutputStream:75 - [STDERR_REDIRECT] 
2026-07-17 09:32:08,870 [ERROR] LogOutputStream:75 - [STDERR_REDIRECT] [Fatal Error] :1:1: Premature end of file.
2026-07-17 09:32:08,870 [ERROR] LogOutputStream:75 - [STDERR_REDIRECT] 
2026-07-17 09:32:08,952 [ERROR] LogOutputStream:75 - [STDERR_REDIRECT] [Fatal Error] :1:1: Premature end of file.
2026-07-17 09:32:08,953 [ERROR] LogOutputStream:75 - [STDERR_REDIRECT] 
2026-07-17 09:32:09,037 [ERROR] LogOutputStream:75 - [STDERR_REDIRECT] [Fatal Error] :1:1: Premature end of file.
2026-07-17 09:32:09,037 [ERROR] LogOutputStream:75 - [STDERR_REDIRECT] 
2026-07-17 09:32:09,120 [ERROR] LogOutputStream:75 - [STDERR_REDIRECT] [Fatal Error] :1:1: Premature end of file.
2026-07-17 09:32:09,120 [ERROR] LogOutputStream:75 - [STDERR_REDIRECT] 
2026-07-17 09:32:09,203 [ERROR] LogOutputStream:75 - [STDERR_REDIRECT] [Fatal Error] :1:1: Premature end of file.
2026-07-17 09:32:09,203 [ERROR] LogOutputStream:75 - [STDERR_REDIRECT] 
2026-07-17 09:32:09,287 [ERROR] LogOutputStream:75 - [STDERR_REDIRECT] [Fatal Error] :1:1: Premature end of file.
2026-07-17 09:32:09,287 [ERROR] LogOutputStream:75 - [STDERR_REDIRECT] 
2026-07-17 09:32:09,364 [ERROR] LogOutputStream:75 - [STDERR_REDIRECT] [Fatal Error] :1:1: Premature end of file.
2026-07-17 09:32:09,364 [ERROR] LogOutputStream:75 - [STDERR_REDIRECT] 
2026-07-17 09:32:09,439 [ERROR] LogOutputStream:75 - [STDERR_REDIRECT] [Fatal Error] :1:1: Premature end of file.
2026-07-17 09:32:09,439 [ERROR] LogOutputStream:75 - [STDERR_REDIRECT] 
2026-07-17 09:32:09,537 [ERROR] LogOutputStream:75 - [STDERR_REDIRECT] [Fatal Error] :1:1: Premature end of file.
2026-07-17 09:32:09,540 [ERROR] LogOutputStream:75 - [STDERR_REDIRECT] 
2026-07-17 09:32:09,616 [ERROR] LogOutputStream:75 - [STDERR_REDIRECT] [Fatal Error] :1:1: Premature end of file.
2026-07-17 09:32:09,616 [ERROR] LogOutputStream:75 - [STDERR_REDIRECT] 
2026-07-17 09:32:09,696 [ERROR] LogOutputStream:75 - [STDERR_REDIRECT] [Fatal Error] :1:1: Premature end of file.
2026-07-17 09:32:09,696 [ERROR] LogOutputStream:75 - [STDERR_REDIRECT] 
2026-07-17 09:32:09,787 [ERROR] LogOutputStream:75 - [STDERR_REDIRECT] [Fatal Error] :1:1: Premature end of file.
2026-07-17 09:32:09,787 [ERROR] LogOutputStream:75 - [STDERR_REDIRECT] 
2026-07-17 09:32:09,910 [ERROR] LogOutputStream:75 - [STDERR_REDIRECT] [Fatal Error] :1:1: Premature end of file.
2026-07-17 09:32:09,910 [ERROR] LogOutputStream:75 - [STDERR_REDIRECT] 
2026-07-17 09:32:09,988 [ERROR] LogOutputStream:75 - [STDERR_REDIRECT] [Fatal Error] :1:1: Premature end of file.
2026-07-17 09:32:09,988 [ERROR] LogOutputStream:75 - [STDERR_REDIRECT] 
2026-07-17 09:32:10,062 [ERROR] LogOutputStream:75 - [STDERR_REDIRECT] [Fatal Error] :1:1: Premature end of file.
2026-07-17 09:32:10,062 [ERROR] LogOutputStream:75 - [STDERR_REDIRECT] 
2026-07-17 09:32:10,120 [ERROR] LogOutputStream:75 - [STDERR_REDIRECT] [Fatal Error] :1:1: Premature end of file.
2026-07-17 09:32:10,120 [ERROR] LogOutputStream:75 - [STDERR_REDIRECT] 
2026-07-17 09:32:10,190 [ERROR] LogOutputStream:75 - [STDERR_REDIRECT] [Fatal Error] :1:1: Premature end of file.
2026-07-17 09:32:10,190 [ERROR] LogOutputStream:75 - [STDERR_REDIRECT] 
2026-07-17 09:32:10,245 [ERROR] LogOutputStream:75 - [STDERR_REDIRECT] [Fatal Error] :1:1: Premature end of file.
2026-07-17 09:32:10,252 [ERROR] LogOutputStream:75 - [STDERR_REDIRECT] 
2026-07-17 09:32:10,301 [ERROR] LogOutputStream:75 - [STDERR_REDIRECT] [Fatal Error] :1:1: Premature end of file.
2026-07-17 09:32:10,301 [ERROR] LogOutputStream:75 - [STDERR_REDIRECT] 
2026-07-17 09:32:10,365 [ERROR] LogOutputStream:75 - [STDERR_REDIRECT] [Fatal Error] :1:1: Premature end of file.
2026-07-17 09:32:10,365 [ERROR] LogOutputStream:75 - [STDERR_REDIRECT] 
2026-07-17 09:32:10,425 [ERROR] LogOutputStream:75 - [STDERR_REDIRECT] [Fatal Error] :1:1: Premature end of file.
2026-07-17 09:32:10,425 [ERROR] LogOutputStream:75 - [STDERR_REDIRECT] 
2026-07-17 09:32:10,480 [ERROR] LogOutputStream:75 - [STDERR_REDIRECT] [Fatal Error] :1:1: Premature end of file.
2026-07-17 09:32:10,480 [ERROR] LogOutputStream:75 - [STDERR_REDIRECT] 
2026-07-17 09:32:10,540 [ERROR] LogOutputStream:75 - [STDERR_REDIRECT] [Fatal Error] :1:1: Premature end of file.
2026-07-17 09:32:10,540 [ERROR] LogOutputStream:75 - [STDERR_REDIRECT] 
2026-07-17 09:32:10,652 [ERROR] LogOutputStream:75 - [STDERR_REDIRECT] [Fatal Error] :1:1: Premature end of file.
2026-07-17 09:32:10,652 [ERROR] LogOutputStream:75 - [STDERR_REDIRECT] 
2026-07-17 09:32:10,786 [ERROR] LogOutputStream:75 - [STDERR_REDIRECT] [Fatal Error] :1:1: Premature end of file.
2026-07-17 09:32:10,786 [ERROR] LogOutputStream:75 - [STDERR_REDIRECT] 
2026-07-17 09:32:10,885 [ERROR] LogOutputStream:75 - [STDERR_REDIRECT] [Fatal Error] :1:1: Premature end of file.
2026-07-17 09:32:10,885 [ERROR] LogOutputStream:75 - [STDERR_REDIRECT] 
2026-07-17 09:32:10,974 [ERROR] LogOutputStream:75 - [STDERR_REDIRECT] [Fatal Error] :1:1: Premature end of file.
2026-07-17 09:32:10,974 [ERROR] LogOutputStream:75 - [STDERR_REDIRECT] 
2026-07-17 09:32:11,066 [ERROR] LogOutputStream:75 - [STDERR_REDIRECT] [Fatal Error] :1:1: Premature end of file.
2026-07-17 09:32:11,066 [ERROR] LogOutputStream:75 - [STDERR_REDIRECT] 
2026-07-17 09:32:11,182 [ERROR] LogOutputStream:75 - [STDERR_REDIRECT] [Fatal Error] :1:1: Premature end of file.
2026-07-17 09:32:11,182 [ERROR] LogOutputStream:75 - [STDERR_REDIRECT] 
2026-07-17 09:32:11,266 [ERROR] LogOutputStream:75 - [STDERR_REDIRECT] [Fatal Error] :1:1: Premature end of file.
2026-07-17 09:32:11,266 [ERROR] LogOutputStream:75 - [STDERR_REDIRECT] 
2026-07-17 09:32:11,338 [ERROR] LogOutputStream:75 - [STDERR_REDIRECT] [Fatal Error] :1:1: Premature end of file.
2026-07-17 09:32:11,338 [ERROR] LogOutputStream:75 - [STDERR_REDIRECT] 
2026-07-17 09:32:11,421 [ERROR] LogOutputStream:75 - [STDERR_REDIRECT] [Fatal Error] :1:1: Premature end of file.
2026-07-17 09:32:11,421 [ERROR] LogOutputStream:75 - [STDERR_REDIRECT] 
2026-07-17 09:32:11,501 [ERROR] LogOutputStream:75 - [STDERR_REDIRECT] [Fatal Error] :1:1: Premature end of file.
2026-07-17 09:32:11,501 [ERROR] LogOutputStream:75 - [STDERR_REDIRECT] 
2026-07-17 09:32:11,571 [ERROR] LogOutputStream:75 - [STDERR_REDIRECT] [Fatal Error] :1:1: Premature end of file.
2026-07-17 09:32:11,571 [ERROR] LogOutputStream:75 - [STDERR_REDIRECT] 
2026-07-17 09:32:12,109 [ERROR] LogOutputStream:75 - [STDERR_REDIRECT] [Fatal Error] :1:1: Premature end of file.
2026-07-17 09:32:12,109 [ERROR] LogOutputStream:75 - [STDERR_REDIRECT] 
2026-07-17 09:32:12,173 [ERROR] LogOutputStream:75 - [STDERR_REDIRECT] [Fatal Error] :1:1: Premature end of file.
2026-07-17 09:32:12,173 [ERROR] LogOutputStream:75 - [STDERR_REDIRECT] 
2026-07-17 09:32:12,245 [ERROR] LogOutputStream:75 - [STDERR_REDIRECT] [Fatal Error] :1:1: Premature end of file.
2026-07-17 09:32:12,245 [ERROR] LogOutputStream:75 - [STDERR_REDIRECT] 
2026-07-17 09:32:12,309 [ERROR] LogOutputStream:75 - [STDERR_REDIRECT] [Fatal Error] :1:1: Premature end of file.
2026-07-17 09:32:12,309 [ERROR] LogOutputStream:75 - [STDERR_REDIRECT] 
2026-07-17 09:32:12,372 [ERROR] LogOutputStream:75 - [STDERR_REDIRECT] [Fatal Error] :1:1: Premature end of file.
2026-07-17 09:32:12,372 [ERROR] LogOutputStream:75 - [STDERR_REDIRECT] 
2026-07-17 09:32:12,435 [ERROR] LogOutputStream:75 - [STDERR_REDIRECT] [Fatal Error] :1:1: Premature end of file.
2026-07-17 09:32:12,435 [ERROR] LogOutputStream:75 - [STDERR_REDIRECT] 
2026-07-17 09:32:12,524 [ERROR] LogOutputStream:75 - [STDERR_REDIRECT] [Fatal Error] :1:1: Premature end of file.
2026-07-17 09:32:12,524 [ERROR] LogOutputStream:75 - [STDERR_REDIRECT] 
2026-07-17 09:32:12,594 [ERROR] LogOutputStream:75 - [STDERR_REDIRECT] [Fatal Error] :1:1: Premature end of file.
2026-07-17 09:32:12,594 [ERROR] LogOutputStream:75 - [STDERR_REDIRECT] 
2026-07-17 09:32:12,657 [ERROR] LogOutputStream:75 - [STDERR_REDIRECT] [Fatal Error] :1:1: Premature end of file.
2026-07-17 09:32:12,657 [ERROR] LogOutputStream:75 - [STDERR_REDIRECT] 
2026-07-17 09:32:12,705 [ERROR] LogOutputStream:75 - [STDERR_REDIRECT] [Fatal Error] :1:1: Premature end of file.
2026-07-17 09:32:12,705 [ERROR] LogOutputStream:75 - [STDERR_REDIRECT] 
2026-07-17 09:32:12,777 [ERROR] LogOutputStream:75 - [STDERR_REDIRECT] [Fatal Error] :1:1: Premature end of file.
2026-07-17 09:32:12,777 [ERROR] LogOutputStream:75 - [STDERR_REDIRECT] 
2026-07-17 09:32:12,834 [ERROR] LogOutputStream:75 - [STDERR_REDIRECT] [Fatal Error] :1:1: Premature end of file.
2026-07-17 09:32:12,834 [ERROR] LogOutputStream:75 - [STDERR_REDIRECT] 
2026-07-17 09:32:12,888 [ERROR] LogOutputStream:75 - [STDERR_REDIRECT] [Fatal Error] :1:1: Premature end of file.
2026-07-17 09:32:12,888 [ERROR] LogOutputStream:75 - [STDERR_REDIRECT] 
2026-07-17 09:32:12,938 [ERROR] LogOutputStream:75 - [STDERR_REDIRECT] [Fatal Error] :1:1: Premature end of file.
2026-07-17 09:32:12,938 [ERROR] LogOutputStream:75 - [STDERR_REDIRECT] 
2026-07-17 09:32:13,016 [ERROR] LogOutputStream:75 - [STDERR_REDIRECT] [Fatal Error] :1:1: Premature end of file.
2026-07-17 09:32:13,016 [ERROR] LogOutputStream:75 - [STDERR_REDIRECT] 
2026-07-17 09:32:13,064 [ERROR] LogOutputStream:75 - [STDERR_REDIRECT] [Fatal Error] :1:1: Premature end of file.
2026-07-17 09:32:13,064 [ERROR] LogOutputStream:75 - [STDERR_REDIRECT] 
2026-07-17 09:32:13,128 [ERROR] LogOutputStream:75 - [STDERR_REDIRECT] [Fatal Error] :1:1: Premature end of file.
2026-07-17 09:32:13,128 [ERROR] LogOutputStream:75 - [STDERR_REDIRECT] 
2026-07-17 09:32:13,176 [ERROR] LogOutputStream:75 - [STDERR_REDIRECT] [Fatal Error] :1:1: Premature end of file.
2026-07-17 09:32:13,176 [ERROR] LogOutputStream:75 - [STDERR_REDIRECT] 
2026-07-17 09:32:13,239 [ERROR] LogOutputStream:75 - [STDERR_REDIRECT] [Fatal Error] :1:1: Premature end of file.
2026-07-17 09:32:13,239 [ERROR] LogOutputStream:75 - [STDERR_REDIRECT] 
2026-07-17 09:32:13,288 [ERROR] LogOutputStream:75 - [STDERR_REDIRECT] [Fatal Error] :1:1: Premature end of file.
2026-07-17 09:32:13,288 [ERROR] LogOutputStream:75 - [STDERR_REDIRECT] 
2026-07-17 09:32:13,343 [ERROR] LogOutputStream:75 - [STDERR_REDIRECT] [Fatal Error] :1:1: Premature end of file.
2026-07-17 09:32:13,346 [ERROR] LogOutputStream:75 - [STDERR_REDIRECT] 
2026-07-17 09:32:13,391 [ERROR] LogOutputStream:75 - [STDERR_REDIRECT] [Fatal Error] :1:1: Premature end of file.
2026-07-17 09:32:13,391 [ERROR] LogOutputStream:75 - [STDERR_REDIRECT] 
2026-07-17 09:32:13,439 [ERROR] LogOutputStream:75 - [STDERR_REDIRECT] [Fatal Error] :1:1: Premature end of file.
2026-07-17 09:32:13,439 [ERROR] LogOutputStream:75 - [STDERR_REDIRECT] 
2026-07-17 09:32:13,502 [ERROR] LogOutputStream:75 - [STDERR_REDIRECT] [Fatal Error] :1:1: Premature end of file.
2026-07-17 09:32:13,502 [ERROR] LogOutputStream:75 - [STDERR_REDIRECT] 
2026-07-17 09:32:13,549 [ERROR] LogOutputStream:75 - [STDERR_REDIRECT] [Fatal Error] :1:1: Premature end of file.
2026-07-17 09:32:13,549 [ERROR] LogOutputStream:75 - [STDERR_REDIRECT] 
2026-07-17 09:32:13,613 [ERROR] LogOutputStream:75 - [STDERR_REDIRECT] [Fatal Error] :1:1: Premature end of file.
2026-07-17 09:32:13,613 [ERROR] LogOutputStream:75 - [STDERR_REDIRECT] 
2026-07-17 09:32:13,676 [ERROR] LogOutputStream:75 - [STDERR_REDIRECT] [Fatal Error] :1:1: Premature end of file.
2026-07-17 09:32:13,676 [ERROR] LogOutputStream:75 - [STDERR_REDIRECT] 
2026-07-17 09:32:13,737 [ERROR] LogOutputStream:75 - [STDERR_REDIRECT] [Fatal Error] :1:1: Premature end of file.
2026-07-17 09:32:13,737 [ERROR] LogOutputStream:75 - [STDERR_REDIRECT] 
2026-07-17 09:32:13,788 [ERROR] LogOutputStream:75 - [STDERR_REDIRECT] [Fatal Error] :1:1: Premature end of file.
2026-07-17 09:32:13,788 [ERROR] LogOutputStream:75 - [STDERR_REDIRECT] 
2026-07-17 09:32:13,842 [ERROR] LogOutputStream:75 - [STDERR_REDIRECT] [Fatal Error] :1:1: Premature end of file.
2026-07-17 09:32:13,842 [ERROR] LogOutputStream:75 - [STDERR_REDIRECT] 
2026-07-17 09:32:13,900 [ERROR] LogOutputStream:75 - [STDERR_REDIRECT] [Fatal Error] :1:1: Premature end of file.
2026-07-17 09:32:13,900 [ERROR] LogOutputStream:75 - [STDERR_REDIRECT] 
2026-07-17 09:32:13,948 [ERROR] LogOutputStream:75 - [STDERR_REDIRECT] [Fatal Error] :1:1: Premature end of file.
2026-07-17 09:32:13,948 [ERROR] LogOutputStream:75 - [STDERR_REDIRECT] 
2026-07-17 09:32:14,012 [ERROR] LogOutputStream:75 - [STDERR_REDIRECT] [Fatal Error] :1:1: Premature end of file.
2026-07-17 09:32:14,012 [ERROR] LogOutputStream:75 - [STDERR_REDIRECT] 
2026-07-17 09:32:14,060 [ERROR] LogOutputStream:75 - [STDERR_REDIRECT] [Fatal Error] :1:1: Premature end of file.
2026-07-17 09:32:14,060 [ERROR] LogOutputStream:75 - [STDERR_REDIRECT] 
2026-07-17 09:32:14,107 [ERROR] LogOutputStream:75 - [STDERR_REDIRECT] [Fatal Error] :1:1: Premature end of file.
2026-07-17 09:32:14,107 [ERROR] LogOutputStream:75 - [STDERR_REDIRECT] 
2026-07-17 09:32:14,171 [ERROR] LogOutputStream:75 - [STDERR_REDIRECT] [Fatal Error] :1:1: Premature end of file.
2026-07-17 09:32:14,171 [ERROR] LogOutputStream:75 - [STDERR_REDIRECT] 
2026-07-17 09:32:14,219 [ERROR] LogOutputStream:75 - [STDERR_REDIRECT] [Fatal Error] :1:1: Premature end of file.
2026-07-17 09:32:14,219 [ERROR] LogOutputStream:75 - [STDERR_REDIRECT] 
2026-07-17 09:32:14,266 [ERROR] LogOutputStream:75 - [STDERR_REDIRECT] [Fatal Error] :1:1: Premature end of file.
2026-07-17 09:32:14,266 [ERROR] LogOutputStream:75 - [STDERR_REDIRECT] 
2026-07-17 09:32:14,322 [ERROR] LogOutputStream:75 - [STDERR_REDIRECT] [Fatal Error] :1:1: Premature end of file.
2026-07-17 09:32:14,322 [ERROR] LogOutputStream:75 - [STDERR_REDIRECT] 
2026-07-17 09:32:14,385 [ERROR] LogOutputStream:75 - [STDERR_REDIRECT] [Fatal Error] :1:1: Premature end of file.
2026-07-17 09:32:14,385 [ERROR] LogOutputStream:75 - [STDERR_REDIRECT] 
2026-07-17 09:32:14,464 [ERROR] LogOutputStream:75 - [STDERR_REDIRECT] [Fatal Error] :1:1: Premature end of file.
2026-07-17 09:32:14,464 [ERROR] LogOutputStream:75 - [STDERR_REDIRECT] 
2026-07-17 09:32:14,546 [ERROR] LogOutputStream:75 - [STDERR_REDIRECT] [Fatal Error] :1:1: Premature end of file.
2026-07-17 09:32:14,546 [ERROR] LogOutputStream:75 - [STDERR_REDIRECT] 
2026-07-17 09:32:14,620 [ERROR] LogOutputStream:75 - [STDERR_REDIRECT] [Fatal Error] :1:1: Premature end of file.
2026-07-17 09:32:14,620 [ERROR] LogOutputStream:75 - [STDERR_REDIRECT] 
2026-07-17 09:32:14,685 [ERROR] LogOutputStream:75 - [STDERR_REDIRECT] [Fatal Error] :1:1: Premature end of file.
2026-07-17 09:32:14,685 [ERROR] LogOutputStream:75 - [STDERR_REDIRECT] 
2026-07-17 09:32:14,759 [ERROR] LogOutputStream:75 - [STDERR_REDIRECT] [Fatal Error] :1:1: Premature end of file.
2026-07-17 09:32:14,759 [ERROR] LogOutputStream:75 - [STDERR_REDIRECT] 
2026-07-17 09:32:14,821 [ERROR] LogOutputStream:75 - [STDERR_REDIRECT] [Fatal Error] :1:1: Premature end of file.
2026-07-17 09:32:14,821 [ERROR] LogOutputStream:75 - [STDERR_REDIRECT] 
2026-07-17 09:32:14,891 [ERROR] LogOutputStream:75 - [STDERR_REDIRECT] [Fatal Error] :1:1: Premature end of file.
2026-07-17 09:32:14,891 [ERROR] LogOutputStream:75 - [STDERR_REDIRECT] 
2026-07-17 09:32:14,941 [ERROR] LogOutputStream:75 - [STDERR_REDIRECT] [Fatal Error] :1:1: Premature end of file.
2026-07-17 09:32:14,941 [ERROR] LogOutputStream:75 - [STDERR_REDIRECT] 
2026-07-17 09:32:14,989 [ERROR] LogOutputStream:75 - [STDERR_REDIRECT] [Fatal Error] :1:1: Premature end of file.
2026-07-17 09:32:14,989 [ERROR] LogOutputStream:75 - [STDERR_REDIRECT] 
2026-07-17 09:32:15,036 [ERROR] LogOutputStream:75 - [STDERR_REDIRECT] [Fatal Error] :1:1: Premature end of file.
2026-07-17 09:32:15,036 [ERROR] LogOutputStream:75 - [STDERR_REDIRECT] 
2026-07-17 09:32:15,084 [ERROR] LogOutputStream:75 - [STDERR_REDIRECT] [Fatal Error] :1:1: Premature end of file.
2026-07-17 09:32:15,091 [ERROR] LogOutputStream:75 - [STDERR_REDIRECT] 
2026-07-17 09:32:15,142 [ERROR] LogOutputStream:75 - [STDERR_REDIRECT] [Fatal Error] :1:1: Premature end of file.
2026-07-17 09:32:15,142 [ERROR] LogOutputStream:75 - [STDERR_REDIRECT] 
2026-07-17 09:32:15,258 [ERROR] LogOutputStream:75 - [STDERR_REDIRECT] [Fatal Error] :1:1: Premature end of file.
2026-07-17 09:32:15,258 [ERROR] LogOutputStream:75 - [STDERR_REDIRECT] 
2026-07-17 09:32:15,332 [ERROR] LogOutputStream:75 - [STDERR_REDIRECT] [Fatal Error] :1:1: Premature end of file.
2026-07-17 09:32:15,332 [ERROR] LogOutputStream:75 - [STDERR_REDIRECT] 
2026-07-17 09:32:15,408 [ERROR] LogOutputStream:75 - [STDERR_REDIRECT] [Fatal Error] :1:1: Premature end of file.
2026-07-17 09:32:15,408 [ERROR] LogOutputStream:75 - [STDERR_REDIRECT] 
2026-07-17 09:32:16,372 [ERROR] LogOutputStream:75 - [STDERR_REDIRECT] [Fatal Error] :1:1: Premature end of file.
2026-07-17 09:32:16,372 [ERROR] LogOutputStream:75 - [STDERR_REDIRECT] 
2026-07-17 09:32:17,371 [ERROR] LogOutputStream:75 - [STDERR_REDIRECT] [Fatal Error] :1:1: Premature end of file.
2026-07-17 09:32:17,371 [ERROR] LogOutputStream:75 - [STDERR_REDIRECT] 
2026-07-17 09:32:18,352 [ERROR] LogOutputStream:75 - [STDERR_REDIRECT] [Fatal Error] :1:1: Premature end of file.
2026-07-17 09:32:18,352 [ERROR] LogOutputStream:75 - [STDERR_REDIRECT] 
2026-07-17 09:32:19,353 [ERROR] LogOutputStream:75 - [STDERR_REDIRECT] [Fatal Error] :1:1: Premature end of file.
2026-07-17 09:32:19,353 [ERROR] LogOutputStream:75 - [STDERR_REDIRECT] 
2026-07-17 09:32:20,370 [ERROR] LogOutputStream:75 - [STDERR_REDIRECT] [Fatal Error] :1:1: Premature end of file.
2026-07-17 09:32:20,370 [ERROR] LogOutputStream:75 - [STDERR_REDIRECT] 
2026-07-17 09:32:21,395 [ERROR] LogOutputStream:75 - [STDERR_REDIRECT] [Fatal Error] :1:1: Premature end of file.
2026-07-17 09:32:21,395 [ERROR] LogOutputStream:75 - [STDERR_REDIRECT] 
2026-07-17 09:32:22,367 [ERROR] LogOutputStream:75 - [STDERR_REDIRECT] [Fatal Error] :1:1: Premature end of file.
2026-07-17 09:32:22,367 [ERROR] LogOutputStream:75 - [STDERR_REDIRECT] 
2026-07-17 09:32:23,370 [ERROR] LogOutputStream:75 - [STDERR_REDIRECT] [Fatal Error] :1:1: Premature end of file.
2026-07-17 09:32:23,370 [ERROR] LogOutputStream:75 - [STDERR_REDIRECT] 
2026-07-17 09:32:24,389 [ERROR] LogOutputStream:75 - [STDERR_REDIRECT] [Fatal Error] :1:1: Premature end of file.
2026-07-17 09:32:24,389 [ERROR] LogOutputStream:75 - [STDERR_REDIRECT] 
2026-07-17 09:32:25,357 [ERROR] LogOutputStream:75 - [STDERR_REDIRECT] [Fatal Error] :1:1: Premature end of file.
2026-07-17 09:32:25,357 [ERROR] LogOutputStream:75 - [STDERR_REDIRECT] 
2026-07-17 09:32:26,362 [ERROR] LogOutputStream:75 - [STDERR_REDIRECT] [Fatal Error] :1:1: Premature end of file.
2026-07-17 09:32:26,362 [ERROR] LogOutputStream:75 - [STDERR_REDIRECT] 
2026-07-17 09:32:27,361 [ERROR] LogOutputStream:75 - [STDERR_REDIRECT] [Fatal Error] :1:1: Premature end of file.
2026-07-17 09:32:27,361 [ERROR] LogOutputStream:75 - [STDERR_REDIRECT] 
2026-07-17 09:32:28,366 [ERROR] LogOutputStream:75 - [STDERR_REDIRECT] [Fatal Error] :1:1: Premature end of file.
2026-07-17 09:32:28,366 [ERROR] LogOutputStream:75 - [STDERR_REDIRECT] 
2026-07-17 09:32:29,372 [ERROR] LogOutputStream:75 - [STDERR_REDIRECT] [Fatal Error] :1:1: Premature end of file.
2026-07-17 09:32:29,372 [ERROR] LogOutputStream:75 - [STDERR_REDIRECT] 
2026-07-17 09:32:30,355 [ERROR] LogOutputStream:75 - [STDERR_REDIRECT] [Fatal Error] :1:1: Premature end of file.
2026-07-17 09:32:30,355 [ERROR] LogOutputStream:75 - [STDERR_REDIRECT] 
2026-07-17 09:32:31,370 [ERROR] LogOutputStream:75 - [STDERR_REDIRECT] [Fatal Error] :1:1: Premature end of file.
2026-07-17 09:32:31,370 [ERROR] LogOutputStream:75 - [STDERR_REDIRECT] 
2026-07-17 09:32:32,359 [ERROR] LogOutputStream:75 - [STDERR_REDIRECT] [Fatal Error] :1:1: Premature end of file.
2026-07-17 09:32:32,359 [ERROR] LogOutputStream:75 - [STDERR_REDIRECT] 
2026-07-17 09:32:33,363 [ERROR] LogOutputStream:75 - [STDERR_REDIRECT] [Fatal Error] :1:1: Premature end of file.
2026-07-17 09:32:33,363 [ERROR] LogOutputStream:75 - [STDERR_REDIRECT] 
2026-07-17 09:32:34,355 [ERROR] LogOutputStream:75 - [STDERR_REDIRECT] [Fatal Error] :1:1: Premature end of file.
2026-07-17 09:32:34,355 [ERROR] LogOutputStream:75 - [STDERR_REDIRECT] 
2026-07-17 09:32:35,362 [ERROR] LogOutputStream:75 - [STDERR_REDIRECT] [Fatal Error] :1:1: Premature end of file.
2026-07-17 09:32:35,362 [ERROR] LogOutputStream:75 - [STDERR_REDIRECT] 
2026-07-17 09:32:36,357 [ERROR] LogOutputStream:75 - [STDERR_REDIRECT] [Fatal Error] :1:1: Premature end of file.
2026-07-17 09:32:36,357 [ERROR] LogOutputStream:75 - [STDERR_REDIRECT] 
2026-07-17 09:32:37,366 [ERROR] LogOutputStream:75 - [STDERR_REDIRECT] [Fatal Error] :1:1: Premature end of file.
2026-07-17 09:32:37,366 [ERROR] LogOutputStream:75 - [STDERR_REDIRECT] 
2026-07-17 09:32:38,367 [ERROR] LogOutputStream:75 - [STDERR_REDIRECT] [Fatal Error] :1:1: Premature end of file.
2026-07-17 09:32:38,367 [ERROR] LogOutputStream:75 - [STDERR_REDIRECT] 
2026-07-17 09:32:39,356 [ERROR] LogOutputStream:75 - [STDERR_REDIRECT] [Fatal Error] :1:1: Premature end of file.
2026-07-17 09:32:39,356 [ERROR] LogOutputStream:75 - [STDERR_REDIRECT] 
2026-07-17 09:32:40,359 [ERROR] LogOutputStream:75 - [STDERR_REDIRECT] [Fatal Error] :1:1: Premature end of file.
2026-07-17 09:32:40,359 [ERROR] LogOutputStream:75 - [STDERR_REDIRECT] 
2026-07-17 09:32:41,360 [ERROR] LogOutputStream:75 - [STDERR_REDIRECT] [Fatal Error] :1:1: Premature end of file.
2026-07-17 09:32:41,360 [ERROR] LogOutputStream:75 - [STDERR_REDIRECT] 
2026-07-17 09:32:42,359 [ERROR] LogOutputStream:75 - [STDERR_REDIRECT] [Fatal Error] :1:1: Premature end of file.
2026-07-17 09:32:42,359 [ERROR] LogOutputStream:75 - [STDERR_REDIRECT] 
2026-07-17 09:32:43,370 [ERROR] LogOutputStream:75 - [STDERR_REDIRECT] [Fatal Error] :1:1: Premature end of file.
2026-07-17 09:32:43,370 [ERROR] LogOutputStream:75 - [STDERR_REDIRECT] 
2026-07-17 09:32:44,364 [ERROR] LogOutputStream:75 - [STDERR_REDIRECT] [Fatal Error] :1:1: Premature end of file.
2026-07-17 09:32:44,364 [ERROR] LogOutputStream:75 - [STDERR_REDIRECT] 
2026-07-17 09:32:45,426 [ERROR] LogOutputStream:75 - [STDERR_REDIRECT] [Fatal Error] :1:1: Premature end of file.
2026-07-17 09:32:45,426 [ERROR] LogOutputStream:75 - [STDERR_REDIRECT] 
2026-07-17 09:32:46,367 [ERROR] LogOutputStream:75 - [STDERR_REDIRECT] [Fatal Error] :1:1: Premature end of file.
2026-07-17 09:32:46,367 [ERROR] LogOutputStream:75 - [STDERR_REDIRECT] 
2026-07-17 09:32:47,368 [ERROR] LogOutputStream:75 - [STDERR_REDIRECT] [Fatal Error] :1:1: Premature end of file.
2026-07-17 09:32:47,368 [ERROR] LogOutputStream:75 - [STDERR_REDIRECT] 
2026-07-17 09:32:48,359 [ERROR] LogOutputStream:75 - [STDERR_REDIRECT] [Fatal Error] :1:1: Premature end of file.
2026-07-17 09:32:48,359 [ERROR] LogOutputStream:75 - [STDERR_REDIRECT] 
2026-07-17 09:32:49,357 [ERROR] LogOutputStream:75 - [STDERR_REDIRECT] [Fatal Error] :1:1: Premature end of file.
2026-07-17 09:32:49,357 [ERROR] LogOutputStream:75 - [STDERR_REDIRECT] 
2026-07-17 09:32:50,353 [ERROR] LogOutputStream:75 - [STDERR_REDIRECT] [Fatal Error] :1:1: Premature end of file.
2026-07-17 09:32:50,353 [ERROR] LogOutputStream:75 - [STDERR_REDIRECT] 
2026-07-17 09:32:51,359 [ERROR] LogOutputStream:75 - [STDERR_REDIRECT] [Fatal Error] :1:1: Premature end of file.
2026-07-17 09:32:51,359 [ERROR] LogOutputStream:75 - [STDERR_REDIRECT] 
2026-07-17 09:32:52,364 [ERROR] LogOutputStream:75 - [STDERR_REDIRECT] [Fatal Error] :1:1: Premature end of file.
2026-07-17 09:32:52,364 [ERROR] LogOutputStream:75 - [STDERR_REDIRECT] 
2026-07-17 09:32:53,354 [ERROR] LogOutputStream:75 - [STDERR_REDIRECT] [Fatal Error] :1:1: Premature end of file.
2026-07-17 09:32:53,354 [ERROR] LogOutputStream:75 - [STDERR_REDIRECT] 
2026-07-17 09:32:54,369 [ERROR] LogOutputStream:75 - [STDERR_REDIRECT] [Fatal Error] :1:1: Premature end of file.
2026-07-17 09:32:54,369 [ERROR] LogOutputStream:75 - [STDERR_REDIRECT] 
2026-07-17 09:32:55,352 [ERROR] LogOutputStream:75 - [STDERR_REDIRECT] [Fatal Error] :1:1: Premature end of file.
2026-07-17 09:32:55,352 [ERROR] LogOutputStream:75 - [STDERR_REDIRECT] 
2026-07-17 09:32:56,359 [ERROR] LogOutputStream:75 - [STDERR_REDIRECT] [Fatal Error] :1:1: Premature end of file.
2026-07-17 09:32:56,359 [ERROR] LogOutputStream:75 - [STDERR_REDIRECT] 
2026-07-17 09:32:57,368 [ERROR] LogOutputStream:75 - [STDERR_REDIRECT] [Fatal Error] :1:1: Premature end of file.
2026-07-17 09:32:57,368 [ERROR] LogOutputStream:75 - [STDERR_REDIRECT] 
2026-07-17 09:32:58,356 [ERROR] LogOutputStream:75 - [STDERR_REDIRECT] [Fatal Error] :1:1: Premature end of file.
2026-07-17 09:32:58,356 [ERROR] LogOutputStream:75 - [STDERR_REDIRECT] 
2026-07-17 09:32:59,370 [ERROR] LogOutputStream:75 - [STDERR_REDIRECT] [Fatal Error] :1:1: Premature end of file.
2026-07-17 09:32:59,370 [ERROR] LogOutputStream:75 - [STDERR_REDIRECT] 
2026-07-17 09:33:00,359 [ERROR] LogOutputStream:75 - [STDERR_REDIRECT] [Fatal Error] :1:1: Premature end of file.
2026-07-17 09:33:00,359 [ERROR] LogOutputStream:75 - [STDERR_REDIRECT] 
2026-07-17 09:33:01,368 [ERROR] LogOutputStream:75 - [STDERR_REDIRECT] [Fatal Error] :1:1: Premature end of file.
2026-07-17 09:33:01,368 [ERROR] LogOutputStream:75 - [STDERR_REDIRECT] 
2026-07-17 09:33:02,365 [ERROR] LogOutputStream:75 - [STDERR_REDIRECT] [Fatal Error] :1:1: Premature end of file.
2026-07-17 09:33:02,365 [ERROR] LogOutputStream:75 - [STDERR_REDIRECT] 
2026-07-17 09:33:03,368 [ERROR] LogOutputStream:75 - [STDERR_REDIRECT] [Fatal Error] :1:1: Premature end of file.
2026-07-17 09:33:03,368 [ERROR] LogOutputStream:75 - [STDERR_REDIRECT] 
2026-07-17 09:33:04,397 [ERROR] LogOutputStream:75 - [STDERR_REDIRECT] [Fatal Error] :1:1: Premature end of file.
2026-07-17 09:33:04,397 [ERROR] LogOutputStream:75 - [STDERR_REDIRECT] 
2026-07-17 09:33:05,404 [ERROR] LogOutputStream:75 - [STDERR_REDIRECT] [Fatal Error] :1:1: Premature end of file.
2026-07-17 09:33:05,404 [ERROR] LogOutputStream:75 - [STDERR_REDIRECT] 
2026-07-17 09:33:06,366 [ERROR] LogOutputStream:75 - [STDERR_REDIRECT] [Fatal Error] :1:1: Premature end of file.
2026-07-17 09:33:06,366 [ERROR] LogOutputStream:75 - [STDERR_REDIRECT] 
2026-07-17 09:33:07,354 [ERROR] LogOutputStream:75 - [STDERR_REDIRECT] [Fatal Error] :1:1: Premature end of file.
2026-07-17 09:33:07,354 [ERROR] LogOutputStream:75 - [STDERR_REDIRECT] 
2026-07-17 09:33:08,463 [ERROR] LogOutputStream:75 - [STDERR_REDIRECT] [Fatal Error] :1:1: Premature end of file.
2026-07-17 09:33:08,463 [ERROR] LogOutputStream:75 - [STDERR_REDIRECT] 
2026-07-17 09:33:09,370 [ERROR] LogOutputStream:75 - [STDERR_REDIRECT] [Fatal Error] :1:1: Premature end of file.
2026-07-17 09:33:09,370 [ERROR] LogOutputStream:75 - [STDERR_REDIRECT] 
2026-07-17 09:33:10,362 [ERROR] LogOutputStream:75 - [STDERR_REDIRECT] [Fatal Error] :1:1: Premature end of file.
2026-07-17 09:33:10,362 [ERROR] LogOutputStream:75 - [STDERR_REDIRECT] 
2026-07-17 09:33:11,367 [ERROR] LogOutputStream:75 - [STDERR_REDIRECT] [Fatal Error] :1:1: Premature end of file.
2026-07-17 09:33:11,367 [ERROR] LogOutputStream:75 - [STDERR_REDIRECT] 
2026-07-17 09:33:12,385 [ERROR] LogOutputStream:75 - [STDERR_REDIRECT] [Fatal Error] :1:1: Premature end of file.
2026-07-17 09:33:12,385 [ERROR] LogOutputStream:75 - [STDERR_REDIRECT] 
2026-07-17 09:33:13,400 [ERROR] LogOutputStream:75 - [STDERR_REDIRECT] [Fatal Error] :1:1: Premature end of file.
2026-07-17 09:33:13,400 [ERROR] LogOutputStream:75 - [STDERR_REDIRECT] 
2026-07-17 09:33:14,403 [ERROR] LogOutputStream:75 - [STDERR_REDIRECT] [Fatal Error] :1:1: Premature end of file.
2026-07-17 09:33:14,403 [ERROR] LogOutputStream:75 - [STDERR_REDIRECT] 
2026-07-17 09:33:15,366 [ERROR] LogOutputStream:75 - [STDERR_REDIRECT] [Fatal Error] :1:1: Premature end of file.
2026-07-17 09:33:15,366 [ERROR] LogOutputStream:75 - [STDERR_REDIRECT] 
2026-07-17 09:33:16,411 [ERROR] LogOutputStream:75 - [STDERR_REDIRECT] [Fatal Error] :1:1: Premature end of file.
2026-07-17 09:33:16,411 [ERROR] LogOutputStream:75 - [STDERR_REDIRECT] 
2026-07-17 09:33:17,370 [ERROR] LogOutputStream:75 - [STDERR_REDIRECT] [Fatal Error] :1:1: Premature end of file.
2026-07-17 09:33:17,370 [ERROR] LogOutputStream:75 - [STDERR_REDIRECT] 
2026-07-17 09:33:18,403 [ERROR] LogOutputStream:75 - [STDERR_REDIRECT] [Fatal Error] :1:1: Premature end of file.
2026-07-17 09:33:18,403 [ERROR] LogOutputStream:75 - [STDERR_REDIRECT] 
2026-07-17 09:33:19,360 [ERROR] LogOutputStream:75 - [STDERR_REDIRECT] [Fatal Error] :1:1: Premature end of file.
2026-07-17 09:33:19,360 [ERROR] LogOutputStream:75 - [STDERR_REDIRECT] 
2026-07-17 09:33:20,389 [ERROR] LogOutputStream:75 - [STDERR_REDIRECT] [Fatal Error] :1:1: Premature end of file.
2026-07-17 09:33:20,389 [ERROR] LogOutputStream:75 - [STDERR_REDIRECT] 
2026-07-17 09:33:21,363 [ERROR] LogOutputStream:75 - [STDERR_REDIRECT] [Fatal Error] :1:1: Premature end of file.
2026-07-17 09:33:21,363 [ERROR] LogOutputStream:75 - [STDERR_REDIRECT] 
2026-07-17 09:33:22,354 [ERROR] LogOutputStream:75 - [STDERR_REDIRECT] [Fatal Error] :1:1: Premature end of file.
2026-07-17 09:33:22,354 [ERROR] LogOutputStream:75 - [STDERR_REDIRECT] 
2026-07-17 09:33:23,417 [ERROR] LogOutputStream:75 - [STDERR_REDIRECT] [Fatal Error] :1:1: Premature end of file.
2026-07-17 09:33:23,417 [ERROR] LogOutputStream:75 - [STDERR_REDIRECT] 
2026-07-17 09:33:24,404 [ERROR] LogOutputStream:75 - [STDERR_REDIRECT] [Fatal Error] :1:1: Premature end of file.
2026-07-17 09:33:24,404 [ERROR] LogOutputStream:75 - [STDERR_REDIRECT] 
2026-07-17 09:33:25,400 [ERROR] LogOutputStream:75 - [STDERR_REDIRECT] [Fatal Error] :1:1: Premature end of file.
2026-07-17 09:33:25,400 [ERROR] LogOutputStream:75 - [STDERR_REDIRECT] 
2026-07-17 09:33:26,399 [ERROR] LogOutputStream:75 - [STDERR_REDIRECT] [Fatal Error] :1:1: Premature end of file.
2026-07-17 09:33:26,399 [ERROR] LogOutputStream:75 - [STDERR_REDIRECT] 
2026-07-17 09:33:27,424 [ERROR] LogOutputStream:75 - [STDERR_REDIRECT] [Fatal Error] :1:1: Premature end of file.
2026-07-17 09:33:27,424 [ERROR] LogOutputStream:75 - [STDERR_REDIRECT] 
2026-07-17 09:33:28,397 [ERROR] LogOutputStream:75 - [STDERR_REDIRECT] [Fatal Error] :1:1: Premature end of file.
2026-07-17 09:33:28,397 [ERROR] LogOutputStream:75 - [STDERR_REDIRECT] 
2026-07-17 09:33:29,395 [ERROR] LogOutputStream:75 - [STDERR_REDIRECT] [Fatal Error] :1:1: Premature end of file.
2026-07-17 09:33:29,395 [ERROR] LogOutputStream:75 - [STDERR_REDIRECT] 
2026-07-17 09:33:30,397 [ERROR] LogOutputStream:75 - [STDERR_REDIRECT] [Fatal Error] :1:1: Premature end of file.
2026-07-17 09:33:30,397 [ERROR] LogOutputStream:75 - [STDERR_REDIRECT] 
2026-07-17 09:33:31,396 [ERROR] LogOutputStream:75 - [STDERR_REDIRECT] [Fatal Error] :1:1: Premature end of file.
2026-07-17 09:33:31,396 [ERROR] LogOutputStream:75 - [STDERR_REDIRECT] 
2026-07-17 09:33:32,424 [ERROR] LogOutputStream:75 - [STDERR_REDIRECT] [Fatal Error] :1:1: Premature end of file.
2026-07-17 09:33:32,424 [ERROR] LogOutputStream:75 - [STDERR_REDIRECT] 
2026-07-17 09:33:33,417 [ERROR] LogOutputStream:75 - [STDERR_REDIRECT] [Fatal Error] :1:1: Premature end of file.
2026-07-17 09:33:33,417 [ERROR] LogOutputStream:75 - [STDERR_REDIRECT] 
2026-07-17 09:33:34,384 [ERROR] LogOutputStream:75 - [STDERR_REDIRECT] [Fatal Error] :1:1: Premature end of file.
2026-07-17 09:33:34,384 [ERROR] LogOutputStream:75 - [STDERR_REDIRECT] 
2026-07-17 09:33:35,412 [ERROR] LogOutputStream:75 - [STDERR_REDIRECT] [Fatal Error] :1:1: Premature end of file.
2026-07-17 09:33:35,412 [ERROR] LogOutputStream:75 - [STDERR_REDIRECT] 
2026-07-17 09:33:36,401 [ERROR] LogOutputStream:75 - [STDERR_REDIRECT] [Fatal Error] :1:1: Premature end of file.
2026-07-17 09:33:36,401 [ERROR] LogOutputStream:75 - [STDERR_REDIRECT] 
2026-07-17 09:33:37,400 [ERROR] LogOutputStream:75 - [STDERR_REDIRECT] [Fatal Error] :1:1: Premature end of file.
2026-07-17 09:33:37,400 [ERROR] LogOutputStream:75 - [STDERR_REDIRECT] 
2026-07-17 09:33:38,395 [ERROR] LogOutputStream:75 - [STDERR_REDIRECT] [Fatal Error] :1:1: Premature end of file.
2026-07-17 09:33:38,395 [ERROR] LogOutputStream:75 - [STDERR_REDIRECT] 
2026-07-17 09:33:39,388 [ERROR] LogOutputStream:75 - [STDERR_REDIRECT] [Fatal Error] :1:1: Premature end of file.
2026-07-17 09:33:39,388 [ERROR] LogOutputStream:75 - [STDERR_REDIRECT] 
2026-07-17 09:33:40,392 [ERROR] LogOutputStream:75 - [STDERR_REDIRECT] [Fatal Error] :1:1: Premature end of file.
2026-07-17 09:33:40,392 [ERROR] LogOutputStream:75 - [STDERR_REDIRECT] 
2026-07-17 09:33:41,402 [ERROR] LogOutputStream:75 - [STDERR_REDIRECT] [Fatal Error] :1:1: Premature end of file.
2026-07-17 09:33:41,402 [ERROR] LogOutputStream:75 - [STDERR_REDIRECT] 
2026-07-17 09:33:42,394 [ERROR] LogOutputStream:75 - [STDERR_REDIRECT] [Fatal Error] :1:1: Premature end of file.
2026-07-17 09:33:42,394 [ERROR] LogOutputStream:75 - [STDERR_REDIRECT] 
2026-07-17 09:33:43,403 [ERROR] LogOutputStream:75 - [STDERR_REDIRECT] [Fatal Error] :1:1: Premature end of file.
2026-07-17 09:33:43,403 [ERROR] LogOutputStream:75 - [STDERR_REDIRECT] 
2026-07-17 09:33:44,388 [ERROR] LogOutputStream:75 - [STDERR_REDIRECT] [Fatal Error] :1:1: Premature end of file.
2026-07-17 09:33:44,388 [ERROR] LogOutputStream:75 - [STDERR_REDIRECT] 
2026-07-17 09:33:45,400 [ERROR] LogOutputStream:75 - [STDERR_REDIRECT] [Fatal Error] :1:1: Premature end of file.
2026-07-17 09:33:45,400 [ERROR] LogOutputStream:75 - [STDERR_REDIRECT] 
2026-07-17 09:33:46,399 [ERROR] LogOutputStream:75 - [STDERR_REDIRECT] [Fatal Error] :1:1: Premature end of file.
2026-07-17 09:33:46,399 [ERROR] LogOutputStream:75 - [STDERR_REDIRECT] 
2026-07-17 09:33:47,396 [ERROR] LogOutputStream:75 - [STDERR_REDIRECT] [Fatal Error] :1:1: Premature end of file.
2026-07-17 09:33:47,401 [ERROR] LogOutputStream:75 - [STDERR_REDIRECT] 
2026-07-17 09:33:48,385 [ERROR] LogOutputStream:75 - [STDERR_REDIRECT] [Fatal Error] :1:1: Premature end of file.
2026-07-17 09:33:48,385 [ERROR] LogOutputStream:75 - [STDERR_REDIRECT] 
2026-07-17 09:33:49,391 [ERROR] LogOutputStream:75 - [STDERR_REDIRECT] [Fatal Error] :1:1: Premature end of file.
2026-07-17 09:33:49,391 [ERROR] LogOutputStream:75 - [STDERR_REDIRECT] 
2026-07-17 09:33:50,395 [ERROR] LogOutputStream:75 - [STDERR_REDIRECT] [Fatal Error] :1:1: Premature end of file.
2026-07-17 09:33:50,395 [ERROR] LogOutputStream:75 - [STDERR_REDIRECT] 
2026-07-17 09:33:51,396 [ERROR] LogOutputStream:75 - [STDERR_REDIRECT] [Fatal Error] :1:1: Premature end of file.
2026-07-17 09:33:51,396 [ERROR] LogOutputStream:75 - [STDERR_REDIRECT] 
2026-07-17 09:33:52,395 [ERROR] LogOutputStream:75 - [STDERR_REDIRECT] [Fatal Error] :1:1: Premature end of file.
2026-07-17 09:33:52,395 [ERROR] LogOutputStream:75 - [STDERR_REDIRECT] 
2026-07-17 09:33:53,396 [ERROR] LogOutputStream:75 - [STDERR_REDIRECT] [Fatal Error] :1:1: Premature end of file.
2026-07-17 09:33:53,396 [ERROR] LogOutputStream:75 - [STDERR_REDIRECT] 
2026-07-17 09:33:54,400 [ERROR] LogOutputStream:75 - [STDERR_REDIRECT] [Fatal Error] :1:1: Premature end of file.
2026-07-17 09:33:54,400 [ERROR] LogOutputStream:75 - [STDERR_REDIRECT] 
2026-07-17 09:33:55,406 [ERROR] LogOutputStream:75 - [STDERR_REDIRECT] [Fatal Error] :1:1: Premature end of file.
2026-07-17 09:33:55,406 [ERROR] LogOutputStream:75 - [STDERR_REDIRECT] 
2026-07-17 09:33:56,402 [ERROR] LogOutputStream:75 - [STDERR_REDIRECT] [Fatal Error] :1:1: Premature end of file.
2026-07-17 09:33:56,406 [ERROR] LogOutputStream:75 - [STDERR_REDIRECT] 
2026-07-17 09:33:57,399 [ERROR] LogOutputStream:75 - [STDERR_REDIRECT] [Fatal Error] :1:1: Premature end of file.
2026-07-17 09:33:57,399 [ERROR] LogOutputStream:75 - [STDERR_REDIRECT] 
2026-07-17 09:33:58,403 [ERROR] LogOutputStream:75 - [STDERR_REDIRECT] [Fatal Error] :1:1: Premature end of file.
2026-07-17 09:33:58,403 [ERROR] LogOutputStream:75 - [STDERR_REDIRECT] 
2026-07-17 09:33:59,394 [ERROR] LogOutputStream:75 - [STDERR_REDIRECT] [Fatal Error] :1:1: Premature end of file.
2026-07-17 09:33:59,394 [ERROR] LogOutputStream:75 - [STDERR_REDIRECT] 
2026-07-17 09:34:00,386 [ERROR] LogOutputStream:75 - [STDERR_REDIRECT] [Fatal Error] :1:1: Premature end of file.
2026-07-17 09:34:00,386 [ERROR] LogOutputStream:75 - [STDERR_REDIRECT] 
2026-07-17 09:34:01,409 [ERROR] LogOutputStream:75 - [STDERR_REDIRECT] [Fatal Error] :1:1: Premature end of file.
2026-07-17 09:34:01,409 [ERROR] LogOutputStream:75 - [STDERR_REDIRECT] 
2026-07-17 09:34:02,398 [ERROR] LogOutputStream:75 - [STDERR_REDIRECT] [Fatal Error] :1:1: Premature end of file.
2026-07-17 09:34:02,398 [ERROR] LogOutputStream:75 - [STDERR_REDIRECT] 
2026-07-17 09:34:03,394 [ERROR] LogOutputStream:75 - [STDERR_REDIRECT] [Fatal Error] :1:1: Premature end of file.
2026-07-17 09:34:03,394 [ERROR] LogOutputStream:75 - [STDERR_REDIRECT] 
2026-07-17 09:34:04,384 [ERROR] LogOutputStream:75 - [STDERR_REDIRECT] [Fatal Error] :1:1: Premature end of file.
2026-07-17 09:34:04,384 [ERROR] LogOutputStream:75 - [STDERR_REDIRECT] 
2026-07-17 09:34:05,392 [ERROR] LogOutputStream:75 - [STDERR_REDIRECT] [Fatal Error] :1:1: Premature end of file.
2026-07-17 09:34:05,392 [ERROR] LogOutputStream:75 - [STDERR_REDIRECT] 
2026-07-17 09:34:06,391 [ERROR] LogOutputStream:75 - [STDERR_REDIRECT] [Fatal Error] :1:1: Premature end of file.
2026-07-17 09:34:06,391 [ERROR] LogOutputStream:75 - [STDERR_REDIRECT] 
2026-07-17 09:34:07,388 [ERROR] LogOutputStream:75 - [STDERR_REDIRECT] [Fatal Error] :1:1: Premature end of file.
2026-07-17 09:34:07,388 [ERROR] LogOutputStream:75 - [STDERR_REDIRECT] 
2026-07-17 09:34:08,395 [ERROR] LogOutputStream:75 - [STDERR_REDIRECT] [Fatal Error] :1:1: Premature end of file.
2026-07-17 09:34:08,395 [ERROR] LogOutputStream:75 - [STDERR_REDIRECT] 
2026-07-17 09:34:09,382 [ERROR] LogOutputStream:75 - [STDERR_REDIRECT] [Fatal Error] :1:1: Premature end of file.
2026-07-17 09:34:09,382 [ERROR] LogOutputStream:75 - [STDERR_REDIRECT] 
2026-07-17 09:34:10,399 [ERROR] LogOutputStream:75 - [STDERR_REDIRECT] [Fatal Error] :1:1: Premature end of file.
2026-07-17 09:34:10,399 [ERROR] LogOutputStream:75 - [STDERR_REDIRECT] 
2026-07-17 09:34:11,404 [ERROR] LogOutputStream:75 - [STDERR_REDIRECT] [Fatal Error] :1:1: Premature end of file.
2026-07-17 09:34:11,404 [ERROR] LogOutputStream:75 - [STDERR_REDIRECT] 
2026-07-17 09:34:12,405 [ERROR] LogOutputStream:75 - [STDERR_REDIRECT] [Fatal Error] :1:1: Premature end of file.
2026-07-17 09:34:12,405 [ERROR] LogOutputStream:75 - [STDERR_REDIRECT] 
2026-07-17 09:34:13,406 [ERROR] LogOutputStream:75 - [STDERR_REDIRECT] [Fatal Error] :1:1: Premature end of file.
2026-07-17 09:34:13,406 [ERROR] LogOutputStream:75 - [STDERR_REDIRECT] 
2026-07-17 09:34:14,399 [ERROR] LogOutputStream:75 - [STDERR_REDIRECT] [Fatal Error] :1:1: Premature end of file.
2026-07-17 09:34:14,399 [ERROR] LogOutputStream:75 - [STDERR_REDIRECT] 
2026-07-17 09:34:15,396 [ERROR] LogOutputStream:75 - [STDERR_REDIRECT] [Fatal Error] :1:1: Premature end of file.
2026-07-17 09:34:15,396 [ERROR] LogOutputStream:75 - [STDERR_REDIRECT] 
2026-07-17 09:34:16,394 [ERROR] LogOutputStream:75 - [STDERR_REDIRECT] [Fatal Error] :1:1: Premature end of file.
2026-07-17 09:34:16,394 [ERROR] LogOutputStream:75 - [STDERR_REDIRECT] 
2026-07-17 09:34:17,391 [ERROR] LogOutputStream:75 - [STDERR_REDIRECT] [Fatal Error] :1:1: Premature end of file.
2026-07-17 09:34:17,391 [ERROR] LogOutputStream:75 - [STDERR_REDIRECT] 
2026-07-17 09:34:18,400 [ERROR] LogOutputStream:75 - [STDERR_REDIRECT] [Fatal Error] :1:1: Premature end of file.
2026-07-17 09:34:18,400 [ERROR] LogOutputStream:75 - [STDERR_REDIRECT] 
2026-07-17 09:34:19,401 [ERROR] LogOutputStream:75 - [STDERR_REDIRECT] [Fatal Error] :1:1: Premature end of file.
2026-07-17 09:34:19,401 [ERROR] LogOutputStream:75 - [STDERR_REDIRECT] 
2026-07-17 09:34:20,400 [ERROR] LogOutputStream:75 - [STDERR_REDIRECT] [Fatal Error] :1:1: Premature end of file.
2026-07-17 09:34:20,400 [ERROR] LogOutputStream:75 - [STDERR_REDIRECT] 
2026-07-17 09:34:21,396 [ERROR] LogOutputStream:75 - [STDERR_REDIRECT] [Fatal Error] :1:1: Premature end of file.
2026-07-17 09:34:21,396 [ERROR] LogOutputStream:75 - [STDERR_REDIRECT] 
2026-07-17 09:34:22,396 [ERROR] LogOutputStream:75 - [STDERR_REDIRECT] [Fatal Error] :1:1: Premature end of file.
2026-07-17 09:34:22,396 [ERROR] LogOutputStream:75 - [STDERR_REDIRECT] 
2026-07-17 09:34:23,391 [ERROR] LogOutputStream:75 - [STDERR_REDIRECT] [Fatal Error] :1:1: Premature end of file.
2026-07-17 09:34:23,391 [ERROR] LogOutputStream:75 - [STDERR_REDIRECT] 
2026-07-17 09:34:24,391 [ERROR] LogOutputStream:75 - [STDERR_REDIRECT] [Fatal Error] :1:1: Premature end of file.
2026-07-17 09:34:24,391 [ERROR] LogOutputStream:75 - [STDERR_REDIRECT] 
2026-07-17 09:34:25,394 [ERROR] LogOutputStream:75 - [STDERR_REDIRECT] [Fatal Error] :1:1: Premature end of file.
2026-07-17 09:34:25,394 [ERROR] LogOutputStream:75 - [STDERR_REDIRECT] 
2026-07-17 09:34:26,396 [ERROR] LogOutputStream:75 - [STDERR_REDIRECT] [Fatal Error] :1:1: Premature end of file.
2026-07-17 09:34:26,396 [ERROR] LogOutputStream:75 - [STDERR_REDIRECT] 
2026-07-17 09:34:27,394 [ERROR] LogOutputStream:75 - [STDERR_REDIRECT] [Fatal Error] :1:1: Premature end of file.
2026-07-17 09:34:27,394 [ERROR] LogOutputStream:75 - [STDERR_REDIRECT] 
2026-07-17 09:34:28,388 [ERROR] LogOutputStream:75 - [STDERR_REDIRECT] [Fatal Error] :1:1: Premature end of file.
2026-07-17 09:34:28,392 [ERROR] LogOutputStream:75 - [STDERR_REDIRECT] 
2026-07-17 09:34:29,400 [ERROR] LogOutputStream:75 - [STDERR_REDIRECT] [Fatal Error] :1:1: Premature end of file.
2026-07-17 09:34:29,400 [ERROR] LogOutputStream:75 - [STDERR_REDIRECT] 
2026-07-17 09:34:30,398 [ERROR] LogOutputStream:75 - [STDERR_REDIRECT] [Fatal Error] :1:1: Premature end of file.
2026-07-17 09:34:30,398 [ERROR] LogOutputStream:75 - [STDERR_REDIRECT] 
2026-07-17 09:34:31,387 [ERROR] LogOutputStream:75 - [STDERR_REDIRECT] [Fatal Error] :1:1: Premature end of file.
2026-07-17 09:34:31,387 [ERROR] LogOutputStream:75 - [STDERR_REDIRECT] 
2026-07-17 09:34:32,411 [ERROR] LogOutputStream:75 - [STDERR_REDIRECT] [Fatal Error] :1:1: Premature end of file.
2026-07-17 09:34:32,411 [ERROR] LogOutputStream:75 - [STDERR_REDIRECT] 
2026-07-17 09:34:33,397 [ERROR] LogOutputStream:75 - [STDERR_REDIRECT] [Fatal Error] :1:1: Premature end of file.
2026-07-17 09:34:33,397 [ERROR] LogOutputStream:75 - [STDERR_REDIRECT] 
2026-07-17 09:34:34,399 [ERROR] LogOutputStream:75 - [STDERR_REDIRECT] [Fatal Error] :1:1: Premature end of file.
2026-07-17 09:34:34,399 [ERROR] LogOutputStream:75 - [STDERR_REDIRECT] 
2026-07-17 09:34:35,395 [ERROR] LogOutputStream:75 - [STDERR_REDIRECT] [Fatal Error] :1:1: Premature end of file.
2026-07-17 09:34:35,395 [ERROR] LogOutputStream:75 - [STDERR_REDIRECT] 
2026-07-17 09:34:36,398 [ERROR] LogOutputStream:75 - [STDERR_REDIRECT] [Fatal Error] :1:1: Premature end of file.
2026-07-17 09:34:36,398 [ERROR] LogOutputStream:75 - [STDERR_REDIRECT] 
2026-07-17 09:34:37,394 [ERROR] LogOutputStream:75 - [STDERR_REDIRECT] [Fatal Error] :1:1: Premature end of file.
2026-07-17 09:34:37,394 [ERROR] LogOutputStream:75 - [STDERR_REDIRECT] 
2026-07-17 09:34:38,396 [ERROR] LogOutputStream:75 - [STDERR_REDIRECT] [Fatal Error] :1:1: Premature end of file.
2026-07-17 09:34:38,396 [ERROR] LogOutputStream:75 - [STDERR_REDIRECT] 
2026-07-17 09:34:39,399 [ERROR] LogOutputStream:75 - [STDERR_REDIRECT] [Fatal Error] :1:1: Premature end of file.
2026-07-17 09:34:39,399 [ERROR] LogOutputStream:75 - [STDERR_REDIRECT] 
2026-07-17 09:34:40,384 [ERROR] LogOutputStream:75 - [STDERR_REDIRECT] [Fatal Error] :1:1: Premature end of file.
2026-07-17 09:34:40,384 [ERROR] LogOutputStream:75 - [STDERR_REDIRECT] 
2026-07-17 09:34:41,399 [ERROR] LogOutputStream:75 - [STDERR_REDIRECT] [Fatal Error] :1:1: Premature end of file.
2026-07-17 09:34:41,399 [ERROR] LogOutputStream:75 - [STDERR_REDIRECT] 
2026-07-17 09:34:42,390 [ERROR] LogOutputStream:75 - [STDERR_REDIRECT] [Fatal Error] :1:1: Premature end of file.
2026-07-17 09:34:42,390 [ERROR] LogOutputStream:75 - [STDERR_REDIRECT] 
2026-07-17 09:34:43,404 [ERROR] LogOutputStream:75 - [STDERR_REDIRECT] [Fatal Error] :1:1: Premature end of file.
2026-07-17 09:34:43,404 [ERROR] LogOutputStream:75 - [STDERR_REDIRECT] 
2026-07-17 09:34:44,393 [ERROR] LogOutputStream:75 - [STDERR_REDIRECT] [Fatal Error] :1:1: Premature end of file.
2026-07-17 09:34:44,398 [ERROR] LogOutputStream:75 - [STDERR_REDIRECT] 
2026-07-17 09:34:45,410 [ERROR] LogOutputStream:75 - [STDERR_REDIRECT] [Fatal Error] :1:1: Premature end of file.
2026-07-17 09:34:45,410 [ERROR] LogOutputStream:75 - [STDERR_REDIRECT] 
2026-07-17 09:34:46,400 [ERROR] LogOutputStream:75 - [STDERR_REDIRECT] [Fatal Error] :1:1: Premature end of file.
2026-07-17 09:34:46,400 [ERROR] LogOutputStream:75 - [STDERR_REDIRECT] 
2026-07-17 09:34:47,400 [ERROR] LogOutputStream:75 - [STDERR_REDIRECT] [Fatal Error] :1:1: Premature end of file.
2026-07-17 09:34:47,400 [ERROR] LogOutputStream:75 - [STDERR_REDIRECT] 
2026-07-17 09:34:48,389 [ERROR] LogOutputStream:75 - [STDERR_REDIRECT] [Fatal Error] :1:1: Premature end of file.
2026-07-17 09:34:48,389 [ERROR] LogOutputStream:75 - [STDERR_REDIRECT] 
2026-07-17 09:34:49,379 [ERROR] LogOutputStream:75 - [STDERR_REDIRECT] [Fatal Error] :1:1: Premature end of file.
2026-07-17 09:34:49,379 [ERROR] LogOutputStream:75 - [STDERR_REDIRECT] 
2026-07-17 09:34:50,388 [ERROR] LogOutputStream:75 - [STDERR_REDIRECT] [Fatal Error] :1:1: Premature end of file.
2026-07-17 09:34:50,388 [ERROR] LogOutputStream:75 - [STDERR_REDIRECT] 
2026-07-17 09:34:51,386 [ERROR] LogOutputStream:75 - [STDERR_REDIRECT] [Fatal Error] :1:1: Premature end of file.
2026-07-17 09:34:51,386 [ERROR] LogOutputStream:75 - [STDERR_REDIRECT] 
2026-07-17 09:34:52,398 [ERROR] LogOutputStream:75 - [STDERR_REDIRECT] [Fatal Error] :1:1: Premature end of file.
2026-07-17 09:34:52,398 [ERROR] LogOutputStream:75 - [STDERR_REDIRECT] 
2026-07-17 09:34:53,394 [ERROR] LogOutputStream:75 - [STDERR_REDIRECT] [Fatal Error] :1:1: Premature end of file.
2026-07-17 09:34:53,394 [ERROR] LogOutputStream:75 - [STDERR_REDIRECT] 
2026-07-17 09:34:54,395 [ERROR] LogOutputStream:75 - [STDERR_REDIRECT] [Fatal Error] :1:1: Premature end of file.
2026-07-17 09:34:54,395 [ERROR] LogOutputStream:75 - [STDERR_REDIRECT] 
2026-07-17 09:34:55,388 [ERROR] LogOutputStream:75 - [STDERR_REDIRECT] [Fatal Error] :1:1: Premature end of file.
2026-07-17 09:34:55,402 [ERROR] LogOutputStream:75 - [STDERR_REDIRECT] 
2026-07-17 09:34:56,389 [ERROR] LogOutputStream:75 - [STDERR_REDIRECT] [Fatal Error] :1:1: Premature end of file.
2026-07-17 09:34:56,389 [ERROR] LogOutputStream:75 - [STDERR_REDIRECT] 
2026-07-17 09:34:57,399 [ERROR] LogOutputStream:75 - [STDERR_REDIRECT] [Fatal Error] :1:1: Premature end of file.
2026-07-17 09:34:57,399 [ERROR] LogOutputStream:75 - [STDERR_REDIRECT] 
2026-07-17 09:34:58,392 [ERROR] LogOutputStream:75 - [STDERR_REDIRECT] [Fatal Error] :1:1: Premature end of file.
2026-07-17 09:34:58,392 [ERROR] LogOutputStream:75 - [STDERR_REDIRECT] 
2026-07-17 09:34:59,395 [ERROR] LogOutputStream:75 - [STDERR_REDIRECT] [Fatal Error] :1:1: Premature end of file.
2026-07-17 09:34:59,395 [ERROR] LogOutputStream:75 - [STDERR_REDIRECT] 
2026-07-17 09:35:00,394 [ERROR] LogOutputStream:75 - [STDERR_REDIRECT] [Fatal Error] :1:1: Premature end of file.
2026-07-17 09:35:00,394 [ERROR] LogOutputStream:75 - [STDERR_REDIRECT] 
2026-07-17 09:35:01,394 [ERROR] LogOutputStream:75 - [STDERR_REDIRECT] [Fatal Error] :1:1: Premature end of file.
2026-07-17 09:35:01,394 [ERROR] LogOutputStream:75 - [STDERR_REDIRECT] 
2026-07-17 09:35:02,398 [ERROR] LogOutputStream:75 - [STDERR_REDIRECT] [Fatal Error] :1:1: Premature end of file.
2026-07-17 09:35:02,398 [ERROR] LogOutputStream:75 - [STDERR_REDIRECT] 
2026-07-17 09:35:03,396 [ERROR] LogOutputStream:75 - [STDERR_REDIRECT] [Fatal Error] :1:1: Premature end of file.
2026-07-17 09:35:03,396 [ERROR] LogOutputStream:75 - [STDERR_REDIRECT] 
2026-07-17 09:35:04,398 [ERROR] LogOutputStream:75 - [STDERR_REDIRECT] [Fatal Error] :1:1: Premature end of file.
2026-07-17 09:35:04,398 [ERROR] LogOutputStream:75 - [STDERR_REDIRECT] 
2026-07-17 09:35:05,400 [ERROR] LogOutputStream:75 - [STDERR_REDIRECT] [Fatal Error] :1:1: Premature end of file.
2026-07-17 09:35:05,400 [ERROR] LogOutputStream:75 - [STDERR_REDIRECT] 
2026-07-17 09:35:06,406 [ERROR] LogOutputStream:75 - [STDERR_REDIRECT] [Fatal Error] :1:1: Premature end of file.
2026-07-17 09:35:06,406 [ERROR] LogOutputStream:75 - [STDERR_REDIRECT] 
2026-07-17 09:35:07,389 [ERROR] LogOutputStream:75 - [STDERR_REDIRECT] [Fatal Error] :1:1: Premature end of file.
2026-07-17 09:35:07,389 [ERROR] LogOutputStream:75 - [STDERR_REDIRECT] 
2026-07-17 09:35:08,405 [ERROR] LogOutputStream:75 - [STDERR_REDIRECT] [Fatal Error] :1:1: Premature end of file.
2026-07-17 09:35:08,405 [ERROR] LogOutputStream:75 - [STDERR_REDIRECT] 
2026-07-17 09:35:09,400 [ERROR] LogOutputStream:75 - [STDERR_REDIRECT] [Fatal Error] :1:1: Premature end of file.
2026-07-17 09:35:09,400 [ERROR] LogOutputStream:75 - [STDERR_REDIRECT] 
2026-07-17 09:35:10,403 [ERROR] LogOutputStream:75 - [STDERR_REDIRECT] [Fatal Error] :1:1: Premature end of file.
2026-07-17 09:35:10,403 [ERROR] LogOutputStream:75 - [STDERR_REDIRECT] 
2026-07-17 09:35:11,404 [ERROR] LogOutputStream:75 - [STDERR_REDIRECT] [Fatal Error] :1:1: Premature end of file.
2026-07-17 09:35:11,404 [ERROR] LogOutputStream:75 - [STDERR_REDIRECT] 
2026-07-17 09:35:12,396 [ERROR] LogOutputStream:75 - [STDERR_REDIRECT] [Fatal Error] :1:1: Premature end of file.
2026-07-17 09:35:12,396 [ERROR] LogOutputStream:75 - [STDERR_REDIRECT] 
2026-07-17 09:35:13,402 [ERROR] LogOutputStream:75 - [STDERR_REDIRECT] [Fatal Error] :1:1: Premature end of file.
2026-07-17 09:35:13,406 [ERROR] LogOutputStream:75 - [STDERR_REDIRECT] 
2026-07-17 09:35:14,397 [ERROR] LogOutputStream:75 - [STDERR_REDIRECT] [Fatal Error] :1:1: Premature end of file.
2026-07-17 09:35:14,397 [ERROR] LogOutputStream:75 - [STDERR_REDIRECT] 
2026-07-17 09:35:15,395 [ERROR] LogOutputStream:75 - [STDERR_REDIRECT] [Fatal Error] :1:1: Premature end of file.
2026-07-17 09:35:15,395 [ERROR] LogOutputStream:75 - [STDERR_REDIRECT] 
2026-07-17 09:35:16,392 [ERROR] LogOutputStream:75 - [STDERR_REDIRECT] [Fatal Error] :1:1: Premature end of file.
2026-07-17 09:35:16,392 [ERROR] LogOutputStream:75 - [STDERR_REDIRECT] 
2026-07-17 09:35:17,388 [ERROR] LogOutputStream:75 - [STDERR_REDIRECT] [Fatal Error] :1:1: Premature end of file.
2026-07-17 09:35:17,388 [ERROR] LogOutputStream:75 - [STDERR_REDIRECT] 
2026-07-17 09:35:18,404 [ERROR] LogOutputStream:75 - [STDERR_REDIRECT] [Fatal Error] :1:1: Premature end of file.
2026-07-17 09:35:18,404 [ERROR] LogOutputStream:75 - [STDERR_REDIRECT] 
2026-07-17 09:35:19,374 [ERROR] LogOutputStream:75 - [STDERR_REDIRECT] [Fatal Error] :1:1: Premature end of file.
2026-07-17 09:35:19,374 [ERROR] LogOutputStream:75 - [STDERR_REDIRECT] 
2026-07-17 09:35:20,367 [ERROR] LogOutputStream:75 - [STDERR_REDIRECT] [Fatal Error] :1:1: Premature end of file.
2026-07-17 09:35:20,367 [ERROR] LogOutputStream:75 - [STDERR_REDIRECT] 
2026-07-17 09:35:21,377 [ERROR] LogOutputStream:75 - [STDERR_REDIRECT] [Fatal Error] :1:1: Premature end of file.
2026-07-17 09:35:21,378 [ERROR] LogOutputStream:75 - [STDERR_REDIRECT] 
2026-07-17 09:35:22,400 [ERROR] LogOutputStream:75 - [STDERR_REDIRECT] [Fatal Error] :1:1: Premature end of file.
2026-07-17 09:35:22,400 [ERROR] LogOutputStream:75 - [STDERR_REDIRECT] 
2026-07-17 09:35:23,389 [ERROR] LogOutputStream:75 - [STDERR_REDIRECT] [Fatal Error] :1:1: Premature end of file.
2026-07-17 09:35:23,389 [ERROR] LogOutputStream:75 - [STDERR_REDIRECT] 
2026-07-17 09:35:24,392 [ERROR] LogOutputStream:75 - [STDERR_REDIRECT] [Fatal Error] :1:1: Premature end of file.
2026-07-17 09:35:24,392 [ERROR] LogOutputStream:75 - [STDERR_REDIRECT] 
2026-07-17 09:35:25,414 [ERROR] LogOutputStream:75 - [STDERR_REDIRECT] [Fatal Error] :1:1: Premature end of file.
2026-07-17 09:35:25,414 [ERROR] LogOutputStream:75 - [STDERR_REDIRECT] 
2026-07-17 09:35:26,398 [ERROR] LogOutputStream:75 - [STDERR_REDIRECT] [Fatal Error] :1:1: Premature end of file.
2026-07-17 09:35:26,398 [ERROR] LogOutputStream:75 - [STDERR_REDIRECT] 
2026-07-17 09:35:27,391 [ERROR] LogOutputStream:75 - [STDERR_REDIRECT] [Fatal Error] :1:1: Premature end of file.
2026-07-17 09:35:27,391 [ERROR] LogOutputStream:75 - [STDERR_REDIRECT] 
2026-07-17 09:35:28,405 [ERROR] LogOutputStream:75 - [STDERR_REDIRECT] [Fatal Error] :1:1: Premature end of file.
2026-07-17 09:35:28,405 [ERROR] LogOutputStream:75 - [STDERR_REDIRECT] 
2026-07-17 09:35:29,392 [ERROR] LogOutputStream:75 - [STDERR_REDIRECT] [Fatal Error] :1:1: Premature end of file.
2026-07-17 09:35:29,392 [ERROR] LogOutputStream:75 - [STDERR_REDIRECT] 
2026-07-17 09:35:30,405 [ERROR] LogOutputStream:75 - [STDERR_REDIRECT] [Fatal Error] :1:1: Premature end of file.
2026-07-17 09:35:30,405 [ERROR] LogOutputStream:75 - [STDERR_REDIRECT] 
2026-07-17 09:35:31,395 [ERROR] LogOutputStream:75 - [STDERR_REDIRECT] [Fatal Error] :1:1: Premature end of file.
2026-07-17 09:35:31,395 [ERROR] LogOutputStream:75 - [STDERR_REDIRECT] 
2026-07-17 09:35:32,392 [ERROR] LogOutputStream:75 - [STDERR_REDIRECT] [Fatal Error] :1:1: Premature end of file.
2026-07-17 09:35:32,392 [ERROR] LogOutputStream:75 - [STDERR_REDIRECT] 
2026-07-17 09:35:33,391 [ERROR] LogOutputStream:75 - [STDERR_REDIRECT] [Fatal Error] :1:1: Premature end of file.
2026-07-17 09:35:33,403 [ERROR] LogOutputStream:75 - [STDERR_REDIRECT] 
2026-07-17 09:35:34,399 [ERROR] LogOutputStream:75 - [STDERR_REDIRECT] [Fatal Error] :1:1: Premature end of file.
2026-07-17 09:35:34,399 [ERROR] LogOutputStream:75 - [STDERR_REDIRECT] 
2026-07-17 09:35:35,390 [ERROR] LogOutputStream:75 - [STDERR_REDIRECT] [Fatal Error] :1:1: Premature end of file.
2026-07-17 09:35:35,390 [ERROR] LogOutputStream:75 - [STDERR_REDIRECT] 
2026-07-17 09:35:36,392 [ERROR] LogOutputStream:75 - [STDERR_REDIRECT] [Fatal Error] :1:1: Premature end of file.
2026-07-17 09:35:36,392 [ERROR] LogOutputStream:75 - [STDERR_REDIRECT] 
2026-07-17 09:35:37,387 [ERROR] LogOutputStream:75 - [STDERR_REDIRECT] [Fatal Error] :1:1: Premature end of file.
2026-07-17 09:35:37,387 [ERROR] LogOutputStream:75 - [STDERR_REDIRECT] 
2026-07-17 09:35:38,390 [ERROR] LogOutputStream:75 - [STDERR_REDIRECT] [Fatal Error] :1:1: Premature end of file.
2026-07-17 09:35:38,390 [ERROR] LogOutputStream:75 - [STDERR_REDIRECT] 
2026-07-17 09:35:39,399 [ERROR] LogOutputStream:75 - [STDERR_REDIRECT] [Fatal Error] :1:1: Premature end of file.
2026-07-17 09:35:39,399 [ERROR] LogOutputStream:75 - [STDERR_REDIRECT] 
2026-07-17 09:35:40,392 [ERROR] LogOutputStream:75 - [STDERR_REDIRECT] [Fatal Error] :1:1: Premature end of file.
2026-07-17 09:35:40,392 [ERROR] LogOutputStream:75 - [STDERR_REDIRECT] 
2026-07-17 09:35:41,397 [ERROR] LogOutputStream:75 - [STDERR_REDIRECT] [Fatal Error] :1:1: Premature end of file.
2026-07-17 09:35:41,397 [ERROR] LogOutputStream:75 - [STDERR_REDIRECT] 
2026-07-17 09:35:42,389 [ERROR] LogOutputStream:75 - [STDERR_REDIRECT] [Fatal Error] :1:1: Premature end of file.
2026-07-17 09:35:42,389 [ERROR] LogOutputStream:75 - [STDERR_REDIRECT] 
2026-07-17 09:35:43,391 [ERROR] LogOutputStream:75 - [STDERR_REDIRECT] [Fatal Error] :1:1: Premature end of file.
2026-07-17 09:35:43,392 [ERROR] LogOutputStream:75 - [STDERR_REDIRECT] 
2026-07-17 09:35:44,393 [ERROR] LogOutputStream:75 - [STDERR_REDIRECT] [Fatal Error] :1:1: Premature end of file.
2026-07-17 09:35:44,393 [ERROR] LogOutputStream:75 - [STDERR_REDIRECT] 
2026-07-17 09:35:45,403 [ERROR] LogOutputStream:75 - [STDERR_REDIRECT] [Fatal Error] :1:1: Premature end of file.
2026-07-17 09:35:45,403 [ERROR] LogOutputStream:75 - [STDERR_REDIRECT] 
2026-07-17 09:35:46,394 [ERROR] LogOutputStream:75 - [STDERR_REDIRECT] [Fatal Error] :1:1: Premature end of file.
2026-07-17 09:35:46,394 [ERROR] LogOutputStream:75 - [STDERR_REDIRECT] 
2026-07-17 09:35:47,401 [ERROR] LogOutputStream:75 - [STDERR_REDIRECT] [Fatal Error] :1:1: Premature end of file.
2026-07-17 09:35:47,401 [ERROR] LogOutputStream:75 - [STDERR_REDIRECT] 
2026-07-17 09:35:48,392 [ERROR] LogOutputStream:75 - [STDERR_REDIRECT] [Fatal Error] :1:1: Premature end of file.
2026-07-17 09:35:48,392 [ERROR] LogOutputStream:75 - [STDERR_REDIRECT] 
2026-07-17 09:35:49,410 [ERROR] LogOutputStream:75 - [STDERR_REDIRECT] [Fatal Error] :1:1: Premature end of file.
2026-07-17 09:35:49,410 [ERROR] LogOutputStream:75 - [STDERR_REDIRECT] 
2026-07-17 09:35:50,388 [ERROR] LogOutputStream:75 - [STDERR_REDIRECT] [Fatal Error] :1:1: Premature end of file.
2026-07-17 09:35:50,388 [ERROR] LogOutputStream:75 - [STDERR_REDIRECT] 
2026-07-17 09:35:51,379 [ERROR] LogOutputStream:75 - [STDERR_REDIRECT] [Fatal Error] :1:1: Premature end of file.
2026-07-17 09:35:51,379 [ERROR] LogOutputStream:75 - [STDERR_REDIRECT] 
2026-07-17 09:35:52,377 [ERROR] LogOutputStream:75 - [STDERR_REDIRECT] [Fatal Error] :1:1: Premature end of file.
2026-07-17 09:35:52,377 [ERROR] LogOutputStream:75 - [STDERR_REDIRECT] 
2026-07-17 09:35:53,403 [ERROR] LogOutputStream:75 - [STDERR_REDIRECT] [Fatal Error] :1:1: Premature end of file.
2026-07-17 09:35:53,403 [ERROR] LogOutputStream:75 - [STDERR_REDIRECT] 
2026-07-17 09:35:54,381 [ERROR] LogOutputStream:75 - [STDERR_REDIRECT] [Fatal Error] :1:1: Premature end of file.
2026-07-17 09:35:54,381 [ERROR] LogOutputStream:75 - [STDERR_REDIRECT] 
2026-07-17 09:35:55,387 [ERROR] LogOutputStream:75 - [STDERR_REDIRECT] [Fatal Error] :1:1: Premature end of file.
2026-07-17 09:35:55,387 [ERROR] LogOutputStream:75 - [STDERR_REDIRECT] 
2026-07-17 09:35:56,397 [ERROR] LogOutputStream:75 - [STDERR_REDIRECT] [Fatal Error] :1:1: Premature end of file.
2026-07-17 09:35:56,400 [ERROR] LogOutputStream:75 - [STDERR_REDIRECT] 
2026-07-17 09:35:57,391 [ERROR] LogOutputStream:75 - [STDERR_REDIRECT] [Fatal Error] :1:1: Premature end of file.
2026-07-17 09:35:57,391 [ERROR] LogOutputStream:75 - [STDERR_REDIRECT] 
2026-07-17 09:35:58,404 [ERROR] LogOutputStream:75 - [STDERR_REDIRECT] [Fatal Error] :1:1: Premature end of file.
2026-07-17 09:35:58,404 [ERROR] LogOutputStream:75 - [STDERR_REDIRECT] 
2026-07-17 09:35:59,394 [ERROR] LogOutputStream:75 - [STDERR_REDIRECT] [Fatal Error] :1:1: Premature end of file.
2026-07-17 09:35:59,394 [ERROR] LogOutputStream:75 - [STDERR_REDIRECT] 
2026-07-17 09:36:00,385 [ERROR] LogOutputStream:75 - [STDERR_REDIRECT] [Fatal Error] :1:1: Premature end of file.
2026-07-17 09:36:00,385 [ERROR] LogOutputStream:75 - [STDERR_REDIRECT] 
2026-07-17 09:36:01,400 [ERROR] LogOutputStream:75 - [STDERR_REDIRECT] [Fatal Error] :1:1: Premature end of file.
2026-07-17 09:36:01,400 [ERROR] LogOutputStream:75 - [STDERR_REDIRECT] 
2026-07-17 09:36:02,391 [ERROR] LogOutputStream:75 - [STDERR_REDIRECT] [Fatal Error] :1:1: Premature end of file.
2026-07-17 09:36:02,391 [ERROR] LogOutputStream:75 - [STDERR_REDIRECT] 
2026-07-17 09:36:03,397 [ERROR] LogOutputStream:75 - [STDERR_REDIRECT] [Fatal Error] :1:1: Premature end of file.
2026-07-17 09:36:03,397 [ERROR] LogOutputStream:75 - [STDERR_REDIRECT] 
2026-07-17 09:36:04,394 [ERROR] LogOutputStream:75 - [STDERR_REDIRECT] [Fatal Error] :1:1: Premature end of file.
2026-07-17 09:36:04,394 [ERROR] LogOutputStream:75 - [STDERR_REDIRECT] 
2026-07-17 09:36:05,404 [ERROR] LogOutputStream:75 - [STDERR_REDIRECT] [Fatal Error] :1:1: Premature end of file.
2026-07-17 09:36:05,404 [ERROR] LogOutputStream:75 - [STDERR_REDIRECT] 
2026-07-17 09:36:06,414 [ERROR] LogOutputStream:75 - [STDERR_REDIRECT] [Fatal Error] :1:1: Premature end of file.
2026-07-17 09:36:06,414 [ERROR] LogOutputStream:75 - [STDERR_REDIRECT] 
2026-07-17 09:36:07,411 [ERROR] LogOutputStream:75 - [STDERR_REDIRECT] [Fatal Error] :1:1: Premature end of file.
2026-07-17 09:36:07,411 [ERROR] LogOutputStream:75 - [STDERR_REDIRECT] 
2026-07-17 09:36:08,393 [ERROR] LogOutputStream:75 - [STDERR_REDIRECT] [Fatal Error] :1:1: Premature end of file.
2026-07-17 09:36:08,393 [ERROR] LogOutputStream:75 - [STDERR_REDIRECT] 
2026-07-17 09:36:09,414 [ERROR] LogOutputStream:75 - [STDERR_REDIRECT] [Fatal Error] :1:1: Premature end of file.
2026-07-17 09:36:09,414 [ERROR] LogOutputStream:75 - [STDERR_REDIRECT] 
2026-07-17 09:36:10,373 [ERROR] LogOutputStream:75 - [STDERR_REDIRECT] [Fatal Error] :1:1: Premature end of file.
2026-07-17 09:36:10,373 [ERROR] LogOutputStream:75 - [STDERR_REDIRECT] 
2026-07-17 09:36:11,395 [ERROR] LogOutputStream:75 - [STDERR_REDIRECT] [Fatal Error] :1:1: Premature end of file.
2026-07-17 09:36:11,395 [ERROR] LogOutputStream:75 - [STDERR_REDIRECT] 
2026-07-17 09:36:12,397 [ERROR] LogOutputStream:75 - [STDERR_REDIRECT] [Fatal Error] :1:1: Premature end of file.
2026-07-17 09:36:12,397 [ERROR] LogOutputStream:75 - [STDERR_REDIRECT] 
2026-07-17 09:36:13,386 [ERROR] LogOutputStream:75 - [STDERR_REDIRECT] [Fatal Error] :1:1: Premature end of file.
2026-07-17 09:36:13,386 [ERROR] LogOutputStream:75 - [STDERR_REDIRECT] 
2026-07-17 09:36:14,384 [ERROR] LogOutputStream:75 - [STDERR_REDIRECT] [Fatal Error] :1:1: Premature end of file.
2026-07-17 09:36:14,384 [ERROR] LogOutputStream:75 - [STDERR_REDIRECT] 
2026-07-17 09:36:15,389 [ERROR] LogOutputStream:75 - [STDERR_REDIRECT] [Fatal Error] :1:1: Premature end of file.
2026-07-17 09:36:15,389 [ERROR] LogOutputStream:75 - [STDERR_REDIRECT] 
2026-07-17 09:36:16,393 [ERROR] LogOutputStream:75 - [STDERR_REDIRECT] [Fatal Error] :1:1: Premature end of file.
2026-07-17 09:36:16,393 [ERROR] LogOutputStream:75 - [STDERR_REDIRECT] 
2026-07-17 09:36:17,396 [ERROR] LogOutputStream:75 - [STDERR_REDIRECT] [Fatal Error] :1:1: Premature end of file.
2026-07-17 09:36:17,396 [ERROR] LogOutputStream:75 - [STDERR_REDIRECT] 
2026-07-17 09:36:18,390 [ERROR] LogOutputStream:75 - [STDERR_REDIRECT] [Fatal Error] :1:1: Premature end of file.
2026-07-17 09:36:18,390 [ERROR] LogOutputStream:75 - [STDERR_REDIRECT] 
2026-07-17 09:36:19,397 [ERROR] LogOutputStream:75 - [STDERR_REDIRECT] [Fatal Error] :1:1: Premature end of file.
2026-07-17 09:36:19,397 [ERROR] LogOutputStream:75 - [STDERR_REDIRECT] 
2026-07-17 09:36:20,403 [ERROR] LogOutputStream:75 - [STDERR_REDIRECT] [Fatal Error] :1:1: Premature end of file.
2026-07-17 09:36:20,403 [ERROR] LogOutputStream:75 - [STDERR_REDIRECT] 
2026-07-17 09:36:21,400 [ERROR] LogOutputStream:75 - [STDERR_REDIRECT] [Fatal Error] :1:1: Premature end of file.
2026-07-17 09:36:21,400 [ERROR] LogOutputStream:75 - [STDERR_REDIRECT] 
2026-07-17 09:36:22,378 [ERROR] LogOutputStream:75 - [STDERR_REDIRECT] [Fatal Error] :1:1: Premature end of file.
2026-07-17 09:36:22,378 [ERROR] LogOutputStream:75 - [STDERR_REDIRECT] 
2026-07-17 09:36:23,405 [ERROR] LogOutputStream:75 - [STDERR_REDIRECT] [Fatal Error] :1:1: Premature end of file.
2026-07-17 09:36:23,405 [ERROR] LogOutputStream:75 - [STDERR_REDIRECT] 
2026-07-17 09:36:24,392 [ERROR] LogOutputStream:75 - [STDERR_REDIRECT] [Fatal Error] :1:1: Premature end of file.
2026-07-17 09:36:24,392 [ERROR] LogOutputStream:75 - [STDERR_REDIRECT] 
2026-07-17 09:36:25,405 [ERROR] LogOutputStream:75 - [STDERR_REDIRECT] [Fatal Error] :1:1: Premature end of file.
2026-07-17 09:36:25,405 [ERROR] LogOutputStream:75 - [STDERR_REDIRECT] 
2026-07-17 09:36:26,404 [ERROR] LogOutputStream:75 - [STDERR_REDIRECT] [Fatal Error] :1:1: Premature end of file.
2026-07-17 09:36:26,404 [ERROR] LogOutputStream:75 - [STDERR_REDIRECT] 
2026-07-17 09:36:27,391 [ERROR] LogOutputStream:75 - [STDERR_REDIRECT] [Fatal Error] :1:1: Premature end of file.
2026-07-17 09:36:27,391 [ERROR] LogOutputStream:75 - [STDERR_REDIRECT] 
2026-07-17 09:36:28,385 [ERROR] LogOutputStream:75 - [STDERR_REDIRECT] [Fatal Error] :1:1: Premature end of file.
2026-07-17 09:36:28,385 [ERROR] LogOutputStream:75 - [STDERR_REDIRECT] 
2026-07-17 09:36:29,390 [ERROR] LogOutputStream:75 - [STDERR_REDIRECT] [Fatal Error] :1:1: Premature end of file.
2026-07-17 09:36:29,390 [ERROR] LogOutputStream:75 - [STDERR_REDIRECT] 
2026-07-17 09:36:30,399 [ERROR] LogOutputStream:75 - [STDERR_REDIRECT] [Fatal Error] :1:1: Premature end of file.
2026-07-17 09:36:30,403 [ERROR] LogOutputStream:75 - [STDERR_REDIRECT] 
2026-07-17 09:36:31,391 [ERROR] LogOutputStream:75 - [STDERR_REDIRECT] [Fatal Error] :1:1: Premature end of file.
2026-07-17 09:36:31,391 [ERROR] LogOutputStream:75 - [STDERR_REDIRECT] 
2026-07-17 09:36:32,408 [ERROR] LogOutputStream:75 - [STDERR_REDIRECT] [Fatal Error] :1:1: Premature end of file.
2026-07-17 09:36:32,408 [ERROR] LogOutputStream:75 - [STDERR_REDIRECT] 
2026-07-17 09:36:33,390 [ERROR] LogOutputStream:75 - [STDERR_REDIRECT] [Fatal Error] :1:1: Premature end of file.
2026-07-17 09:36:33,390 [ERROR] LogOutputStream:75 - [STDERR_REDIRECT] 
2026-07-17 09:36:34,396 [ERROR] LogOutputStream:75 - [STDERR_REDIRECT] [Fatal Error] :1:1: Premature end of file.
2026-07-17 09:36:34,396 [ERROR] LogOutputStream:75 - [STDERR_REDIRECT] 
2026-07-17 09:36:35,388 [ERROR] LogOutputStream:75 - [STDERR_REDIRECT] [Fatal Error] :1:1: Premature end of file.
2026-07-17 09:36:35,388 [ERROR] LogOutputStream:75 - [STDERR_REDIRECT] 
2026-07-17 09:36:36,407 [ERROR] LogOutputStream:75 - [STDERR_REDIRECT] [Fatal Error] :1:1: Premature end of file.
2026-07-17 09:36:36,407 [ERROR] LogOutputStream:75 - [STDERR_REDIRECT] 
2026-07-17 09:36:37,410 [ERROR] LogOutputStream:75 - [STDERR_REDIRECT] [Fatal Error] :1:1: Premature end of file.
2026-07-17 09:36:37,415 [ERROR] LogOutputStream:75 - [STDERR_REDIRECT] 
2026-07-17 09:36:38,384 [ERROR] LogOutputStream:75 - [STDERR_REDIRECT] [Fatal Error] :1:1: Premature end of file.
2026-07-17 09:36:38,384 [ERROR] LogOutputStream:75 - [STDERR_REDIRECT] 
2026-07-17 09:36:39,397 [ERROR] LogOutputStream:75 - [STDERR_REDIRECT] [Fatal Error] :1:1: Premature end of file.
2026-07-17 09:36:39,397 [ERROR] LogOutputStream:75 - [STDERR_REDIRECT] 
2026-07-17 09:36:40,386 [ERROR] LogOutputStream:75 - [STDERR_REDIRECT] [Fatal Error] :1:1: Premature end of file.
2026-07-17 09:36:40,386 [ERROR] LogOutputStream:75 - [STDERR_REDIRECT] 
2026-07-17 09:36:41,411 [ERROR] LogOutputStream:75 - [STDERR_REDIRECT] [Fatal Error] :1:1: Premature end of file.
2026-07-17 09:36:41,412 [ERROR] LogOutputStream:75 - [STDERR_REDIRECT] 
2026-07-17 09:36:42,400 [ERROR] LogOutputStream:75 - [STDERR_REDIRECT] [Fatal Error] :1:1: Premature end of file.
2026-07-17 09:36:42,400 [ERROR] LogOutputStream:75 - [STDERR_REDIRECT] 
2026-07-17 09:36:43,387 [ERROR] LogOutputStream:75 - [STDERR_REDIRECT] [Fatal Error] :1:1: Premature end of file.
2026-07-17 09:36:43,387 [ERROR] LogOutputStream:75 - [STDERR_REDIRECT] 
2026-07-17 09:36:44,415 [ERROR] LogOutputStream:75 - [STDERR_REDIRECT] [Fatal Error] :1:1: Premature end of file.
2026-07-17 09:36:44,415 [ERROR] LogOutputStream:75 - [STDERR_REDIRECT] 
2026-07-17 09:36:45,398 [ERROR] LogOutputStream:75 - [STDERR_REDIRECT] [Fatal Error] :1:1: Premature end of file.
2026-07-17 09:36:45,398 [ERROR] LogOutputStream:75 - [STDERR_REDIRECT] 
2026-07-17 09:36:46,410 [ERROR] LogOutputStream:75 - [STDERR_REDIRECT] [Fatal Error] :1:1: Premature end of file.
2026-07-17 09:36:46,410 [ERROR] LogOutputStream:75 - [STDERR_REDIRECT] 
2026-07-17 09:36:47,387 [ERROR] LogOutputStream:75 - [STDERR_REDIRECT] [Fatal Error] :1:1: Premature end of file.
2026-07-17 09:36:47,387 [ERROR] LogOutputStream:75 - [STDERR_REDIRECT] 
2026-07-17 09:36:48,390 [ERROR] LogOutputStream:75 - [STDERR_REDIRECT] [Fatal Error] :1:1: Premature end of file.
2026-07-17 09:36:48,390 [ERROR] LogOutputStream:75 - [STDERR_REDIRECT] 
2026-07-17 09:36:49,404 [ERROR] LogOutputStream:75 - [STDERR_REDIRECT] [Fatal Error] :1:1: Premature end of file.
2026-07-17 09:36:49,404 [ERROR] LogOutputStream:75 - [STDERR_REDIRECT] 
2026-07-17 09:36:50,395 [ERROR] LogOutputStream:75 - [STDERR_REDIRECT] [Fatal Error] :1:1: Premature end of file.
2026-07-17 09:36:50,395 [ERROR] LogOutputStream:75 - [STDERR_REDIRECT] 
2026-07-17 09:36:51,395 [ERROR] LogOutputStream:75 - [STDERR_REDIRECT] [Fatal Error] :1:1: Premature end of file.
2026-07-17 09:36:51,395 [ERROR] LogOutputStream:75 - [STDERR_REDIRECT] 
2026-07-17 09:36:52,406 [ERROR] LogOutputStream:75 - [STDERR_REDIRECT] [Fatal Error] :1:1: Premature end of file.
2026-07-17 09:36:52,406 [ERROR] LogOutputStream:75 - [STDERR_REDIRECT] 
2026-07-17 09:36:53,399 [ERROR] LogOutputStream:75 - [STDERR_REDIRECT] [Fatal Error] :1:1: Premature end of file.
2026-07-17 09:36:53,399 [ERROR] LogOutputStream:75 - [STDERR_REDIRECT] 
2026-07-17 09:36:54,408 [ERROR] LogOutputStream:75 - [STDERR_REDIRECT] [Fatal Error] :1:1: Premature end of file.
2026-07-17 09:36:54,408 [ERROR] LogOutputStream:75 - [STDERR_REDIRECT] 
2026-07-17 09:36:55,397 [ERROR] LogOutputStream:75 - [STDERR_REDIRECT] [Fatal Error] :1:1: Premature end of file.
2026-07-17 09:36:55,397 [ERROR] LogOutputStream:75 - [STDERR_REDIRECT] 
2026-07-17 09:36:56,386 [ERROR] LogOutputStream:75 - [STDERR_REDIRECT] [Fatal Error] :1:1: Premature end of file.
2026-07-17 09:36:56,386 [ERROR] LogOutputStream:75 - [STDERR_REDIRECT] 
2026-07-17 09:36:57,425 [ERROR] LogOutputStream:75 - [STDERR_REDIRECT] [Fatal Error] :1:1: Premature end of file.
2026-07-17 09:36:57,425 [ERROR] LogOutputStream:75 - [STDERR_REDIRECT] 
2026-07-17 09:36:58,411 [ERROR] LogOutputStream:75 - [STDERR_REDIRECT] [Fatal Error] :1:1: Premature end of file.
2026-07-17 09:36:58,418 [ERROR] LogOutputStream:75 - [STDERR_REDIRECT] 
2026-07-17 09:36:59,391 [ERROR] LogOutputStream:75 - [STDERR_REDIRECT] [Fatal Error] :1:1: Premature end of file.
2026-07-17 09:36:59,391 [ERROR] LogOutputStream:75 - [STDERR_REDIRECT] 
2026-07-17 09:37:00,401 [ERROR] LogOutputStream:75 - [STDERR_REDIRECT] [Fatal Error] :1:1: Premature end of file.
2026-07-17 09:37:00,404 [ERROR] LogOutputStream:75 - [STDERR_REDIRECT] 
2026-07-17 09:37:01,390 [ERROR] LogOutputStream:75 - [STDERR_REDIRECT] [Fatal Error] :1:1: Premature end of file.
2026-07-17 09:37:01,390 [ERROR] LogOutputStream:75 - [STDERR_REDIRECT] 
2026-07-17 09:37:02,398 [ERROR] LogOutputStream:75 - [STDERR_REDIRECT] [Fatal Error] :1:1: Premature end of file.
2026-07-17 09:37:02,398 [ERROR] LogOutputStream:75 - [STDERR_REDIRECT] 
2026-07-17 09:37:03,391 [ERROR] LogOutputStream:75 - [STDERR_REDIRECT] [Fatal Error] :1:1: Premature end of file.
2026-07-17 09:37:03,391 [ERROR] LogOutputStream:75 - [STDERR_REDIRECT] 
2026-07-17 09:37:04,393 [ERROR] LogOutputStream:75 - [STDERR_REDIRECT] [Fatal Error] :1:1: Premature end of file.
2026-07-17 09:37:04,393 [ERROR] LogOutputStream:75 - [STDERR_REDIRECT] 
2026-07-17 09:37:05,386 [ERROR] LogOutputStream:75 - [STDERR_REDIRECT] [Fatal Error] :1:1: Premature end of file.
2026-07-17 09:37:05,386 [ERROR] LogOutputStream:75 - [STDERR_REDIRECT] 
2026-07-17 09:37:06,397 [ERROR] LogOutputStream:75 - [STDERR_REDIRECT] [Fatal Error] :1:1: Premature end of file.
2026-07-17 09:37:06,397 [ERROR] LogOutputStream:75 - [STDERR_REDIRECT] 
2026-07-17 09:37:07,398 [ERROR] LogOutputStream:75 - [STDERR_REDIRECT] [Fatal Error] :1:1: Premature end of file.
2026-07-17 09:37:07,398 [ERROR] LogOutputStream:75 - [STDERR_REDIRECT] 
2026-07-17 09:37:08,401 [ERROR] LogOutputStream:75 - [STDERR_REDIRECT] [Fatal Error] :1:1: Premature end of file.
2026-07-17 09:37:08,401 [ERROR] LogOutputStream:75 - [STDERR_REDIRECT] 
2026-07-17 09:37:09,391 [ERROR] LogOutputStream:75 - [STDERR_REDIRECT] [Fatal Error] :1:1: Premature end of file.
2026-07-17 09:37:09,391 [ERROR] LogOutputStream:75 - [STDERR_REDIRECT] 
2026-07-17 09:37:10,392 [ERROR] LogOutputStream:75 - [STDERR_REDIRECT] [Fatal Error] :1:1: Premature end of file.
2026-07-17 09:37:10,392 [ERROR] LogOutputStream:75 - [STDERR_REDIRECT] 
2026-07-17 09:37:11,389 [ERROR] LogOutputStream:75 - [STDERR_REDIRECT] [Fatal Error] :1:1: Premature end of file.
2026-07-17 09:37:11,390 [ERROR] LogOutputStream:75 - [STDERR_REDIRECT] 
2026-07-17 09:37:12,378 [ERROR] LogOutputStream:75 - [STDERR_REDIRECT] [Fatal Error] :1:1: Premature end of file.
2026-07-17 09:37:12,378 [ERROR] LogOutputStream:75 - [STDERR_REDIRECT] 
2026-07-17 09:37:13,401 [ERROR] LogOutputStream:75 - [STDERR_REDIRECT] [Fatal Error] :1:1: Premature end of file.
2026-07-17 09:37:13,401 [ERROR] LogOutputStream:75 - [STDERR_REDIRECT] 
2026-07-17 09:37:14,399 [ERROR] LogOutputStream:75 - [STDERR_REDIRECT] [Fatal Error] :1:1: Premature end of file.
2026-07-17 09:37:14,399 [ERROR] LogOutputStream:75 - [STDERR_REDIRECT] 
2026-07-17 09:37:15,382 [ERROR] LogOutputStream:75 - [STDERR_REDIRECT] [Fatal Error] :1:1: Premature end of file.
2026-07-17 09:37:15,382 [ERROR] LogOutputStream:75 - [STDERR_REDIRECT] 
2026-07-17 09:37:16,390 [ERROR] LogOutputStream:75 - [STDERR_REDIRECT] [Fatal Error] :1:1: Premature end of file.
2026-07-17 09:37:16,390 [ERROR] LogOutputStream:75 - [STDERR_REDIRECT] 
2026-07-17 09:37:17,409 [ERROR] LogOutputStream:75 - [STDERR_REDIRECT] [Fatal Error] :1:1: Premature end of file.
2026-07-17 09:37:17,409 [ERROR] LogOutputStream:75 - [STDERR_REDIRECT] 
2026-07-17 09:37:18,392 [ERROR] LogOutputStream:75 - [STDERR_REDIRECT] [Fatal Error] :1:1: Premature end of file.
2026-07-17 09:37:18,392 [ERROR] LogOutputStream:75 - [STDERR_REDIRECT] 
2026-07-17 09:37:19,388 [ERROR] LogOutputStream:75 - [STDERR_REDIRECT] [Fatal Error] :1:1: Premature end of file.
2026-07-17 09:37:19,388 [ERROR] LogOutputStream:75 - [STDERR_REDIRECT] 
2026-07-17 09:37:20,392 [ERROR] LogOutputStream:75 - [STDERR_REDIRECT] [Fatal Error] :1:1: Premature end of file.
2026-07-17 09:37:20,392 [ERROR] LogOutputStream:75 - [STDERR_REDIRECT] 
2026-07-17 09:37:21,385 [ERROR] LogOutputStream:75 - [STDERR_REDIRECT] [Fatal Error] :1:1: Premature end of file.
2026-07-17 09:37:21,385 [ERROR] LogOutputStream:75 - [STDERR_REDIRECT] 
2026-07-17 09:37:22,390 [ERROR] LogOutputStream:75 - [STDERR_REDIRECT] [Fatal Error] :1:1: Premature end of file.
2026-07-17 09:37:22,390 [ERROR] LogOutputStream:75 - [STDERR_REDIRECT] 
2026-07-17 09:37:23,393 [ERROR] LogOutputStream:75 - [STDERR_REDIRECT] [Fatal Error] :1:1: Premature end of file.
2026-07-17 09:37:23,393 [ERROR] LogOutputStream:75 - [STDERR_REDIRECT] 
2026-07-17 09:37:24,371 [ERROR] LogOutputStream:75 - [STDERR_REDIRECT] [Fatal Error] :1:1: Premature end of file.
2026-07-17 09:37:24,371 [ERROR] LogOutputStream:75 - [STDERR_REDIRECT] 
2026-07-17 09:37:25,379 [ERROR] LogOutputStream:75 - [STDERR_REDIRECT] [Fatal Error] :1:1: Premature end of file.
2026-07-17 09:37:25,379 [ERROR] LogOutputStream:75 - [STDERR_REDIRECT] 
2026-07-17 09:37:26,392 [ERROR] LogOutputStream:75 - [STDERR_REDIRECT] [Fatal Error] :1:1: Premature end of file.
2026-07-17 09:37:26,392 [ERROR] LogOutputStream:75 - [STDERR_REDIRECT] 
2026-07-17 09:37:27,387 [ERROR] LogOutputStream:75 - [STDERR_REDIRECT] [Fatal Error] :1:1: Premature end of file.
2026-07-17 09:37:27,387 [ERROR] LogOutputStream:75 - [STDERR_REDIRECT] 
2026-07-17 09:37:28,393 [ERROR] LogOutputStream:75 - [STDERR_REDIRECT] [Fatal Error] :1:1: Premature end of file.
2026-07-17 09:37:28,393 [ERROR] LogOutputStream:75 - [STDERR_REDIRECT] 
2026-07-17 09:37:29,397 [ERROR] LogOutputStream:75 - [STDERR_REDIRECT] [Fatal Error] :1:1: Premature end of file.
2026-07-17 09:37:29,397 [ERROR] LogOutputStream:75 - [STDERR_REDIRECT] 
2026-07-17 09:37:30,400 [ERROR] LogOutputStream:75 - [STDERR_REDIRECT] [Fatal Error] :1:1: Premature end of file.
2026-07-17 09:37:30,400 [ERROR] LogOutputStream:75 - [STDERR_REDIRECT] 
2026-07-17 09:37:31,380 [ERROR] LogOutputStream:75 - [STDERR_REDIRECT] [Fatal Error] :1:1: Premature end of file.
2026-07-17 09:37:31,380 [ERROR] LogOutputStream:75 - [STDERR_REDIRECT] 
2026-07-17 09:37:32,373 [ERROR] LogOutputStream:75 - [STDERR_REDIRECT] [Fatal Error] :1:1: Premature end of file.
2026-07-17 09:37:32,373 [ERROR] LogOutputStream:75 - [STDERR_REDIRECT] 
2026-07-17 09:37:33,383 [ERROR] LogOutputStream:75 - [STDERR_REDIRECT] [Fatal Error] :1:1: Premature end of file.
2026-07-17 09:37:33,384 [ERROR] LogOutputStream:75 - [STDERR_REDIRECT] 
2026-07-17 09:37:34,385 [ERROR] LogOutputStream:75 - [STDERR_REDIRECT] [Fatal Error] :1:1: Premature end of file.
2026-07-17 09:37:34,385 [ERROR] LogOutputStream:75 - [STDERR_REDIRECT] 
2026-07-17 09:37:35,382 [ERROR] LogOutputStream:75 - [STDERR_REDIRECT] [Fatal Error] :1:1: Premature end of file.
2026-07-17 09:37:35,382 [ERROR] LogOutputStream:75 - [STDERR_REDIRECT] 
2026-07-17 09:37:36,381 [ERROR] LogOutputStream:75 - [STDERR_REDIRECT] [Fatal Error] :1:1: Premature end of file.
2026-07-17 09:37:36,381 [ERROR] LogOutputStream:75 - [STDERR_REDIRECT] 
2026-07-17 09:37:37,397 [ERROR] LogOutputStream:75 - [STDERR_REDIRECT] [Fatal Error] :1:1: Premature end of file.
2026-07-17 09:37:37,397 [ERROR] LogOutputStream:75 - [STDERR_REDIRECT] 
2026-07-17 09:37:38,386 [ERROR] LogOutputStream:75 - [STDERR_REDIRECT] [Fatal Error] :1:1: Premature end of file.
2026-07-17 09:37:38,386 [ERROR] LogOutputStream:75 - [STDERR_REDIRECT] 
2026-07-17 09:37:39,379 [ERROR] LogOutputStream:75 - [STDERR_REDIRECT] [Fatal Error] :1:1: Premature end of file.
2026-07-17 09:37:39,379 [ERROR] LogOutputStream:75 - [STDERR_REDIRECT] 
2026-07-17 09:37:40,381 [ERROR] LogOutputStream:75 - [STDERR_REDIRECT] [Fatal Error] :1:1: Premature end of file.
2026-07-17 09:37:40,381 [ERROR] LogOutputStream:75 - [STDERR_REDIRECT] 
2026-07-17 09:37:41,383 [ERROR] LogOutputStream:75 - [STDERR_REDIRECT] [Fatal Error] :1:1: Premature end of file.
2026-07-17 09:37:41,384 [ERROR] LogOutputStream:75 - [STDERR_REDIRECT] 
2026-07-17 09:37:42,395 [ERROR] LogOutputStream:75 - [STDERR_REDIRECT] [Fatal Error] :1:1: Premature end of file.
2026-07-17 09:37:42,396 [ERROR] LogOutputStream:75 - [STDERR_REDIRECT] 
2026-07-17 09:37:43,383 [ERROR] LogOutputStream:75 - [STDERR_REDIRECT] [Fatal Error] :1:1: Premature end of file.
2026-07-17 09:37:43,383 [ERROR] LogOutputStream:75 - [STDERR_REDIRECT] 
2026-07-17 09:37:44,383 [ERROR] LogOutputStream:75 - [STDERR_REDIRECT] [Fatal Error] :1:1: Premature end of file.
2026-07-17 09:37:44,383 [ERROR] LogOutputStream:75 - [STDERR_REDIRECT] 
2026-07-17 09:37:45,411 [ERROR] LogOutputStream:75 - [STDERR_REDIRECT] [Fatal Error] :1:1: Premature end of file.
2026-07-17 09:37:45,411 [ERROR] LogOutputStream:75 - [STDERR_REDIRECT] 
2026-07-17 09:37:46,393 [ERROR] LogOutputStream:75 - [STDERR_REDIRECT] [Fatal Error] :1:1: Premature end of file.
2026-07-17 09:37:46,393 [ERROR] LogOutputStream:75 - [STDERR_REDIRECT] 
2026-07-17 09:37:47,398 [ERROR] LogOutputStream:75 - [STDERR_REDIRECT] [Fatal Error] :1:1: Premature end of file.
2026-07-17 09:37:47,398 [ERROR] LogOutputStream:75 - [STDERR_REDIRECT] 
2026-07-17 09:37:48,389 [ERROR] LogOutputStream:75 - [STDERR_REDIRECT] [Fatal Error] :1:1: Premature end of file.
2026-07-17 09:37:48,389 [ERROR] LogOutputStream:75 - [STDERR_REDIRECT] 
2026-07-17 09:37:49,392 [ERROR] LogOutputStream:75 - [STDERR_REDIRECT] [Fatal Error] :1:1: Premature end of file.
2026-07-17 09:37:49,392 [ERROR] LogOutputStream:75 - [STDERR_REDIRECT] 
2026-07-17 09:37:50,380 [ERROR] LogOutputStream:75 - [STDERR_REDIRECT] [Fatal Error] :1:1: Premature end of file.
2026-07-17 09:37:50,380 [ERROR] LogOutputStream:75 - [STDERR_REDIRECT] 
2026-07-17 09:37:51,380 [ERROR] LogOutputStream:75 - [STDERR_REDIRECT] [Fatal Error] :1:1: Premature end of file.
2026-07-17 09:37:51,380 [ERROR] LogOutputStream:75 - [STDERR_REDIRECT] 
2026-07-17 09:37:52,387 [ERROR] LogOutputStream:75 - [STDERR_REDIRECT] [Fatal Error] :1:1: Premature end of file.
2026-07-17 09:37:52,387 [ERROR] LogOutputStream:75 - [STDERR_REDIRECT] 
2026-07-17 09:37:53,391 [ERROR] LogOutputStream:75 - [STDERR_REDIRECT] [Fatal Error] :1:1: Premature end of file.
2026-07-17 09:37:53,391 [ERROR] LogOutputStream:75 - [STDERR_REDIRECT] 
2026-07-17 09:37:54,389 [ERROR] LogOutputStream:75 - [STDERR_REDIRECT] [Fatal Error] :1:1: Premature end of file.
2026-07-17 09:37:54,389 [ERROR] LogOutputStream:75 - [STDERR_REDIRECT] 
2026-07-17 09:37:55,395 [ERROR] LogOutputStream:75 - [STDERR_REDIRECT] [Fatal Error] :1:1: Premature end of file.
2026-07-17 09:37:55,395 [ERROR] LogOutputStream:75 - [STDERR_REDIRECT] 
2026-07-17 09:37:56,390 [ERROR] LogOutputStream:75 - [STDERR_REDIRECT] [Fatal Error] :1:1: Premature end of file.
2026-07-17 09:37:56,391 [ERROR] LogOutputStream:75 - [STDERR_REDIRECT] 
2026-07-17 09:37:57,396 [ERROR] LogOutputStream:75 - [STDERR_REDIRECT] [Fatal Error] :1:1: Premature end of file.
2026-07-17 09:37:57,397 [ERROR] LogOutputStream:75 - [STDERR_REDIRECT] 
2026-07-17 09:37:58,393 [ERROR] LogOutputStream:75 - [STDERR_REDIRECT] [Fatal Error] :1:1: Premature end of file.
2026-07-17 09:37:58,393 [ERROR] LogOutputStream:75 - [STDERR_REDIRECT] 
2026-07-17 09:37:59,382 [ERROR] LogOutputStream:75 - [STDERR_REDIRECT] [Fatal Error] :1:1: Premature end of file.
2026-07-17 09:37:59,382 [ERROR] LogOutputStream:75 - [STDERR_REDIRECT] 
2026-07-17 09:38:00,394 [ERROR] LogOutputStream:75 - [STDERR_REDIRECT] [Fatal Error] :1:1: Premature end of file.
2026-07-17 09:38:00,394 [ERROR] LogOutputStream:75 - [STDERR_REDIRECT] 
2026-07-17 09:38:01,381 [ERROR] LogOutputStream:75 - [STDERR_REDIRECT] [Fatal Error] :1:1: Premature end of file.
2026-07-17 09:38:01,381 [ERROR] LogOutputStream:75 - [STDERR_REDIRECT] 
2026-07-17 09:38:02,384 [ERROR] LogOutputStream:75 - [STDERR_REDIRECT] [Fatal Error] :1:1: Premature end of file.
2026-07-17 09:38:02,384 [ERROR] LogOutputStream:75 - [STDERR_REDIRECT] 
2026-07-17 09:38:03,390 [ERROR] LogOutputStream:75 - [STDERR_REDIRECT] [Fatal Error] :1:1: Premature end of file.
2026-07-17 09:38:03,390 [ERROR] LogOutputStream:75 - [STDERR_REDIRECT] 
2026-07-17 09:38:04,400 [ERROR] LogOutputStream:75 - [STDERR_REDIRECT] [Fatal Error] :1:1: Premature end of file.
2026-07-17 09:38:04,401 [ERROR] LogOutputStream:75 - [STDERR_REDIRECT] 
2026-07-17 09:38:05,403 [ERROR] LogOutputStream:75 - [STDERR_REDIRECT] [Fatal Error] :1:1: Premature end of file.
2026-07-17 09:38:05,403 [ERROR] LogOutputStream:75 - [STDERR_REDIRECT] 
2026-07-17 09:38:06,379 [ERROR] LogOutputStream:75 - [STDERR_REDIRECT] [Fatal Error] :1:1: Premature end of file.
2026-07-17 09:38:06,379 [ERROR] LogOutputStream:75 - [STDERR_REDIRECT] 
2026-07-17 09:38:07,378 [ERROR] LogOutputStream:75 - [STDERR_REDIRECT] [Fatal Error] :1:1: Premature end of file.
2026-07-17 09:38:07,378 [ERROR] LogOutputStream:75 - [STDERR_REDIRECT] 
2026-07-17 09:38:08,375 [ERROR] LogOutputStream:75 - [STDERR_REDIRECT] [Fatal Error] :1:1: Premature end of file.
2026-07-17 09:38:08,375 [ERROR] LogOutputStream:75 - [STDERR_REDIRECT] 
2026-07-17 09:38:09,403 [ERROR] LogOutputStream:75 - [STDERR_REDIRECT] [Fatal Error] :1:1: Premature end of file.
2026-07-17 09:38:09,403 [ERROR] LogOutputStream:75 - [STDERR_REDIRECT] 
2026-07-17 09:38:10,380 [ERROR] LogOutputStream:75 - [STDERR_REDIRECT] [Fatal Error] :1:1: Premature end of file.
2026-07-17 09:38:10,380 [ERROR] LogOutputStream:75 - [STDERR_REDIRECT] 
2026-07-17 09:38:11,381 [ERROR] LogOutputStream:75 - [STDERR_REDIRECT] [Fatal Error] :1:1: Premature end of file.
2026-07-17 09:38:11,381 [ERROR] LogOutputStream:75 - [STDERR_REDIRECT] 
2026-07-17 09:38:12,389 [ERROR] LogOutputStream:75 - [STDERR_REDIRECT] [Fatal Error] :1:1: Premature end of file.
2026-07-17 09:38:12,389 [ERROR] LogOutputStream:75 - [STDERR_REDIRECT] 
2026-07-17 09:38:13,376 [ERROR] LogOutputStream:75 - [STDERR_REDIRECT] [Fatal Error] :1:1: Premature end of file.
2026-07-17 09:38:13,376 [ERROR] LogOutputStream:75 - [STDERR_REDIRECT] 
2026-07-17 09:38:14,377 [ERROR] LogOutputStream:75 - [STDERR_REDIRECT] [Fatal Error] :1:1: Premature end of file.
2026-07-17 09:38:14,377 [ERROR] LogOutputStream:75 - [STDERR_REDIRECT] 
2026-07-17 09:38:15,392 [ERROR] LogOutputStream:75 - [STDERR_REDIRECT] [Fatal Error] :1:1: Premature end of file.
2026-07-17 09:38:15,393 [ERROR] LogOutputStream:75 - [STDERR_REDIRECT] 
2026-07-17 09:38:16,387 [ERROR] LogOutputStream:75 - [STDERR_REDIRECT] [Fatal Error] :1:1: Premature end of file.
2026-07-17 09:38:16,387 [ERROR] LogOutputStream:75 - [STDERR_REDIRECT] 
2026-07-17 09:38:17,391 [ERROR] LogOutputStream:75 - [STDERR_REDIRECT] [Fatal Error] :1:1: Premature end of file.
2026-07-17 09:38:17,391 [ERROR] LogOutputStream:75 - [STDERR_REDIRECT] 
2026-07-17 09:38:18,370 [ERROR] LogOutputStream:75 - [STDERR_REDIRECT] [Fatal Error] :1:1: Premature end of file.
2026-07-17 09:38:18,371 [ERROR] LogOutputStream:75 - [STDERR_REDIRECT] 
2026-07-17 09:38:19,379 [ERROR] LogOutputStream:75 - [STDERR_REDIRECT] [Fatal Error] :1:1: Premature end of file.
2026-07-17 09:38:19,380 [ERROR] LogOutputStream:75 - [STDERR_REDIRECT] 
2026-07-17 09:38:20,366 [ERROR] LogOutputStream:75 - [STDERR_REDIRECT] [Fatal Error] :1:1: Premature end of file.
2026-07-17 09:38:20,366 [ERROR] LogOutputStream:75 - [STDERR_REDIRECT] 
2026-07-17 09:38:21,382 [ERROR] LogOutputStream:75 - [STDERR_REDIRECT] [Fatal Error] :1:1: Premature end of file.
2026-07-17 09:38:21,383 [ERROR] LogOutputStream:75 - [STDERR_REDIRECT] 
2026-07-17 09:38:22,381 [ERROR] LogOutputStream:75 - [STDERR_REDIRECT] [Fatal Error] :1:1: Premature end of file.
2026-07-17 09:38:22,381 [ERROR] LogOutputStream:75 - [STDERR_REDIRECT] 
